0
SECTION
2
HEADER
9
$ACADVER
1
AC1015
9
$INSBASE
10
0.0
20
0.0
30
0.0
0
ENDSEC
0
SECTION
2
TABLES
0
TABLE
2
LAYER
70
4
0
LAYER
2
0
70
0
62
7
6
CONTINUOUS
0
LAYER
2
front
70
0
62
7
6
CONTINUOUS
0
LAYER
2
top
70
0
62
5
6
CONTINUOUS
0
LAYER
2
right
70
0
62
3
6
CONTINUOUS
0
ENDTAB
0
ENDSEC
0
SECTION
2
ENTITIES
0
LINE
8
front
10
21.000000
20
-3.000000
30
0.0
11
20.992389
21
-3.000000
31
0.0
0
LINE
8
front
10
20.992389
20
-3.000000
30
0.0
11
20.969615
21
-3.000000
31
0.0
0
LINE
8
front
10
20.969615
20
-3.000000
30
0.0
11
20.931851
21
-3.000000
31
0.0
0
LINE
8
front
10
20.931851
20
-3.000000
30
0.0
11
20.879385
21
-3.000000
31
0.0
0
LINE
8
front
10
20.879385
20
-3.000000
30
0.0
11
20.812615
21
-3.000000
31
0.0
0
LINE
8
front
10
20.812615
20
-3.000000
30
0.0
11
20.732051
21
-3.000000
31
0.0
0
LINE
8
front
10
20.732051
20
-3.000000
30
0.0
11
20.638304
21
-3.000000
31
0.0
0
LINE
8
front
10
20.638304
20
-3.000000
30
0.0
11
20.532089
21
-3.000000
31
0.0
0
LINE
8
front
10
20.532089
20
-3.000000
30
0.0
11
20.414213
21
-3.000000
31
0.0
0
LINE
8
front
10
20.414213
20
-3.000000
30
0.0
11
20.285575
21
-3.000000
31
0.0
0
LINE
8
front
10
20.285575
20
-3.000000
30
0.0
11
20.147153
21
-3.000000
31
0.0
0
LINE
8
front
10
20.147153
20
-3.000000
30
0.0
11
20.000000
21
-3.000000
31
0.0
0
LINE
8
front
10
20.000000
20
-3.000000
30
0.0
11
19.845236
21
-3.000000
31
0.0
0
LINE
8
front
10
19.845236
20
-3.000000
30
0.0
11
19.684040
21
-3.000000
31
0.0
0
LINE
8
front
10
19.684040
20
-3.000000
30
0.0
11
19.517638
21
-3.000000
31
0.0
0
LINE
8
front
10
19.517638
20
-3.000000
30
0.0
11
19.347296
21
-3.000000
31
0.0
0
LINE
8
front
10
19.347296
20
-3.000000
30
0.0
11
19.174311
21
-3.000000
31
0.0
0
LINE
8
front
10
19.174311
20
-3.000000
30
0.0
11
19.000000
21
-3.000000
31
0.0
0
LINE
8
front
10
19.000000
20
-3.000000
30
0.0
11
18.825688
21
-3.000000
31
0.0
0
LINE
8
front
10
18.825688
20
-3.000000
30
0.0
11
18.652703
21
-3.000000
31
0.0
0
LINE
8
front
10
18.652703
20
-3.000000
30
0.0
11
18.482362
21
-3.000000
31
0.0
0
LINE
8
front
10
18.482362
20
-3.000000
30
0.0
11
18.315959
21
-3.000000
31
0.0
0
LINE
8
front
10
18.315959
20
-3.000000
30
0.0
11
18.154763
21
-3.000000
31
0.0
0
LINE
8
front
10
18.154763
20
-3.000000
30
0.0
11
18.000000
21
-3.000000
31
0.0
0
LINE
8
front
10
18.000000
20
-3.000000
30
0.0
11
17.852847
21
-3.000000
31
0.0
0
LINE
8
front
10
17.852847
20
-3.000000
30
0.0
11
17.714424
21
-3.000000
31
0.0
0
LINE
8
front
10
17.714424
20
-3.000000
30
0.0
11
17.585786
21
-3.000000
31
0.0
0
LINE
8
front
10
17.585786
20
-3.000000
30
0.0
11
17.467911
21
-3.000000
31
0.0
0
LINE
8
front
10
17.467911
20
-3.000000
30
0.0
11
17.361696
21
-3.000000
31
0.0
0
LINE
8
front
10
17.361696
20
-3.000000
30
0.0
11
17.267949
21
-3.000000
31
0.0
0
LINE
8
front
10
17.267949
20
-3.000000
30
0.0
11
17.187384
21
-3.000000
31
0.0
0
LINE
8
front
10
17.187384
20
-3.000000
30
0.0
11
17.120614
21
-3.000000
31
0.0
0
LINE
8
front
10
17.120614
20
-3.000000
30
0.0
11
17.068148
21
-3.000000
31
0.0
0
LINE
8
front
10
17.068148
20
-3.000000
30
0.0
11
17.030384
21
-3.000000
31
0.0
0
LINE
8
front
10
17.030384
20
-3.000000
30
0.0
11
17.007610
21
-3.000000
31
0.0
0
LINE
8
front
10
17.007610
20
-3.000000
30
0.0
11
17.000000
21
-3.000000
31
0.0
0
LINE
8
front
10
17.000000
20
-3.000000
30
0.0
11
17.007610
21
-3.000000
31
0.0
0
LINE
8
front
10
17.007610
20
-3.000000
30
0.0
11
17.030384
21
-3.000000
31
0.0
0
LINE
8
front
10
17.030384
20
-3.000000
30
0.0
11
17.068148
21
-3.000000
31
0.0
0
LINE
8
front
10
17.068148
20
-3.000000
30
0.0
11
17.120614
21
-3.000000
31
0.0
0
LINE
8
front
10
17.120614
20
-3.000000
30
0.0
11
17.187384
21
-3.000000
31
0.0
0
LINE
8
front
10
17.187384
20
-3.000000
30
0.0
11
17.267949
21
-3.000000
31
0.0
0
LINE
8
front
10
17.267949
20
-3.000000
30
0.0
11
17.361696
21
-3.000000
31
0.0
0
LINE
8
front
10
17.361696
20
-3.000000
30
0.0
11
17.467911
21
-3.000000
31
0.0
0
LINE
8
front
10
17.467911
20
-3.000000
30
0.0
11
17.585786
21
-3.000000
31
0.0
0
LINE
8
front
10
17.585786
20
-3.000000
30
0.0
11
17.714424
21
-3.000000
31
0.0
0
LINE
8
front
10
17.714424
20
-3.000000
30
0.0
11
17.852847
21
-3.000000
31
0.0
0
LINE
8
front
10
17.852847
20
-3.000000
30
0.0
11
18.000000
21
-3.000000
31
0.0
0
LINE
8
front
10
18.000000
20
-3.000000
30
0.0
11
18.154763
21
-3.000000
31
0.0
0
LINE
8
front
10
18.154763
20
-3.000000
30
0.0
11
18.315959
21
-3.000000
31
0.0
0
LINE
8
front
10
18.315959
20
-3.000000
30
0.0
11
18.482362
21
-3.000000
31
0.0
0
LINE
8
front
10
18.482362
20
-3.000000
30
0.0
11
18.652703
21
-3.000000
31
0.0
0
LINE
8
front
10
18.652703
20
-3.000000
30
0.0
11
18.825688
21
-3.000000
31
0.0
0
LINE
8
front
10
18.825688
20
-3.000000
30
0.0
11
19.000000
21
-3.000000
31
0.0
0
LINE
8
front
10
19.000000
20
-3.000000
30
0.0
11
19.174311
21
-3.000000
31
0.0
0
LINE
8
front
10
19.174311
20
-3.000000
30
0.0
11
19.347296
21
-3.000000
31
0.0
0
LINE
8
front
10
19.347296
20
-3.000000
30
0.0
11
19.517638
21
-3.000000
31
0.0
0
LINE
8
front
10
19.517638
20
-3.000000
30
0.0
11
19.684040
21
-3.000000
31
0.0
0
LINE
8
front
10
19.684040
20
-3.000000
30
0.0
11
19.845236
21
-3.000000
31
0.0
0
LINE
8
front
10
19.845236
20
-3.000000
30
0.0
11
20.000000
21
-3.000000
31
0.0
0
LINE
8
front
10
20.000000
20
-3.000000
30
0.0
11
20.147153
21
-3.000000
31
0.0
0
LINE
8
front
10
20.147153
20
-3.000000
30
0.0
11
20.285575
21
-3.000000
31
0.0
0
LINE
8
front
10
20.285575
20
-3.000000
30
0.0
11
20.414213
21
-3.000000
31
0.0
0
LINE
8
front
10
20.414213
20
-3.000000
30
0.0
11
20.532089
21
-3.000000
31
0.0
0
LINE
8
front
10
20.532089
20
-3.000000
30
0.0
11
20.638304
21
-3.000000
31
0.0
0
LINE
8
front
10
20.638304
20
-3.000000
30
0.0
11
20.732051
21
-3.000000
31
0.0
0
LINE
8
front
10
20.732051
20
-3.000000
30
0.0
11
20.812615
21
-3.000000
31
0.0
0
LINE
8
front
10
20.812615
20
-3.000000
30
0.0
11
20.879385
21
-3.000000
31
0.0
0
LINE
8
front
10
20.879385
20
-3.000000
30
0.0
11
20.931851
21
-3.000000
31
0.0
0
LINE
8
front
10
20.931851
20
-3.000000
30
0.0
11
20.969615
21
-3.000000
31
0.0
0
LINE
8
front
10
20.969615
20
-3.000000
30
0.0
11
20.992389
21
-3.000000
31
0.0
0
LINE
8
front
10
20.992389
20
-3.000000
30
0.0
11
21.000000
21
-3.000000
31
0.0
0
LINE
8
top
10
21.000000
20
26.750000
30
0.0
11
20.992389
21
26.924312
31
0.0
0
LINE
8
top
10
20.992389
20
26.924312
30
0.0
11
20.969615
21
27.097296
31
0.0
0
LINE
8
top
10
20.969615
20
27.097296
30
0.0
11
20.931851
21
27.267638
31
0.0
0
LINE
8
top
10
20.931851
20
27.267638
30
0.0
11
20.879385
21
27.434040
31
0.0
0
LINE
8
top
10
20.879385
20
27.434040
30
0.0
11
20.812615
21
27.595237
31
0.0
0
LINE
8
top
10
20.812615
20
27.595237
30
0.0
11
20.732051
21
27.750000
31
0.0
0
LINE
8
top
10
20.732051
20
27.750000
30
0.0
11
20.638304
21
27.897153
31
0.0
0
LINE
8
top
10
20.638304
20
27.897153
30
0.0
11
20.532089
21
28.035575
31
0.0
0
LINE
8
top
10
20.532089
20
28.035575
30
0.0
11
20.414213
21
28.164214
31
0.0
0
LINE
8
top
10
20.414213
20
28.164214
30
0.0
11
20.285575
21
28.282089
31
0.0
0
LINE
8
top
10
20.285575
20
28.282089
30
0.0
11
20.147153
21
28.388304
31
0.0
0
LINE
8
top
10
20.147153
20
28.388304
30
0.0
11
20.000000
21
28.482051
31
0.0
0
LINE
8
top
10
20.000000
20
28.482051
30
0.0
11
19.845236
21
28.562616
31
0.0
0
LINE
8
top
10
19.845236
20
28.562616
30
0.0
11
19.684040
21
28.629385
31
0.0
0
LINE
8
top
10
19.684040
20
28.629385
30
0.0
11
19.517638
21
28.681852
31
0.0
0
LINE
8
top
10
19.517638
20
28.681852
30
0.0
11
19.347296
21
28.719616
31
0.0
0
LINE
8
top
10
19.347296
20
28.719616
30
0.0
11
19.174311
21
28.742390
31
0.0
0
LINE
8
top
10
19.174311
20
28.742390
30
0.0
11
19.000000
21
28.750000
31
0.0
0
LINE
8
top
10
19.000000
20
28.750000
30
0.0
11
18.825688
21
28.742390
31
0.0
0
LINE
8
top
10
18.825688
20
28.742390
30
0.0
11
18.652703
21
28.719616
31
0.0
0
LINE
8
top
10
18.652703
20
28.719616
30
0.0
11
18.482362
21
28.681852
31
0.0
0
LINE
8
top
10
18.482362
20
28.681852
30
0.0
11
18.315959
21
28.629385
31
0.0
0
LINE
8
top
10
18.315959
20
28.629385
30
0.0
11
18.154763
21
28.562616
31
0.0
0
LINE
8
top
10
18.154763
20
28.562616
30
0.0
11
18.000000
21
28.482051
31
0.0
0
LINE
8
top
10
18.000000
20
28.482051
30
0.0
11
17.852847
21
28.388304
31
0.0
0
LINE
8
top
10
17.852847
20
28.388304
30
0.0
11
17.714424
21
28.282089
31
0.0
0
LINE
8
top
10
17.714424
20
28.282089
30
0.0
11
17.585786
21
28.164214
31
0.0
0
LINE
8
top
10
17.585786
20
28.164214
30
0.0
11
17.467911
21
28.035575
31
0.0
0
LINE
8
top
10
17.467911
20
28.035575
30
0.0
11
17.361696
21
27.897153
31
0.0
0
LINE
8
top
10
17.361696
20
27.897153
30
0.0
11
17.267949
21
27.750000
31
0.0
0
LINE
8
top
10
17.267949
20
27.750000
30
0.0
11
17.187384
21
27.595237
31
0.0
0
LINE
8
top
10
17.187384
20
27.595237
30
0.0
11
17.120614
21
27.434040
31
0.0
0
LINE
8
top
10
17.120614
20
27.434040
30
0.0
11
17.068148
21
27.267638
31
0.0
0
LINE
8
top
10
17.068148
20
27.267638
30
0.0
11
17.030384
21
27.097296
31
0.0
0
LINE
8
top
10
17.030384
20
27.097296
30
0.0
11
17.007610
21
26.924312
31
0.0
0
LINE
8
top
10
17.007610
20
26.924312
30
0.0
11
17.000000
21
26.750000
31
0.0
0
LINE
8
top
10
17.000000
20
26.750000
30
0.0
11
17.007610
21
26.575689
31
0.0
0
LINE
8
top
10
17.007610
20
26.575689
30
0.0
11
17.030384
21
26.402704
31
0.0
0
LINE
8
top
10
17.030384
20
26.402704
30
0.0
11
17.068148
21
26.232362
31
0.0
0
LINE
8
top
10
17.068148
20
26.232362
30
0.0
11
17.120614
21
26.065960
31
0.0
0
LINE
8
top
10
17.120614
20
26.065960
30
0.0
11
17.187384
21
25.904764
31
0.0
0
LINE
8
top
10
17.187384
20
25.904764
30
0.0
11
17.267949
21
25.750000
31
0.0
0
LINE
8
top
10
17.267949
20
25.750000
30
0.0
11
17.361696
21
25.602847
31
0.0
0
LINE
8
top
10
17.361696
20
25.602847
30
0.0
11
17.467911
21
25.464425
31
0.0
0
LINE
8
top
10
17.467911
20
25.464425
30
0.0
11
17.585786
21
25.335787
31
0.0
0
LINE
8
top
10
17.585786
20
25.335787
30
0.0
11
17.714424
21
25.217911
31
0.0
0
LINE
8
top
10
17.714424
20
25.217911
30
0.0
11
17.852847
21
25.111696
31
0.0
0
LINE
8
top
10
17.852847
20
25.111696
30
0.0
11
18.000000
21
25.017949
31
0.0
0
LINE
8
top
10
18.000000
20
25.017949
30
0.0
11
18.154763
21
24.937385
31
0.0
0
LINE
8
top
10
18.154763
20
24.937385
30
0.0
11
18.315959
21
24.870615
31
0.0
0
LINE
8
top
10
18.315959
20
24.870615
30
0.0
11
18.482362
21
24.818148
31
0.0
0
LINE
8
top
10
18.482362
20
24.818148
30
0.0
11
18.652703
21
24.780385
31
0.0
0
LINE
8
top
10
18.652703
20
24.780385
30
0.0
11
18.825688
21
24.757611
31
0.0
0
LINE
8
top
10
18.825688
20
24.757611
30
0.0
11
19.000000
21
24.750000
31
0.0
0
LINE
8
top
10
19.000000
20
24.750000
30
0.0
11
19.174311
21
24.757611
31
0.0
0
LINE
8
top
10
19.174311
20
24.757611
30
0.0
11
19.347296
21
24.780385
31
0.0
0
LINE
8
top
10
19.347296
20
24.780385
30
0.0
11
19.517638
21
24.818148
31
0.0
0
LINE
8
top
10
19.517638
20
24.818148
30
0.0
11
19.684040
21
24.870615
31
0.0
0
LINE
8
top
10
19.684040
20
24.870615
30
0.0
11
19.845236
21
24.937385
31
0.0
0
LINE
8
top
10
19.845236
20
24.937385
30
0.0
11
20.000000
21
25.017949
31
0.0
0
LINE
8
top
10
20.000000
20
25.017949
30
0.0
11
20.147153
21
25.111696
31
0.0
0
LINE
8
top
10
20.147153
20
25.111696
30
0.0
11
20.285575
21
25.217911
31
0.0
0
LINE
8
top
10
20.285575
20
25.217911
30
0.0
11
20.414213
21
25.335787
31
0.0
0
LINE
8
top
10
20.414213
20
25.335787
30
0.0
11
20.532089
21
25.464425
31
0.0
0
LINE
8
top
10
20.532089
20
25.464425
30
0.0
11
20.638304
21
25.602847
31
0.0
0
LINE
8
top
10
20.638304
20
25.602847
30
0.0
11
20.732051
21
25.750000
31
0.0
0
LINE
8
top
10
20.732051
20
25.750000
30
0.0
11
20.812615
21
25.904764
31
0.0
0
LINE
8
top
10
20.812615
20
25.904764
30
0.0
11
20.879385
21
26.065960
31
0.0
0
LINE
8
top
10
20.879385
20
26.065960
30
0.0
11
20.931851
21
26.232362
31
0.0
0
LINE
8
top
10
20.931851
20
26.232362
30
0.0
11
20.969615
21
26.402704
31
0.0
0
LINE
8
top
10
20.969615
20
26.402704
30
0.0
11
20.992389
21
26.575689
31
0.0
0
LINE
8
top
10
20.992389
20
26.575689
30
0.0
11
21.000000
21
26.750000
31
0.0
0
LINE
8
right
10
70.055202
20
-3.000000
30
0.0
11
69.880890
21
-3.000000
31
0.0
0
LINE
8
right
10
69.880890
20
-3.000000
30
0.0
11
69.707905
21
-3.000000
31
0.0
0
LINE
8
right
10
69.707905
20
-3.000000
30
0.0
11
69.537564
21
-3.000000
31
0.0
0
LINE
8
right
10
69.537564
20
-3.000000
30
0.0
11
69.371161
21
-3.000000
31
0.0
0
LINE
8
right
10
69.371161
20
-3.000000
30
0.0
11
69.209965
21
-3.000000
31
0.0
0
LINE
8
right
10
69.209965
20
-3.000000
30
0.0
11
69.055202
21
-3.000000
31
0.0
0
LINE
8
right
10
69.055202
20
-3.000000
30
0.0
11
68.908049
21
-3.000000
31
0.0
0
LINE
8
right
10
68.908049
20
-3.000000
30
0.0
11
68.769627
21
-3.000000
31
0.0
0
LINE
8
right
10
68.769627
20
-3.000000
30
0.0
11
68.640988
21
-3.000000
31
0.0
0
LINE
8
right
10
68.640988
20
-3.000000
30
0.0
11
68.523113
21
-3.000000
31
0.0
0
LINE
8
right
10
68.523113
20
-3.000000
30
0.0
11
68.416898
21
-3.000000
31
0.0
0
LINE
8
right
10
68.416898
20
-3.000000
30
0.0
11
68.323151
21
-3.000000
31
0.0
0
LINE
8
right
10
68.323151
20
-3.000000
30
0.0
11
68.242586
21
-3.000000
31
0.0
0
LINE
8
right
10
68.242586
20
-3.000000
30
0.0
11
68.175817
21
-3.000000
31
0.0
0
LINE
8
right
10
68.175817
20
-3.000000
30
0.0
11
68.123350
21
-3.000000
31
0.0
0
LINE
8
right
10
68.123350
20
-3.000000
30
0.0
11
68.085586
21
-3.000000
31
0.0
0
LINE
8
right
10
68.085586
20
-3.000000
30
0.0
11
68.062812
21
-3.000000
31
0.0
0
LINE
8
right
10
68.062812
20
-3.000000
30
0.0
11
68.055202
21
-3.000000
31
0.0
0
LINE
8
right
10
68.055202
20
-3.000000
30
0.0
11
68.062812
21
-3.000000
31
0.0
0
LINE
8
right
10
68.062812
20
-3.000000
30
0.0
11
68.085586
21
-3.000000
31
0.0
0
LINE
8
right
10
68.085586
20
-3.000000
30
0.0
11
68.123350
21
-3.000000
31
0.0
0
LINE
8
right
10
68.123350
20
-3.000000
30
0.0
11
68.175817
21
-3.000000
31
0.0
0
LINE
8
right
10
68.175817
20
-3.000000
30
0.0
11
68.242586
21
-3.000000
31
0.0
0
LINE
8
right
10
68.242586
20
-3.000000
30
0.0
11
68.323151
21
-3.000000
31
0.0
0
LINE
8
right
10
68.323151
20
-3.000000
30
0.0
11
68.416898
21
-3.000000
31
0.0
0
LINE
8
right
10
68.416898
20
-3.000000
30
0.0
11
68.523113
21
-3.000000
31
0.0
0
LINE
8
right
10
68.523113
20
-3.000000
30
0.0
11
68.640988
21
-3.000000
31
0.0
0
LINE
8
right
10
68.640988
20
-3.000000
30
0.0
11
68.769627
21
-3.000000
31
0.0
0
LINE
8
right
10
68.769627
20
-3.000000
30
0.0
11
68.908049
21
-3.000000
31
0.0
0
LINE
8
right
10
68.908049
20
-3.000000
30
0.0
11
69.055202
21
-3.000000
31
0.0
0
LINE
8
right
10
69.055202
20
-3.000000
30
0.0
11
69.209965
21
-3.000000
31
0.0
0
LINE
8
right
10
69.209965
20
-3.000000
30
0.0
11
69.371161
21
-3.000000
31
0.0
0
LINE
8
right
10
69.371161
20
-3.000000
30
0.0
11
69.537564
21
-3.000000
31
0.0
0
LINE
8
right
10
69.537564
20
-3.000000
30
0.0
11
69.707905
21
-3.000000
31
0.0
0
LINE
8
right
10
69.707905
20
-3.000000
30
0.0
11
69.880890
21
-3.000000
31
0.0
0
LINE
8
right
10
69.880890
20
-3.000000
30
0.0
11
70.055202
21
-3.000000
31
0.0
0
LINE
8
right
10
70.055202
20
-3.000000
30
0.0
11
70.229513
21
-3.000000
31
0.0
0
LINE
8
right
10
70.229513
20
-3.000000
30
0.0
11
70.402498
21
-3.000000
31
0.0
0
LINE
8
right
10
70.402498
20
-3.000000
30
0.0
11
70.572840
21
-3.000000
31
0.0
0
LINE
8
right
10
70.572840
20
-3.000000
30
0.0
11
70.739242
21
-3.000000
31
0.0
0
LINE
8
right
10
70.739242
20
-3.000000
30
0.0
11
70.900438
21
-3.000000
31
0.0
0
LINE
8
right
10
70.900438
20
-3.000000
30
0.0
11
71.055202
21
-3.000000
31
0.0
0
LINE
8
right
10
71.055202
20
-3.000000
30
0.0
11
71.202355
21
-3.000000
31
0.0
0
LINE
8
right
10
71.202355
20
-3.000000
30
0.0
11
71.340777
21
-3.000000
31
0.0
0
LINE
8
right
10
71.340777
20
-3.000000
30
0.0
11
71.469415
21
-3.000000
31
0.0
0
LINE
8
right
10
71.469415
20
-3.000000
30
0.0
11
71.587291
21
-3.000000
31
0.0
0
LINE
8
right
10
71.587291
20
-3.000000
30
0.0
11
71.693506
21
-3.000000
31
0.0
0
LINE
8
right
10
71.693506
20
-3.000000
30
0.0
11
71.787253
21
-3.000000
31
0.0
0
LINE
8
right
10
71.787253
20
-3.000000
30
0.0
11
71.867817
21
-3.000000
31
0.0
0
LINE
8
right
10
71.867817
20
-3.000000
30
0.0
11
71.934587
21
-3.000000
31
0.0
0
LINE
8
right
10
71.934587
20
-3.000000
30
0.0
11
71.987053
21
-3.000000
31
0.0
0
LINE
8
right
10
71.987053
20
-3.000000
30
0.0
11
72.024817
21
-3.000000
31
0.0
0
LINE
8
right
10
72.024817
20
-3.000000
30
0.0
11
72.047591
21
-3.000000
31
0.0
0
LINE
8
right
10
72.047591
20
-3.000000
30
0.0
11
72.055202
21
-3.000000
31
0.0
0
LINE
8
right
10
72.055202
20
-3.000000
30
0.0
11
72.047591
21
-3.000000
31
0.0
0
LINE
8
right
10
72.047591
20
-3.000000
30
0.0
11
72.024817
21
-3.000000
31
0.0
0
LINE
8
right
10
72.024817
20
-3.000000
30
0.0
11
71.987053
21
-3.000000
31
0.0
0
LINE
8
right
10
71.987053
20
-3.000000
30
0.0
11
71.934587
21
-3.000000
31
0.0
0
LINE
8
right
10
71.934587
20
-3.000000
30
0.0
11
71.867817
21
-3.000000
31
0.0
0
LINE
8
right
10
71.867817
20
-3.000000
30
0.0
11
71.787253
21
-3.000000
31
0.0
0
LINE
8
right
10
71.787253
20
-3.000000
30
0.0
11
71.693506
21
-3.000000
31
0.0
0
LINE
8
right
10
71.693506
20
-3.000000
30
0.0
11
71.587291
21
-3.000000
31
0.0
0
LINE
8
right
10
71.587291
20
-3.000000
30
0.0
11
71.469415
21
-3.000000
31
0.0
0
LINE
8
right
10
71.469415
20
-3.000000
30
0.0
11
71.340777
21
-3.000000
31
0.0
0
LINE
8
right
10
71.340777
20
-3.000000
30
0.0
11
71.202355
21
-3.000000
31
0.0
0
LINE
8
right
10
71.202355
20
-3.000000
30
0.0
11
71.055202
21
-3.000000
31
0.0
0
LINE
8
right
10
71.055202
20
-3.000000
30
0.0
11
70.900438
21
-3.000000
31
0.0
0
LINE
8
right
10
70.900438
20
-3.000000
30
0.0
11
70.739242
21
-3.000000
31
0.0
0
LINE
8
right
10
70.739242
20
-3.000000
30
0.0
11
70.572840
21
-3.000000
31
0.0
0
LINE
8
right
10
70.572840
20
-3.000000
30
0.0
11
70.402498
21
-3.000000
31
0.0
0
LINE
8
right
10
70.402498
20
-3.000000
30
0.0
11
70.229513
21
-3.000000
31
0.0
0
LINE
8
right
10
70.229513
20
-3.000000
30
0.0
11
70.055202
21
-3.000000
31
0.0
0
LINE
8
front
10
17.000000
20
-3.000000
30
0.0
11
17.000000
21
0.175000
31
0.0
0
LINE
8
top
10
17.000000
20
26.750000
30
0.0
11
17.000000
21
26.750000
31
0.0
0
LINE
8
right
10
70.055202
20
-3.000000
30
0.0
11
70.055202
21
0.175000
31
0.0
0
LINE
8
front
10
21.000000
20
0.175000
30
0.0
11
20.992389
21
0.175000
31
0.0
0
LINE
8
front
10
20.992389
20
0.175000
30
0.0
11
20.969615
21
0.175000
31
0.0
0
LINE
8
front
10
20.969615
20
0.175000
30
0.0
11
20.931851
21
0.175000
31
0.0
0
LINE
8
front
10
20.931851
20
0.175000
30
0.0
11
20.879385
21
0.175000
31
0.0
0
LINE
8
front
10
20.879385
20
0.175000
30
0.0
11
20.812615
21
0.175000
31
0.0
0
LINE
8
front
10
20.812615
20
0.175000
30
0.0
11
20.732051
21
0.175000
31
0.0
0
LINE
8
front
10
20.732051
20
0.175000
30
0.0
11
20.638304
21
0.175000
31
0.0
0
LINE
8
front
10
20.638304
20
0.175000
30
0.0
11
20.532089
21
0.175000
31
0.0
0
LINE
8
front
10
20.532089
20
0.175000
30
0.0
11
20.414213
21
0.175000
31
0.0
0
LINE
8
front
10
20.414213
20
0.175000
30
0.0
11
20.285575
21
0.175000
31
0.0
0
LINE
8
front
10
20.285575
20
0.175000
30
0.0
11
20.147153
21
0.175000
31
0.0
0
LINE
8
front
10
20.147153
20
0.175000
30
0.0
11
20.000000
21
0.175000
31
0.0
0
LINE
8
front
10
20.000000
20
0.175000
30
0.0
11
19.845236
21
0.175000
31
0.0
0
LINE
8
front
10
19.845236
20
0.175000
30
0.0
11
19.684040
21
0.175000
31
0.0
0
LINE
8
front
10
19.684040
20
0.175000
30
0.0
11
19.517638
21
0.175000
31
0.0
0
LINE
8
front
10
19.517638
20
0.175000
30
0.0
11
19.347296
21
0.175000
31
0.0
0
LINE
8
front
10
19.347296
20
0.175000
30
0.0
11
19.174311
21
0.175000
31
0.0
0
LINE
8
front
10
19.174311
20
0.175000
30
0.0
11
19.000000
21
0.175000
31
0.0
0
LINE
8
front
10
19.000000
20
0.175000
30
0.0
11
18.825688
21
0.175000
31
0.0
0
LINE
8
front
10
18.825688
20
0.175000
30
0.0
11
18.652703
21
0.175000
31
0.0
0
LINE
8
front
10
18.652703
20
0.175000
30
0.0
11
18.482362
21
0.175000
31
0.0
0
LINE
8
front
10
18.482362
20
0.175000
30
0.0
11
18.315959
21
0.175000
31
0.0
0
LINE
8
front
10
18.315959
20
0.175000
30
0.0
11
18.154763
21
0.175000
31
0.0
0
LINE
8
front
10
18.154763
20
0.175000
30
0.0
11
18.000000
21
0.175000
31
0.0
0
LINE
8
front
10
18.000000
20
0.175000
30
0.0
11
17.852847
21
0.175000
31
0.0
0
LINE
8
front
10
17.852847
20
0.175000
30
0.0
11
17.714424
21
0.175000
31
0.0
0
LINE
8
front
10
17.714424
20
0.175000
30
0.0
11
17.585786
21
0.175000
31
0.0
0
LINE
8
front
10
17.585786
20
0.175000
30
0.0
11
17.467911
21
0.175000
31
0.0
0
LINE
8
front
10
17.467911
20
0.175000
30
0.0
11
17.361696
21
0.175000
31
0.0
0
LINE
8
front
10
17.361696
20
0.175000
30
0.0
11
17.267949
21
0.175000
31
0.0
0
LINE
8
front
10
17.267949
20
0.175000
30
0.0
11
17.187384
21
0.175000
31
0.0
0
LINE
8
front
10
17.187384
20
0.175000
30
0.0
11
17.120614
21
0.175000
31
0.0
0
LINE
8
front
10
17.120614
20
0.175000
30
0.0
11
17.068148
21
0.175000
31
0.0
0
LINE
8
front
10
17.068148
20
0.175000
30
0.0
11
17.030384
21
0.175000
31
0.0
0
LINE
8
front
10
17.030384
20
0.175000
30
0.0
11
17.007610
21
0.175000
31
0.0
0
LINE
8
front
10
17.007610
20
0.175000
30
0.0
11
17.000000
21
0.175000
31
0.0
0
LINE
8
front
10
17.000000
20
0.175000
30
0.0
11
17.007610
21
0.175000
31
0.0
0
LINE
8
front
10
17.007610
20
0.175000
30
0.0
11
17.030384
21
0.175000
31
0.0
0
LINE
8
front
10
17.030384
20
0.175000
30
0.0
11
17.068148
21
0.175000
31
0.0
0
LINE
8
front
10
17.068148
20
0.175000
30
0.0
11
17.120614
21
0.175000
31
0.0
0
LINE
8
front
10
17.120614
20
0.175000
30
0.0
11
17.187384
21
0.175000
31
0.0
0
LINE
8
front
10
17.187384
20
0.175000
30
0.0
11
17.267949
21
0.175000
31
0.0
0
LINE
8
front
10
17.267949
20
0.175000
30
0.0
11
17.361696
21
0.175000
31
0.0
0
LINE
8
front
10
17.361696
20
0.175000
30
0.0
11
17.467911
21
0.175000
31
0.0
0
LINE
8
front
10
17.467911
20
0.175000
30
0.0
11
17.585786
21
0.175000
31
0.0
0
LINE
8
front
10
17.585786
20
0.175000
30
0.0
11
17.714424
21
0.175000
31
0.0
0
LINE
8
front
10
17.714424
20
0.175000
30
0.0
11
17.852847
21
0.175000
31
0.0
0
LINE
8
front
10
17.852847
20
0.175000
30
0.0
11
18.000000
21
0.175000
31
0.0
0
LINE
8
front
10
18.000000
20
0.175000
30
0.0
11
18.154763
21
0.175000
31
0.0
0
LINE
8
front
10
18.154763
20
0.175000
30
0.0
11
18.315959
21
0.175000
31
0.0
0
LINE
8
front
10
18.315959
20
0.175000
30
0.0
11
18.482362
21
0.175000
31
0.0
0
LINE
8
front
10
18.482362
20
0.175000
30
0.0
11
18.652703
21
0.175000
31
0.0
0
LINE
8
front
10
18.652703
20
0.175000
30
0.0
11
18.825688
21
0.175000
31
0.0
0
LINE
8
front
10
18.825688
20
0.175000
30
0.0
11
19.000000
21
0.175000
31
0.0
0
LINE
8
front
10
19.000000
20
0.175000
30
0.0
11
19.174311
21
0.175000
31
0.0
0
LINE
8
front
10
19.174311
20
0.175000
30
0.0
11
19.347296
21
0.175000
31
0.0
0
LINE
8
front
10
19.347296
20
0.175000
30
0.0
11
19.517638
21
0.175000
31
0.0
0
LINE
8
front
10
19.517638
20
0.175000
30
0.0
11
19.684040
21
0.175000
31
0.0
0
LINE
8
front
10
19.684040
20
0.175000
30
0.0
11
19.845236
21
0.175000
31
0.0
0
LINE
8
front
10
19.845236
20
0.175000
30
0.0
11
20.000000
21
0.175000
31
0.0
0
LINE
8
front
10
20.000000
20
0.175000
30
0.0
11
20.147153
21
0.175000
31
0.0
0
LINE
8
front
10
20.147153
20
0.175000
30
0.0
11
20.285575
21
0.175000
31
0.0
0
LINE
8
front
10
20.285575
20
0.175000
30
0.0
11
20.414213
21
0.175000
31
0.0
0
LINE
8
front
10
20.414213
20
0.175000
30
0.0
11
20.532089
21
0.175000
31
0.0
0
LINE
8
front
10
20.532089
20
0.175000
30
0.0
11
20.638304
21
0.175000
31
0.0
0
LINE
8
front
10
20.638304
20
0.175000
30
0.0
11
20.732051
21
0.175000
31
0.0
0
LINE
8
front
10
20.732051
20
0.175000
30
0.0
11
20.812615
21
0.175000
31
0.0
0
LINE
8
front
10
20.812615
20
0.175000
30
0.0
11
20.879385
21
0.175000
31
0.0
0
LINE
8
front
10
20.879385
20
0.175000
30
0.0
11
20.931851
21
0.175000
31
0.0
0
LINE
8
front
10
20.931851
20
0.175000
30
0.0
11
20.969615
21
0.175000
31
0.0
0
LINE
8
front
10
20.969615
20
0.175000
30
0.0
11
20.992389
21
0.175000
31
0.0
0
LINE
8
front
10
20.992389
20
0.175000
30
0.0
11
21.000000
21
0.175000
31
0.0
0
LINE
8
top
10
21.000000
20
26.750000
30
0.0
11
20.992389
21
26.575689
31
0.0
0
LINE
8
top
10
20.992389
20
26.575689
30
0.0
11
20.969615
21
26.402704
31
0.0
0
LINE
8
top
10
20.969615
20
26.402704
30
0.0
11
20.931851
21
26.232362
31
0.0
0
LINE
8
top
10
20.931851
20
26.232362
30
0.0
11
20.879385
21
26.065960
31
0.0
0
LINE
8
top
10
20.879385
20
26.065960
30
0.0
11
20.812615
21
25.904764
31
0.0
0
LINE
8
top
10
20.812615
20
25.904764
30
0.0
11
20.732051
21
25.750000
31
0.0
0
LINE
8
top
10
20.732051
20
25.750000
30
0.0
11
20.638304
21
25.602847
31
0.0
0
LINE
8
top
10
20.638304
20
25.602847
30
0.0
11
20.532089
21
25.464425
31
0.0
0
LINE
8
top
10
20.532089
20
25.464425
30
0.0
11
20.414213
21
25.335787
31
0.0
0
LINE
8
top
10
20.414213
20
25.335787
30
0.0
11
20.285575
21
25.217911
31
0.0
0
LINE
8
top
10
20.285575
20
25.217911
30
0.0
11
20.147153
21
25.111696
31
0.0
0
LINE
8
top
10
20.147153
20
25.111696
30
0.0
11
20.000000
21
25.017949
31
0.0
0
LINE
8
top
10
20.000000
20
25.017949
30
0.0
11
19.845236
21
24.937385
31
0.0
0
LINE
8
top
10
19.845236
20
24.937385
30
0.0
11
19.684040
21
24.870615
31
0.0
0
LINE
8
top
10
19.684040
20
24.870615
30
0.0
11
19.517638
21
24.818148
31
0.0
0
LINE
8
top
10
19.517638
20
24.818148
30
0.0
11
19.347296
21
24.780385
31
0.0
0
LINE
8
top
10
19.347296
20
24.780385
30
0.0
11
19.174311
21
24.757611
31
0.0
0
LINE
8
top
10
19.174311
20
24.757611
30
0.0
11
19.000000
21
24.750000
31
0.0
0
LINE
8
top
10
19.000000
20
24.750000
30
0.0
11
18.825688
21
24.757611
31
0.0
0
LINE
8
top
10
18.825688
20
24.757611
30
0.0
11
18.652703
21
24.780385
31
0.0
0
LINE
8
top
10
18.652703
20
24.780385
30
0.0
11
18.482362
21
24.818148
31
0.0
0
LINE
8
top
10
18.482362
20
24.818148
30
0.0
11
18.315959
21
24.870615
31
0.0
0
LINE
8
top
10
18.315959
20
24.870615
30
0.0
11
18.154763
21
24.937385
31
0.0
0
LINE
8
top
10
18.154763
20
24.937385
30
0.0
11
18.000000
21
25.017949
31
0.0
0
LINE
8
top
10
18.000000
20
25.017949
30
0.0
11
17.852847
21
25.111696
31
0.0
0
LINE
8
top
10
17.852847
20
25.111696
30
0.0
11
17.714424
21
25.217911
31
0.0
0
LINE
8
top
10
17.714424
20
25.217911
30
0.0
11
17.585786
21
25.335787
31
0.0
0
LINE
8
top
10
17.585786
20
25.335787
30
0.0
11
17.467911
21
25.464425
31
0.0
0
LINE
8
top
10
17.467911
20
25.464425
30
0.0
11
17.361696
21
25.602847
31
0.0
0
LINE
8
top
10
17.361696
20
25.602847
30
0.0
11
17.267949
21
25.750000
31
0.0
0
LINE
8
top
10
17.267949
20
25.750000
30
0.0
11
17.187384
21
25.904764
31
0.0
0
LINE
8
top
10
17.187384
20
25.904764
30
0.0
11
17.120614
21
26.065960
31
0.0
0
LINE
8
top
10
17.120614
20
26.065960
30
0.0
11
17.068148
21
26.232362
31
0.0
0
LINE
8
top
10
17.068148
20
26.232362
30
0.0
11
17.030384
21
26.402704
31
0.0
0
LINE
8
top
10
17.030384
20
26.402704
30
0.0
11
17.007610
21
26.575689
31
0.0
0
LINE
8
top
10
17.007610
20
26.575689
30
0.0
11
17.000000
21
26.750000
31
0.0
0
LINE
8
top
10
17.000000
20
26.750000
30
0.0
11
17.007610
21
26.924312
31
0.0
0
LINE
8
top
10
17.007610
20
26.924312
30
0.0
11
17.030384
21
27.097296
31
0.0
0
LINE
8
top
10
17.030384
20
27.097296
30
0.0
11
17.068148
21
27.267638
31
0.0
0
LINE
8
top
10
17.068148
20
27.267638
30
0.0
11
17.120614
21
27.434040
31
0.0
0
LINE
8
top
10
17.120614
20
27.434040
30
0.0
11
17.187384
21
27.595237
31
0.0
0
LINE
8
top
10
17.187384
20
27.595237
30
0.0
11
17.267949
21
27.750000
31
0.0
0
LINE
8
top
10
17.267949
20
27.750000
30
0.0
11
17.361696
21
27.897153
31
0.0
0
LINE
8
top
10
17.361696
20
27.897153
30
0.0
11
17.467911
21
28.035575
31
0.0
0
LINE
8
top
10
17.467911
20
28.035575
30
0.0
11
17.585786
21
28.164214
31
0.0
0
LINE
8
top
10
17.585786
20
28.164214
30
0.0
11
17.714424
21
28.282089
31
0.0
0
LINE
8
top
10
17.714424
20
28.282089
30
0.0
11
17.852847
21
28.388304
31
0.0
0
LINE
8
top
10
17.852847
20
28.388304
30
0.0
11
18.000000
21
28.482051
31
0.0
0
LINE
8
top
10
18.000000
20
28.482051
30
0.0
11
18.154763
21
28.562616
31
0.0
0
LINE
8
top
10
18.154763
20
28.562616
30
0.0
11
18.315959
21
28.629385
31
0.0
0
LINE
8
top
10
18.315959
20
28.629385
30
0.0
11
18.482362
21
28.681852
31
0.0
0
LINE
8
top
10
18.482362
20
28.681852
30
0.0
11
18.652703
21
28.719616
31
0.0
0
LINE
8
top
10
18.652703
20
28.719616
30
0.0
11
18.825688
21
28.742390
31
0.0
0
LINE
8
top
10
18.825688
20
28.742390
30
0.0
11
19.000000
21
28.750000
31
0.0
0
LINE
8
top
10
19.000000
20
28.750000
30
0.0
11
19.174311
21
28.742390
31
0.0
0
LINE
8
top
10
19.174311
20
28.742390
30
0.0
11
19.347296
21
28.719616
31
0.0
0
LINE
8
top
10
19.347296
20
28.719616
30
0.0
11
19.517638
21
28.681852
31
0.0
0
LINE
8
top
10
19.517638
20
28.681852
30
0.0
11
19.684040
21
28.629385
31
0.0
0
LINE
8
top
10
19.684040
20
28.629385
30
0.0
11
19.845236
21
28.562616
31
0.0
0
LINE
8
top
10
19.845236
20
28.562616
30
0.0
11
20.000000
21
28.482051
31
0.0
0
LINE
8
top
10
20.000000
20
28.482051
30
0.0
11
20.147153
21
28.388304
31
0.0
0
LINE
8
top
10
20.147153
20
28.388304
30
0.0
11
20.285575
21
28.282089
31
0.0
0
LINE
8
top
10
20.285575
20
28.282089
30
0.0
11
20.414213
21
28.164214
31
0.0
0
LINE
8
top
10
20.414213
20
28.164214
30
0.0
11
20.532089
21
28.035575
31
0.0
0
LINE
8
top
10
20.532089
20
28.035575
30
0.0
11
20.638304
21
27.897153
31
0.0
0
LINE
8
top
10
20.638304
20
27.897153
30
0.0
11
20.732051
21
27.750000
31
0.0
0
LINE
8
top
10
20.732051
20
27.750000
30
0.0
11
20.812615
21
27.595237
31
0.0
0
LINE
8
top
10
20.812615
20
27.595237
30
0.0
11
20.879385
21
27.434040
31
0.0
0
LINE
8
top
10
20.879385
20
27.434040
30
0.0
11
20.931851
21
27.267638
31
0.0
0
LINE
8
top
10
20.931851
20
27.267638
30
0.0
11
20.969615
21
27.097296
31
0.0
0
LINE
8
top
10
20.969615
20
27.097296
30
0.0
11
20.992389
21
26.924312
31
0.0
0
LINE
8
top
10
20.992389
20
26.924312
30
0.0
11
21.000000
21
26.750000
31
0.0
0
LINE
8
right
10
70.055202
20
0.175000
30
0.0
11
70.229513
21
0.175000
31
0.0
0
LINE
8
right
10
70.229513
20
0.175000
30
0.0
11
70.402498
21
0.175000
31
0.0
0
LINE
8
right
10
70.402498
20
0.175000
30
0.0
11
70.572840
21
0.175000
31
0.0
0
LINE
8
right
10
70.572840
20
0.175000
30
0.0
11
70.739242
21
0.175000
31
0.0
0
LINE
8
right
10
70.739242
20
0.175000
30
0.0
11
70.900438
21
0.175000
31
0.0
0
LINE
8
right
10
70.900438
20
0.175000
30
0.0
11
71.055202
21
0.175000
31
0.0
0
LINE
8
right
10
71.055202
20
0.175000
30
0.0
11
71.202355
21
0.175000
31
0.0
0
LINE
8
right
10
71.202355
20
0.175000
30
0.0
11
71.340777
21
0.175000
31
0.0
0
LINE
8
right
10
71.340777
20
0.175000
30
0.0
11
71.469415
21
0.175000
31
0.0
0
LINE
8
right
10
71.469415
20
0.175000
30
0.0
11
71.587291
21
0.175000
31
0.0
0
LINE
8
right
10
71.587291
20
0.175000
30
0.0
11
71.693506
21
0.175000
31
0.0
0
LINE
8
right
10
71.693506
20
0.175000
30
0.0
11
71.787253
21
0.175000
31
0.0
0
LINE
8
right
10
71.787253
20
0.175000
30
0.0
11
71.867817
21
0.175000
31
0.0
0
LINE
8
right
10
71.867817
20
0.175000
30
0.0
11
71.934587
21
0.175000
31
0.0
0
LINE
8
right
10
71.934587
20
0.175000
30
0.0
11
71.987053
21
0.175000
31
0.0
0
LINE
8
right
10
71.987053
20
0.175000
30
0.0
11
72.024817
21
0.175000
31
0.0
0
LINE
8
right
10
72.024817
20
0.175000
30
0.0
11
72.047591
21
0.175000
31
0.0
0
LINE
8
right
10
72.047591
20
0.175000
30
0.0
11
72.055202
21
0.175000
31
0.0
0
LINE
8
right
10
72.055202
20
0.175000
30
0.0
11
72.047591
21
0.175000
31
0.0
0
LINE
8
right
10
72.047591
20
0.175000
30
0.0
11
72.024817
21
0.175000
31
0.0
0
LINE
8
right
10
72.024817
20
0.175000
30
0.0
11
71.987053
21
0.175000
31
0.0
0
LINE
8
right
10
71.987053
20
0.175000
30
0.0
11
71.934587
21
0.175000
31
0.0
0
LINE
8
right
10
71.934587
20
0.175000
30
0.0
11
71.867817
21
0.175000
31
0.0
0
LINE
8
right
10
71.867817
20
0.175000
30
0.0
11
71.787253
21
0.175000
31
0.0
0
LINE
8
right
10
71.787253
20
0.175000
30
0.0
11
71.693506
21
0.175000
31
0.0
0
LINE
8
right
10
71.693506
20
0.175000
30
0.0
11
71.587291
21
0.175000
31
0.0
0
LINE
8
right
10
71.587291
20
0.175000
30
0.0
11
71.469415
21
0.175000
31
0.0
0
LINE
8
right
10
71.469415
20
0.175000
30
0.0
11
71.340777
21
0.175000
31
0.0
0
LINE
8
right
10
71.340777
20
0.175000
30
0.0
11
71.202355
21
0.175000
31
0.0
0
LINE
8
right
10
71.202355
20
0.175000
30
0.0
11
71.055202
21
0.175000
31
0.0
0
LINE
8
right
10
71.055202
20
0.175000
30
0.0
11
70.900438
21
0.175000
31
0.0
0
LINE
8
right
10
70.900438
20
0.175000
30
0.0
11
70.739242
21
0.175000
31
0.0
0
LINE
8
right
10
70.739242
20
0.175000
30
0.0
11
70.572840
21
0.175000
31
0.0
0
LINE
8
right
10
70.572840
20
0.175000
30
0.0
11
70.402498
21
0.175000
31
0.0
0
LINE
8
right
10
70.402498
20
0.175000
30
0.0
11
70.229513
21
0.175000
31
0.0
0
LINE
8
right
10
70.229513
20
0.175000
30
0.0
11
70.055202
21
0.175000
31
0.0
0
LINE
8
right
10
70.055202
20
0.175000
30
0.0
11
69.880890
21
0.175000
31
0.0
0
LINE
8
right
10
69.880890
20
0.175000
30
0.0
11
69.707905
21
0.175000
31
0.0
0
LINE
8
right
10
69.707905
20
0.175000
30
0.0
11
69.537564
21
0.175000
31
0.0
0
LINE
8
right
10
69.537564
20
0.175000
30
0.0
11
69.371161
21
0.175000
31
0.0
0
LINE
8
right
10
69.371161
20
0.175000
30
0.0
11
69.209965
21
0.175000
31
0.0
0
LINE
8
right
10
69.209965
20
0.175000
30
0.0
11
69.055202
21
0.175000
31
0.0
0
LINE
8
right
10
69.055202
20
0.175000
30
0.0
11
68.908049
21
0.175000
31
0.0
0
LINE
8
right
10
68.908049
20
0.175000
30
0.0
11
68.769627
21
0.175000
31
0.0
0
LINE
8
right
10
68.769627
20
0.175000
30
0.0
11
68.640988
21
0.175000
31
0.0
0
LINE
8
right
10
68.640988
20
0.175000
30
0.0
11
68.523113
21
0.175000
31
0.0
0
LINE
8
right
10
68.523113
20
0.175000
30
0.0
11
68.416898
21
0.175000
31
0.0
0
LINE
8
right
10
68.416898
20
0.175000
30
0.0
11
68.323151
21
0.175000
31
0.0
0
LINE
8
right
10
68.323151
20
0.175000
30
0.0
11
68.242586
21
0.175000
31
0.0
0
LINE
8
right
10
68.242586
20
0.175000
30
0.0
11
68.175817
21
0.175000
31
0.0
0
LINE
8
right
10
68.175817
20
0.175000
30
0.0
11
68.123350
21
0.175000
31
0.0
0
LINE
8
right
10
68.123350
20
0.175000
30
0.0
11
68.085586
21
0.175000
31
0.0
0
LINE
8
right
10
68.085586
20
0.175000
30
0.0
11
68.062812
21
0.175000
31
0.0
0
LINE
8
right
10
68.062812
20
0.175000
30
0.0
11
68.055202
21
0.175000
31
0.0
0
LINE
8
right
10
68.055202
20
0.175000
30
0.0
11
68.062812
21
0.175000
31
0.0
0
LINE
8
right
10
68.062812
20
0.175000
30
0.0
11
68.085586
21
0.175000
31
0.0
0
LINE
8
right
10
68.085586
20
0.175000
30
0.0
11
68.123350
21
0.175000
31
0.0
0
LINE
8
right
10
68.123350
20
0.175000
30
0.0
11
68.175817
21
0.175000
31
0.0
0
LINE
8
right
10
68.175817
20
0.175000
30
0.0
11
68.242586
21
0.175000
31
0.0
0
LINE
8
right
10
68.242586
20
0.175000
30
0.0
11
68.323151
21
0.175000
31
0.0
0
LINE
8
right
10
68.323151
20
0.175000
30
0.0
11
68.416898
21
0.175000
31
0.0
0
LINE
8
right
10
68.416898
20
0.175000
30
0.0
11
68.523113
21
0.175000
31
0.0
0
LINE
8
right
10
68.523113
20
0.175000
30
0.0
11
68.640988
21
0.175000
31
0.0
0
LINE
8
right
10
68.640988
20
0.175000
30
0.0
11
68.769627
21
0.175000
31
0.0
0
LINE
8
right
10
68.769627
20
0.175000
30
0.0
11
68.908049
21
0.175000
31
0.0
0
LINE
8
right
10
68.908049
20
0.175000
30
0.0
11
69.055202
21
0.175000
31
0.0
0
LINE
8
right
10
69.055202
20
0.175000
30
0.0
11
69.209965
21
0.175000
31
0.0
0
LINE
8
right
10
69.209965
20
0.175000
30
0.0
11
69.371161
21
0.175000
31
0.0
0
LINE
8
right
10
69.371161
20
0.175000
30
0.0
11
69.537564
21
0.175000
31
0.0
0
LINE
8
right
10
69.537564
20
0.175000
30
0.0
11
69.707905
21
0.175000
31
0.0
0
LINE
8
right
10
69.707905
20
0.175000
30
0.0
11
69.880890
21
0.175000
31
0.0
0
LINE
8
right
10
69.880890
20
0.175000
30
0.0
11
70.055202
21
0.175000
31
0.0
0
LINE
8
front
10
8.000000
20
-3.000000
30
0.0
11
7.992389
21
-3.000000
31
0.0
0
LINE
8
front
10
7.992389
20
-3.000000
30
0.0
11
7.969615
21
-3.000000
31
0.0
0
LINE
8
front
10
7.969615
20
-3.000000
30
0.0
11
7.931851
21
-3.000000
31
0.0
0
LINE
8
front
10
7.931851
20
-3.000000
30
0.0
11
7.879385
21
-3.000000
31
0.0
0
LINE
8
front
10
7.879385
20
-3.000000
30
0.0
11
7.812615
21
-3.000000
31
0.0
0
LINE
8
front
10
7.812615
20
-3.000000
30
0.0
11
7.732051
21
-3.000000
31
0.0
0
LINE
8
front
10
7.732051
20
-3.000000
30
0.0
11
7.638304
21
-3.000000
31
0.0
0
LINE
8
front
10
7.638304
20
-3.000000
30
0.0
11
7.532089
21
-3.000000
31
0.0
0
LINE
8
front
10
7.532089
20
-3.000000
30
0.0
11
7.414213
21
-3.000000
31
0.0
0
LINE
8
front
10
7.414213
20
-3.000000
30
0.0
11
7.285575
21
-3.000000
31
0.0
0
LINE
8
front
10
7.285575
20
-3.000000
30
0.0
11
7.147153
21
-3.000000
31
0.0
0
LINE
8
front
10
7.147153
20
-3.000000
30
0.0
11
7.000000
21
-3.000000
31
0.0
0
LINE
8
front
10
7.000000
20
-3.000000
30
0.0
11
6.845236
21
-3.000000
31
0.0
0
LINE
8
front
10
6.845236
20
-3.000000
30
0.0
11
6.684040
21
-3.000000
31
0.0
0
LINE
8
front
10
6.684040
20
-3.000000
30
0.0
11
6.517638
21
-3.000000
31
0.0
0
LINE
8
front
10
6.517638
20
-3.000000
30
0.0
11
6.347296
21
-3.000000
31
0.0
0
LINE
8
front
10
6.347296
20
-3.000000
30
0.0
11
6.174311
21
-3.000000
31
0.0
0
LINE
8
front
10
6.174311
20
-3.000000
30
0.0
11
6.000000
21
-3.000000
31
0.0
0
LINE
8
front
10
6.000000
20
-3.000000
30
0.0
11
5.825688
21
-3.000000
31
0.0
0
LINE
8
front
10
5.825688
20
-3.000000
30
0.0
11
5.652703
21
-3.000000
31
0.0
0
LINE
8
front
10
5.652703
20
-3.000000
30
0.0
11
5.482362
21
-3.000000
31
0.0
0
LINE
8
front
10
5.482362
20
-3.000000
30
0.0
11
5.315959
21
-3.000000
31
0.0
0
LINE
8
front
10
5.315959
20
-3.000000
30
0.0
11
5.154763
21
-3.000000
31
0.0
0
LINE
8
front
10
5.154763
20
-3.000000
30
0.0
11
5.000000
21
-3.000000
31
0.0
0
LINE
8
front
10
5.000000
20
-3.000000
30
0.0
11
4.852847
21
-3.000000
31
0.0
0
LINE
8
front
10
4.852847
20
-3.000000
30
0.0
11
4.714424
21
-3.000000
31
0.0
0
LINE
8
front
10
4.714424
20
-3.000000
30
0.0
11
4.585786
21
-3.000000
31
0.0
0
LINE
8
front
10
4.585786
20
-3.000000
30
0.0
11
4.467911
21
-3.000000
31
0.0
0
LINE
8
front
10
4.467911
20
-3.000000
30
0.0
11
4.361696
21
-3.000000
31
0.0
0
LINE
8
front
10
4.361696
20
-3.000000
30
0.0
11
4.267949
21
-3.000000
31
0.0
0
LINE
8
front
10
4.267949
20
-3.000000
30
0.0
11
4.187384
21
-3.000000
31
0.0
0
LINE
8
front
10
4.187384
20
-3.000000
30
0.0
11
4.120614
21
-3.000000
31
0.0
0
LINE
8
front
10
4.120614
20
-3.000000
30
0.0
11
4.068148
21
-3.000000
31
0.0
0
LINE
8
front
10
4.068148
20
-3.000000
30
0.0
11
4.030384
21
-3.000000
31
0.0
0
LINE
8
front
10
4.030384
20
-3.000000
30
0.0
11
4.007610
21
-3.000000
31
0.0
0
LINE
8
front
10
4.007610
20
-3.000000
30
0.0
11
4.000000
21
-3.000000
31
0.0
0
LINE
8
front
10
4.000000
20
-3.000000
30
0.0
11
4.007610
21
-3.000000
31
0.0
0
LINE
8
front
10
4.007610
20
-3.000000
30
0.0
11
4.030384
21
-3.000000
31
0.0
0
LINE
8
front
10
4.030384
20
-3.000000
30
0.0
11
4.068148
21
-3.000000
31
0.0
0
LINE
8
front
10
4.068148
20
-3.000000
30
0.0
11
4.120614
21
-3.000000
31
0.0
0
LINE
8
front
10
4.120614
20
-3.000000
30
0.0
11
4.187384
21
-3.000000
31
0.0
0
LINE
8
front
10
4.187384
20
-3.000000
30
0.0
11
4.267949
21
-3.000000
31
0.0
0
LINE
8
front
10
4.267949
20
-3.000000
30
0.0
11
4.361696
21
-3.000000
31
0.0
0
LINE
8
front
10
4.361696
20
-3.000000
30
0.0
11
4.467911
21
-3.000000
31
0.0
0
LINE
8
front
10
4.467911
20
-3.000000
30
0.0
11
4.585786
21
-3.000000
31
0.0
0
LINE
8
front
10
4.585786
20
-3.000000
30
0.0
11
4.714424
21
-3.000000
31
0.0
0
LINE
8
front
10
4.714424
20
-3.000000
30
0.0
11
4.852847
21
-3.000000
31
0.0
0
LINE
8
front
10
4.852847
20
-3.000000
30
0.0
11
5.000000
21
-3.000000
31
0.0
0
LINE
8
front
10
5.000000
20
-3.000000
30
0.0
11
5.154763
21
-3.000000
31
0.0
0
LINE
8
front
10
5.154763
20
-3.000000
30
0.0
11
5.315959
21
-3.000000
31
0.0
0
LINE
8
front
10
5.315959
20
-3.000000
30
0.0
11
5.482362
21
-3.000000
31
0.0
0
LINE
8
front
10
5.482362
20
-3.000000
30
0.0
11
5.652703
21
-3.000000
31
0.0
0
LINE
8
front
10
5.652703
20
-3.000000
30
0.0
11
5.825688
21
-3.000000
31
0.0
0
LINE
8
front
10
5.825688
20
-3.000000
30
0.0
11
6.000000
21
-3.000000
31
0.0
0
LINE
8
front
10
6.000000
20
-3.000000
30
0.0
11
6.174311
21
-3.000000
31
0.0
0
LINE
8
front
10
6.174311
20
-3.000000
30
0.0
11
6.347296
21
-3.000000
31
0.0
0
LINE
8
front
10
6.347296
20
-3.000000
30
0.0
11
6.517638
21
-3.000000
31
0.0
0
LINE
8
front
10
6.517638
20
-3.000000
30
0.0
11
6.684040
21
-3.000000
31
0.0
0
LINE
8
front
10
6.684040
20
-3.000000
30
0.0
11
6.845236
21
-3.000000
31
0.0
0
LINE
8
front
10
6.845236
20
-3.000000
30
0.0
11
7.000000
21
-3.000000
31
0.0
0
LINE
8
front
10
7.000000
20
-3.000000
30
0.0
11
7.147153
21
-3.000000
31
0.0
0
LINE
8
front
10
7.147153
20
-3.000000
30
0.0
11
7.285575
21
-3.000000
31
0.0
0
LINE
8
front
10
7.285575
20
-3.000000
30
0.0
11
7.414213
21
-3.000000
31
0.0
0
LINE
8
front
10
7.414213
20
-3.000000
30
0.0
11
7.532089
21
-3.000000
31
0.0
0
LINE
8
front
10
7.532089
20
-3.000000
30
0.0
11
7.638304
21
-3.000000
31
0.0
0
LINE
8
front
10
7.638304
20
-3.000000
30
0.0
11
7.732051
21
-3.000000
31
0.0
0
LINE
8
front
10
7.732051
20
-3.000000
30
0.0
11
7.812615
21
-3.000000
31
0.0
0
LINE
8
front
10
7.812615
20
-3.000000
30
0.0
11
7.879385
21
-3.000000
31
0.0
0
LINE
8
front
10
7.879385
20
-3.000000
30
0.0
11
7.931851
21
-3.000000
31
0.0
0
LINE
8
front
10
7.931851
20
-3.000000
30
0.0
11
7.969615
21
-3.000000
31
0.0
0
LINE
8
front
10
7.969615
20
-3.000000
30
0.0
11
7.992389
21
-3.000000
31
0.0
0
LINE
8
front
10
7.992389
20
-3.000000
30
0.0
11
8.000000
21
-3.000000
31
0.0
0
LINE
8
top
10
8.000000
20
-20.250000
30
0.0
11
7.992389
21
-20.075688
31
0.0
0
LINE
8
top
10
7.992389
20
-20.075688
30
0.0
11
7.969615
21
-19.902704
31
0.0
0
LINE
8
top
10
7.969615
20
-19.902704
30
0.0
11
7.931851
21
-19.732362
31
0.0
0
LINE
8
top
10
7.931851
20
-19.732362
30
0.0
11
7.879385
21
-19.565960
31
0.0
0
LINE
8
top
10
7.879385
20
-19.565960
30
0.0
11
7.812615
21
-19.404763
31
0.0
0
LINE
8
top
10
7.812615
20
-19.404763
30
0.0
11
7.732051
21
-19.250000
31
0.0
0
LINE
8
top
10
7.732051
20
-19.250000
30
0.0
11
7.638304
21
-19.102847
31
0.0
0
LINE
8
top
10
7.638304
20
-19.102847
30
0.0
11
7.532089
21
-18.964425
31
0.0
0
LINE
8
top
10
7.532089
20
-18.964425
30
0.0
11
7.414213
21
-18.835786
31
0.0
0
LINE
8
top
10
7.414213
20
-18.835786
30
0.0
11
7.285575
21
-18.717911
31
0.0
0
LINE
8
top
10
7.285575
20
-18.717911
30
0.0
11
7.147153
21
-18.611696
31
0.0
0
LINE
8
top
10
7.147153
20
-18.611696
30
0.0
11
7.000000
21
-18.517949
31
0.0
0
LINE
8
top
10
7.000000
20
-18.517949
30
0.0
11
6.845236
21
-18.437384
31
0.0
0
LINE
8
top
10
6.845236
20
-18.437384
30
0.0
11
6.684040
21
-18.370615
31
0.0
0
LINE
8
top
10
6.684040
20
-18.370615
30
0.0
11
6.517638
21
-18.318148
31
0.0
0
LINE
8
top
10
6.517638
20
-18.318148
30
0.0
11
6.347296
21
-18.280384
31
0.0
0
LINE
8
top
10
6.347296
20
-18.280384
30
0.0
11
6.174311
21
-18.257610
31
0.0
0
LINE
8
top
10
6.174311
20
-18.257610
30
0.0
11
6.000000
21
-18.250000
31
0.0
0
LINE
8
top
10
6.000000
20
-18.250000
30
0.0
11
5.825688
21
-18.257610
31
0.0
0
LINE
8
top
10
5.825688
20
-18.257610
30
0.0
11
5.652703
21
-18.280384
31
0.0
0
LINE
8
top
10
5.652703
20
-18.280384
30
0.0
11
5.482362
21
-18.318148
31
0.0
0
LINE
8
top
10
5.482362
20
-18.318148
30
0.0
11
5.315959
21
-18.370615
31
0.0
0
LINE
8
top
10
5.315959
20
-18.370615
30
0.0
11
5.154763
21
-18.437384
31
0.0
0
LINE
8
top
10
5.154763
20
-18.437384
30
0.0
11
5.000000
21
-18.517949
31
0.0
0
LINE
8
top
10
5.000000
20
-18.517949
30
0.0
11
4.852847
21
-18.611696
31
0.0
0
LINE
8
top
10
4.852847
20
-18.611696
30
0.0
11
4.714424
21
-18.717911
31
0.0
0
LINE
8
top
10
4.714424
20
-18.717911
30
0.0
11
4.585786
21
-18.835786
31
0.0
0
LINE
8
top
10
4.585786
20
-18.835786
30
0.0
11
4.467911
21
-18.964425
31
0.0
0
LINE
8
top
10
4.467911
20
-18.964425
30
0.0
11
4.361696
21
-19.102847
31
0.0
0
LINE
8
top
10
4.361696
20
-19.102847
30
0.0
11
4.267949
21
-19.250000
31
0.0
0
LINE
8
top
10
4.267949
20
-19.250000
30
0.0
11
4.187384
21
-19.404763
31
0.0
0
LINE
8
top
10
4.187384
20
-19.404763
30
0.0
11
4.120614
21
-19.565960
31
0.0
0
LINE
8
top
10
4.120614
20
-19.565960
30
0.0
11
4.068148
21
-19.732362
31
0.0
0
LINE
8
top
10
4.068148
20
-19.732362
30
0.0
11
4.030384
21
-19.902704
31
0.0
0
LINE
8
top
10
4.030384
20
-19.902704
30
0.0
11
4.007610
21
-20.075688
31
0.0
0
LINE
8
top
10
4.007610
20
-20.075688
30
0.0
11
4.000000
21
-20.250000
31
0.0
0
LINE
8
top
10
4.000000
20
-20.250000
30
0.0
11
4.007610
21
-20.424311
31
0.0
0
LINE
8
top
10
4.007610
20
-20.424311
30
0.0
11
4.030384
21
-20.597296
31
0.0
0
LINE
8
top
10
4.030384
20
-20.597296
30
0.0
11
4.068148
21
-20.767638
31
0.0
0
LINE
8
top
10
4.068148
20
-20.767638
30
0.0
11
4.120614
21
-20.934040
31
0.0
0
LINE
8
top
10
4.120614
20
-20.934040
30
0.0
11
4.187384
21
-21.095236
31
0.0
0
LINE
8
top
10
4.187384
20
-21.095236
30
0.0
11
4.267949
21
-21.250000
31
0.0
0
LINE
8
top
10
4.267949
20
-21.250000
30
0.0
11
4.361696
21
-21.397153
31
0.0
0
LINE
8
top
10
4.361696
20
-21.397153
30
0.0
11
4.467911
21
-21.535575
31
0.0
0
LINE
8
top
10
4.467911
20
-21.535575
30
0.0
11
4.585786
21
-21.664213
31
0.0
0
LINE
8
top
10
4.585786
20
-21.664213
30
0.0
11
4.714424
21
-21.782089
31
0.0
0
LINE
8
top
10
4.714424
20
-21.782089
30
0.0
11
4.852847
21
-21.888304
31
0.0
0
LINE
8
top
10
4.852847
20
-21.888304
30
0.0
11
5.000000
21
-21.982051
31
0.0
0
LINE
8
top
10
5.000000
20
-21.982051
30
0.0
11
5.154763
21
-22.062615
31
0.0
0
LINE
8
top
10
5.154763
20
-22.062615
30
0.0
11
5.315959
21
-22.129385
31
0.0
0
LINE
8
top
10
5.315959
20
-22.129385
30
0.0
11
5.482362
21
-22.181852
31
0.0
0
LINE
8
top
10
5.482362
20
-22.181852
30
0.0
11
5.652703
21
-22.219615
31
0.0
0
LINE
8
top
10
5.652703
20
-22.219615
30
0.0
11
5.825688
21
-22.242389
31
0.0
0
LINE
8
top
10
5.825688
20
-22.242389
30
0.0
11
6.000000
21
-22.250000
31
0.0
0
LINE
8
top
10
6.000000
20
-22.250000
30
0.0
11
6.174311
21
-22.242389
31
0.0
0
LINE
8
top
10
6.174311
20
-22.242389
30
0.0
11
6.347296
21
-22.219615
31
0.0
0
LINE
8
top
10
6.347296
20
-22.219615
30
0.0
11
6.517638
21
-22.181852
31
0.0
0
LINE
8
top
10
6.517638
20
-22.181852
30
0.0
11
6.684040
21
-22.129385
31
0.0
0
LINE
8
top
10
6.684040
20
-22.129385
30
0.0
11
6.845236
21
-22.062615
31
0.0
0
LINE
8
top
10
6.845236
20
-22.062615
30
0.0
11
7.000000
21
-21.982051
31
0.0
0
LINE
8
top
10
7.000000
20
-21.982051
30
0.0
11
7.147153
21
-21.888304
31
0.0
0
LINE
8
top
10
7.147153
20
-21.888304
30
0.0
11
7.285575
21
-21.782089
31
0.0
0
LINE
8
top
10
7.285575
20
-21.782089
30
0.0
11
7.414213
21
-21.664213
31
0.0
0
LINE
8
top
10
7.414213
20
-21.664213
30
0.0
11
7.532089
21
-21.535575
31
0.0
0
LINE
8
top
10
7.532089
20
-21.535575
30
0.0
11
7.638304
21
-21.397153
31
0.0
0
LINE
8
top
10
7.638304
20
-21.397153
30
0.0
11
7.732051
21
-21.250000
31
0.0
0
LINE
8
top
10
7.732051
20
-21.250000
30
0.0
11
7.812615
21
-21.095236
31
0.0
0
LINE
8
top
10
7.812615
20
-21.095236
30
0.0
11
7.879385
21
-20.934040
31
0.0
0
LINE
8
top
10
7.879385
20
-20.934040
30
0.0
11
7.931851
21
-20.767638
31
0.0
0
LINE
8
top
10
7.931851
20
-20.767638
30
0.0
11
7.969615
21
-20.597296
31
0.0
0
LINE
8
top
10
7.969615
20
-20.597296
30
0.0
11
7.992389
21
-20.424311
31
0.0
0
LINE
8
top
10
7.992389
20
-20.424311
30
0.0
11
8.000000
21
-20.250000
31
0.0
0
LINE
8
right
10
117.055202
20
-3.000000
30
0.0
11
116.880890
21
-3.000000
31
0.0
0
LINE
8
right
10
116.880890
20
-3.000000
30
0.0
11
116.707905
21
-3.000000
31
0.0
0
LINE
8
right
10
116.707905
20
-3.000000
30
0.0
11
116.537564
21
-3.000000
31
0.0
0
LINE
8
right
10
116.537564
20
-3.000000
30
0.0
11
116.371161
21
-3.000000
31
0.0
0
LINE
8
right
10
116.371161
20
-3.000000
30
0.0
11
116.209965
21
-3.000000
31
0.0
0
LINE
8
right
10
116.209965
20
-3.000000
30
0.0
11
116.055202
21
-3.000000
31
0.0
0
LINE
8
right
10
116.055202
20
-3.000000
30
0.0
11
115.908049
21
-3.000000
31
0.0
0
LINE
8
right
10
115.908049
20
-3.000000
30
0.0
11
115.769627
21
-3.000000
31
0.0
0
LINE
8
right
10
115.769627
20
-3.000000
30
0.0
11
115.640988
21
-3.000000
31
0.0
0
LINE
8
right
10
115.640988
20
-3.000000
30
0.0
11
115.523113
21
-3.000000
31
0.0
0
LINE
8
right
10
115.523113
20
-3.000000
30
0.0
11
115.416898
21
-3.000000
31
0.0
0
LINE
8
right
10
115.416898
20
-3.000000
30
0.0
11
115.323151
21
-3.000000
31
0.0
0
LINE
8
right
10
115.323151
20
-3.000000
30
0.0
11
115.242586
21
-3.000000
31
0.0
0
LINE
8
right
10
115.242586
20
-3.000000
30
0.0
11
115.175817
21
-3.000000
31
0.0
0
LINE
8
right
10
115.175817
20
-3.000000
30
0.0
11
115.123350
21
-3.000000
31
0.0
0
LINE
8
right
10
115.123350
20
-3.000000
30
0.0
11
115.085586
21
-3.000000
31
0.0
0
LINE
8
right
10
115.085586
20
-3.000000
30
0.0
11
115.062812
21
-3.000000
31
0.0
0
LINE
8
right
10
115.062812
20
-3.000000
30
0.0
11
115.055202
21
-3.000000
31
0.0
0
LINE
8
right
10
115.055202
20
-3.000000
30
0.0
11
115.062812
21
-3.000000
31
0.0
0
LINE
8
right
10
115.062812
20
-3.000000
30
0.0
11
115.085586
21
-3.000000
31
0.0
0
LINE
8
right
10
115.085586
20
-3.000000
30
0.0
11
115.123350
21
-3.000000
31
0.0
0
LINE
8
right
10
115.123350
20
-3.000000
30
0.0
11
115.175817
21
-3.000000
31
0.0
0
LINE
8
right
10
115.175817
20
-3.000000
30
0.0
11
115.242586
21
-3.000000
31
0.0
0
LINE
8
right
10
115.242586
20
-3.000000
30
0.0
11
115.323151
21
-3.000000
31
0.0
0
LINE
8
right
10
115.323151
20
-3.000000
30
0.0
11
115.416898
21
-3.000000
31
0.0
0
LINE
8
right
10
115.416898
20
-3.000000
30
0.0
11
115.523113
21
-3.000000
31
0.0
0
LINE
8
right
10
115.523113
20
-3.000000
30
0.0
11
115.640988
21
-3.000000
31
0.0
0
LINE
8
right
10
115.640988
20
-3.000000
30
0.0
11
115.769627
21
-3.000000
31
0.0
0
LINE
8
right
10
115.769627
20
-3.000000
30
0.0
11
115.908049
21
-3.000000
31
0.0
0
LINE
8
right
10
115.908049
20
-3.000000
30
0.0
11
116.055202
21
-3.000000
31
0.0
0
LINE
8
right
10
116.055202
20
-3.000000
30
0.0
11
116.209965
21
-3.000000
31
0.0
0
LINE
8
right
10
116.209965
20
-3.000000
30
0.0
11
116.371161
21
-3.000000
31
0.0
0
LINE
8
right
10
116.371161
20
-3.000000
30
0.0
11
116.537564
21
-3.000000
31
0.0
0
LINE
8
right
10
116.537564
20
-3.000000
30
0.0
11
116.707905
21
-3.000000
31
0.0
0
LINE
8
right
10
116.707905
20
-3.000000
30
0.0
11
116.880890
21
-3.000000
31
0.0
0
LINE
8
right
10
116.880890
20
-3.000000
30
0.0
11
117.055202
21
-3.000000
31
0.0
0
LINE
8
right
10
117.055202
20
-3.000000
30
0.0
11
117.229513
21
-3.000000
31
0.0
0
LINE
8
right
10
117.229513
20
-3.000000
30
0.0
11
117.402498
21
-3.000000
31
0.0
0
LINE
8
right
10
117.402498
20
-3.000000
30
0.0
11
117.572840
21
-3.000000
31
0.0
0
LINE
8
right
10
117.572840
20
-3.000000
30
0.0
11
117.739242
21
-3.000000
31
0.0
0
LINE
8
right
10
117.739242
20
-3.000000
30
0.0
11
117.900438
21
-3.000000
31
0.0
0
LINE
8
right
10
117.900438
20
-3.000000
30
0.0
11
118.055202
21
-3.000000
31
0.0
0
LINE
8
right
10
118.055202
20
-3.000000
30
0.0
11
118.202355
21
-3.000000
31
0.0
0
LINE
8
right
10
118.202355
20
-3.000000
30
0.0
11
118.340777
21
-3.000000
31
0.0
0
LINE
8
right
10
118.340777
20
-3.000000
30
0.0
11
118.469415
21
-3.000000
31
0.0
0
LINE
8
right
10
118.469415
20
-3.000000
30
0.0
11
118.587291
21
-3.000000
31
0.0
0
LINE
8
right
10
118.587291
20
-3.000000
30
0.0
11
118.693506
21
-3.000000
31
0.0
0
LINE
8
right
10
118.693506
20
-3.000000
30
0.0
11
118.787253
21
-3.000000
31
0.0
0
LINE
8
right
10
118.787253
20
-3.000000
30
0.0
11
118.867817
21
-3.000000
31
0.0
0
LINE
8
right
10
118.867817
20
-3.000000
30
0.0
11
118.934587
21
-3.000000
31
0.0
0
LINE
8
right
10
118.934587
20
-3.000000
30
0.0
11
118.987053
21
-3.000000
31
0.0
0
LINE
8
right
10
118.987053
20
-3.000000
30
0.0
11
119.024817
21
-3.000000
31
0.0
0
LINE
8
right
10
119.024817
20
-3.000000
30
0.0
11
119.047591
21
-3.000000
31
0.0
0
LINE
8
right
10
119.047591
20
-3.000000
30
0.0
11
119.055202
21
-3.000000
31
0.0
0
LINE
8
right
10
119.055202
20
-3.000000
30
0.0
11
119.047591
21
-3.000000
31
0.0
0
LINE
8
right
10
119.047591
20
-3.000000
30
0.0
11
119.024817
21
-3.000000
31
0.0
0
LINE
8
right
10
119.024817
20
-3.000000
30
0.0
11
118.987053
21
-3.000000
31
0.0
0
LINE
8
right
10
118.987053
20
-3.000000
30
0.0
11
118.934587
21
-3.000000
31
0.0
0
LINE
8
right
10
118.934587
20
-3.000000
30
0.0
11
118.867817
21
-3.000000
31
0.0
0
LINE
8
right
10
118.867817
20
-3.000000
30
0.0
11
118.787253
21
-3.000000
31
0.0
0
LINE
8
right
10
118.787253
20
-3.000000
30
0.0
11
118.693506
21
-3.000000
31
0.0
0
LINE
8
right
10
118.693506
20
-3.000000
30
0.0
11
118.587291
21
-3.000000
31
0.0
0
LINE
8
right
10
118.587291
20
-3.000000
30
0.0
11
118.469415
21
-3.000000
31
0.0
0
LINE
8
right
10
118.469415
20
-3.000000
30
0.0
11
118.340777
21
-3.000000
31
0.0
0
LINE
8
right
10
118.340777
20
-3.000000
30
0.0
11
118.202355
21
-3.000000
31
0.0
0
LINE
8
right
10
118.202355
20
-3.000000
30
0.0
11
118.055202
21
-3.000000
31
0.0
0
LINE
8
right
10
118.055202
20
-3.000000
30
0.0
11
117.900438
21
-3.000000
31
0.0
0
LINE
8
right
10
117.900438
20
-3.000000
30
0.0
11
117.739242
21
-3.000000
31
0.0
0
LINE
8
right
10
117.739242
20
-3.000000
30
0.0
11
117.572840
21
-3.000000
31
0.0
0
LINE
8
right
10
117.572840
20
-3.000000
30
0.0
11
117.402498
21
-3.000000
31
0.0
0
LINE
8
right
10
117.402498
20
-3.000000
30
0.0
11
117.229513
21
-3.000000
31
0.0
0
LINE
8
right
10
117.229513
20
-3.000000
30
0.0
11
117.055202
21
-3.000000
31
0.0
0
LINE
8
front
10
4.000000
20
-3.000000
30
0.0
11
4.000000
21
0.175000
31
0.0
0
LINE
8
top
10
4.000000
20
-20.250000
30
0.0
11
4.000000
21
-20.250000
31
0.0
0
LINE
8
right
10
117.055202
20
-3.000000
30
0.0
11
117.055202
21
0.175000
31
0.0
0
LINE
8
front
10
8.000000
20
0.175000
30
0.0
11
7.992389
21
0.175000
31
0.0
0
LINE
8
front
10
7.992389
20
0.175000
30
0.0
11
7.969615
21
0.175000
31
0.0
0
LINE
8
front
10
7.969615
20
0.175000
30
0.0
11
7.931851
21
0.175000
31
0.0
0
LINE
8
front
10
7.931851
20
0.175000
30
0.0
11
7.879385
21
0.175000
31
0.0
0
LINE
8
front
10
7.879385
20
0.175000
30
0.0
11
7.812615
21
0.175000
31
0.0
0
LINE
8
front
10
7.812615
20
0.175000
30
0.0
11
7.732051
21
0.175000
31
0.0
0
LINE
8
front
10
7.732051
20
0.175000
30
0.0
11
7.638304
21
0.175000
31
0.0
0
LINE
8
front
10
7.638304
20
0.175000
30
0.0
11
7.532089
21
0.175000
31
0.0
0
LINE
8
front
10
7.532089
20
0.175000
30
0.0
11
7.414213
21
0.175000
31
0.0
0
LINE
8
front
10
7.414213
20
0.175000
30
0.0
11
7.285575
21
0.175000
31
0.0
0
LINE
8
front
10
7.285575
20
0.175000
30
0.0
11
7.147153
21
0.175000
31
0.0
0
LINE
8
front
10
7.147153
20
0.175000
30
0.0
11
7.000000
21
0.175000
31
0.0
0
LINE
8
front
10
7.000000
20
0.175000
30
0.0
11
6.845236
21
0.175000
31
0.0
0
LINE
8
front
10
6.845236
20
0.175000
30
0.0
11
6.684040
21
0.175000
31
0.0
0
LINE
8
front
10
6.684040
20
0.175000
30
0.0
11
6.517638
21
0.175000
31
0.0
0
LINE
8
front
10
6.517638
20
0.175000
30
0.0
11
6.347296
21
0.175000
31
0.0
0
LINE
8
front
10
6.347296
20
0.175000
30
0.0
11
6.174311
21
0.175000
31
0.0
0
LINE
8
front
10
6.174311
20
0.175000
30
0.0
11
6.000000
21
0.175000
31
0.0
0
LINE
8
front
10
6.000000
20
0.175000
30
0.0
11
5.825688
21
0.175000
31
0.0
0
LINE
8
front
10
5.825688
20
0.175000
30
0.0
11
5.652703
21
0.175000
31
0.0
0
LINE
8
front
10
5.652703
20
0.175000
30
0.0
11
5.482362
21
0.175000
31
0.0
0
LINE
8
front
10
5.482362
20
0.175000
30
0.0
11
5.315959
21
0.175000
31
0.0
0
LINE
8
front
10
5.315959
20
0.175000
30
0.0
11
5.154763
21
0.175000
31
0.0
0
LINE
8
front
10
5.154763
20
0.175000
30
0.0
11
5.000000
21
0.175000
31
0.0
0
LINE
8
front
10
5.000000
20
0.175000
30
0.0
11
4.852847
21
0.175000
31
0.0
0
LINE
8
front
10
4.852847
20
0.175000
30
0.0
11
4.714424
21
0.175000
31
0.0
0
LINE
8
front
10
4.714424
20
0.175000
30
0.0
11
4.585786
21
0.175000
31
0.0
0
LINE
8
front
10
4.585786
20
0.175000
30
0.0
11
4.467911
21
0.175000
31
0.0
0
LINE
8
front
10
4.467911
20
0.175000
30
0.0
11
4.361696
21
0.175000
31
0.0
0
LINE
8
front
10
4.361696
20
0.175000
30
0.0
11
4.267949
21
0.175000
31
0.0
0
LINE
8
front
10
4.267949
20
0.175000
30
0.0
11
4.187384
21
0.175000
31
0.0
0
LINE
8
front
10
4.187384
20
0.175000
30
0.0
11
4.120614
21
0.175000
31
0.0
0
LINE
8
front
10
4.120614
20
0.175000
30
0.0
11
4.068148
21
0.175000
31
0.0
0
LINE
8
front
10
4.068148
20
0.175000
30
0.0
11
4.030384
21
0.175000
31
0.0
0
LINE
8
front
10
4.030384
20
0.175000
30
0.0
11
4.007610
21
0.175000
31
0.0
0
LINE
8
front
10
4.007610
20
0.175000
30
0.0
11
4.000000
21
0.175000
31
0.0
0
LINE
8
front
10
4.000000
20
0.175000
30
0.0
11
4.007610
21
0.175000
31
0.0
0
LINE
8
front
10
4.007610
20
0.175000
30
0.0
11
4.030384
21
0.175000
31
0.0
0
LINE
8
front
10
4.030384
20
0.175000
30
0.0
11
4.068148
21
0.175000
31
0.0
0
LINE
8
front
10
4.068148
20
0.175000
30
0.0
11
4.120614
21
0.175000
31
0.0
0
LINE
8
front
10
4.120614
20
0.175000
30
0.0
11
4.187384
21
0.175000
31
0.0
0
LINE
8
front
10
4.187384
20
0.175000
30
0.0
11
4.267949
21
0.175000
31
0.0
0
LINE
8
front
10
4.267949
20
0.175000
30
0.0
11
4.361696
21
0.175000
31
0.0
0
LINE
8
front
10
4.361696
20
0.175000
30
0.0
11
4.467911
21
0.175000
31
0.0
0
LINE
8
front
10
4.467911
20
0.175000
30
0.0
11
4.585786
21
0.175000
31
0.0
0
LINE
8
front
10
4.585786
20
0.175000
30
0.0
11
4.714424
21
0.175000
31
0.0
0
LINE
8
front
10
4.714424
20
0.175000
30
0.0
11
4.852847
21
0.175000
31
0.0
0
LINE
8
front
10
4.852847
20
0.175000
30
0.0
11
5.000000
21
0.175000
31
0.0
0
LINE
8
front
10
5.000000
20
0.175000
30
0.0
11
5.154763
21
0.175000
31
0.0
0
LINE
8
front
10
5.154763
20
0.175000
30
0.0
11
5.315959
21
0.175000
31
0.0
0
LINE
8
front
10
5.315959
20
0.175000
30
0.0
11
5.482362
21
0.175000
31
0.0
0
LINE
8
front
10
5.482362
20
0.175000
30
0.0
11
5.652703
21
0.175000
31
0.0
0
LINE
8
front
10
5.652703
20
0.175000
30
0.0
11
5.825688
21
0.175000
31
0.0
0
LINE
8
front
10
5.825688
20
0.175000
30
0.0
11
6.000000
21
0.175000
31
0.0
0
LINE
8
front
10
6.000000
20
0.175000
30
0.0
11
6.174311
21
0.175000
31
0.0
0
LINE
8
front
10
6.174311
20
0.175000
30
0.0
11
6.347296
21
0.175000
31
0.0
0
LINE
8
front
10
6.347296
20
0.175000
30
0.0
11
6.517638
21
0.175000
31
0.0
0
LINE
8
front
10
6.517638
20
0.175000
30
0.0
11
6.684040
21
0.175000
31
0.0
0
LINE
8
front
10
6.684040
20
0.175000
30
0.0
11
6.845236
21
0.175000
31
0.0
0
LINE
8
front
10
6.845236
20
0.175000
30
0.0
11
7.000000
21
0.175000
31
0.0
0
LINE
8
front
10
7.000000
20
0.175000
30
0.0
11
7.147153
21
0.175000
31
0.0
0
LINE
8
front
10
7.147153
20
0.175000
30
0.0
11
7.285575
21
0.175000
31
0.0
0
LINE
8
front
10
7.285575
20
0.175000
30
0.0
11
7.414213
21
0.175000
31
0.0
0
LINE
8
front
10
7.414213
20
0.175000
30
0.0
11
7.532089
21
0.175000
31
0.0
0
LINE
8
front
10
7.532089
20
0.175000
30
0.0
11
7.638304
21
0.175000
31
0.0
0
LINE
8
front
10
7.638304
20
0.175000
30
0.0
11
7.732051
21
0.175000
31
0.0
0
LINE
8
front
10
7.732051
20
0.175000
30
0.0
11
7.812615
21
0.175000
31
0.0
0
LINE
8
front
10
7.812615
20
0.175000
30
0.0
11
7.879385
21
0.175000
31
0.0
0
LINE
8
front
10
7.879385
20
0.175000
30
0.0
11
7.931851
21
0.175000
31
0.0
0
LINE
8
front
10
7.931851
20
0.175000
30
0.0
11
7.969615
21
0.175000
31
0.0
0
LINE
8
front
10
7.969615
20
0.175000
30
0.0
11
7.992389
21
0.175000
31
0.0
0
LINE
8
front
10
7.992389
20
0.175000
30
0.0
11
8.000000
21
0.175000
31
0.0
0
LINE
8
top
10
8.000000
20
-20.250000
30
0.0
11
7.992389
21
-20.424311
31
0.0
0
LINE
8
top
10
7.992389
20
-20.424311
30
0.0
11
7.969615
21
-20.597296
31
0.0
0
LINE
8
top
10
7.969615
20
-20.597296
30
0.0
11
7.931851
21
-20.767638
31
0.0
0
LINE
8
top
10
7.931851
20
-20.767638
30
0.0
11
7.879385
21
-20.934040
31
0.0
0
LINE
8
top
10
7.879385
20
-20.934040
30
0.0
11
7.812615
21
-21.095236
31
0.0
0
LINE
8
top
10
7.812615
20
-21.095236
30
0.0
11
7.732051
21
-21.250000
31
0.0
0
LINE
8
top
10
7.732051
20
-21.250000
30
0.0
11
7.638304
21
-21.397153
31
0.0
0
LINE
8
top
10
7.638304
20
-21.397153
30
0.0
11
7.532089
21
-21.535575
31
0.0
0
LINE
8
top
10
7.532089
20
-21.535575
30
0.0
11
7.414213
21
-21.664213
31
0.0
0
LINE
8
top
10
7.414213
20
-21.664213
30
0.0
11
7.285575
21
-21.782089
31
0.0
0
LINE
8
top
10
7.285575
20
-21.782089
30
0.0
11
7.147153
21
-21.888304
31
0.0
0
LINE
8
top
10
7.147153
20
-21.888304
30
0.0
11
7.000000
21
-21.982051
31
0.0
0
LINE
8
top
10
7.000000
20
-21.982051
30
0.0
11
6.845236
21
-22.062615
31
0.0
0
LINE
8
top
10
6.845236
20
-22.062615
30
0.0
11
6.684040
21
-22.129385
31
0.0
0
LINE
8
top
10
6.684040
20
-22.129385
30
0.0
11
6.517638
21
-22.181852
31
0.0
0
LINE
8
top
10
6.517638
20
-22.181852
30
0.0
11
6.347296
21
-22.219615
31
0.0
0
LINE
8
top
10
6.347296
20
-22.219615
30
0.0
11
6.174311
21
-22.242389
31
0.0
0
LINE
8
top
10
6.174311
20
-22.242389
30
0.0
11
6.000000
21
-22.250000
31
0.0
0
LINE
8
top
10
6.000000
20
-22.250000
30
0.0
11
5.825688
21
-22.242389
31
0.0
0
LINE
8
top
10
5.825688
20
-22.242389
30
0.0
11
5.652703
21
-22.219615
31
0.0
0
LINE
8
top
10
5.652703
20
-22.219615
30
0.0
11
5.482362
21
-22.181852
31
0.0
0
LINE
8
top
10
5.482362
20
-22.181852
30
0.0
11
5.315959
21
-22.129385
31
0.0
0
LINE
8
top
10
5.315959
20
-22.129385
30
0.0
11
5.154763
21
-22.062615
31
0.0
0
LINE
8
top
10
5.154763
20
-22.062615
30
0.0
11
5.000000
21
-21.982051
31
0.0
0
LINE
8
top
10
5.000000
20
-21.982051
30
0.0
11
4.852847
21
-21.888304
31
0.0
0
LINE
8
top
10
4.852847
20
-21.888304
30
0.0
11
4.714424
21
-21.782089
31
0.0
0
LINE
8
top
10
4.714424
20
-21.782089
30
0.0
11
4.585786
21
-21.664213
31
0.0
0
LINE
8
top
10
4.585786
20
-21.664213
30
0.0
11
4.467911
21
-21.535575
31
0.0
0
LINE
8
top
10
4.467911
20
-21.535575
30
0.0
11
4.361696
21
-21.397153
31
0.0
0
LINE
8
top
10
4.361696
20
-21.397153
30
0.0
11
4.267949
21
-21.250000
31
0.0
0
LINE
8
top
10
4.267949
20
-21.250000
30
0.0
11
4.187384
21
-21.095236
31
0.0
0
LINE
8
top
10
4.187384
20
-21.095236
30
0.0
11
4.120614
21
-20.934040
31
0.0
0
LINE
8
top
10
4.120614
20
-20.934040
30
0.0
11
4.068148
21
-20.767638
31
0.0
0
LINE
8
top
10
4.068148
20
-20.767638
30
0.0
11
4.030384
21
-20.597296
31
0.0
0
LINE
8
top
10
4.030384
20
-20.597296
30
0.0
11
4.007610
21
-20.424311
31
0.0
0
LINE
8
top
10
4.007610
20
-20.424311
30
0.0
11
4.000000
21
-20.250000
31
0.0
0
LINE
8
top
10
4.000000
20
-20.250000
30
0.0
11
4.007610
21
-20.075688
31
0.0
0
LINE
8
top
10
4.007610
20
-20.075688
30
0.0
11
4.030384
21
-19.902704
31
0.0
0
LINE
8
top
10
4.030384
20
-19.902704
30
0.0
11
4.068148
21
-19.732362
31
0.0
0
LINE
8
top
10
4.068148
20
-19.732362
30
0.0
11
4.120614
21
-19.565960
31
0.0
0
LINE
8
top
10
4.120614
20
-19.565960
30
0.0
11
4.187384
21
-19.404763
31
0.0
0
LINE
8
top
10
4.187384
20
-19.404763
30
0.0
11
4.267949
21
-19.250000
31
0.0
0
LINE
8
top
10
4.267949
20
-19.250000
30
0.0
11
4.361696
21
-19.102847
31
0.0
0
LINE
8
top
10
4.361696
20
-19.102847
30
0.0
11
4.467911
21
-18.964425
31
0.0
0
LINE
8
top
10
4.467911
20
-18.964425
30
0.0
11
4.585786
21
-18.835786
31
0.0
0
LINE
8
top
10
4.585786
20
-18.835786
30
0.0
11
4.714424
21
-18.717911
31
0.0
0
LINE
8
top
10
4.714424
20
-18.717911
30
0.0
11
4.852847
21
-18.611696
31
0.0
0
LINE
8
top
10
4.852847
20
-18.611696
30
0.0
11
5.000000
21
-18.517949
31
0.0
0
LINE
8
top
10
5.000000
20
-18.517949
30
0.0
11
5.154763
21
-18.437384
31
0.0
0
LINE
8
top
10
5.154763
20
-18.437384
30
0.0
11
5.315959
21
-18.370615
31
0.0
0
LINE
8
top
10
5.315959
20
-18.370615
30
0.0
11
5.482362
21
-18.318148
31
0.0
0
LINE
8
top
10
5.482362
20
-18.318148
30
0.0
11
5.652703
21
-18.280384
31
0.0
0
LINE
8
top
10
5.652703
20
-18.280384
30
0.0
11
5.825688
21
-18.257610
31
0.0
0
LINE
8
top
10
5.825688
20
-18.257610
30
0.0
11
6.000000
21
-18.250000
31
0.0
0
LINE
8
top
10
6.000000
20
-18.250000
30
0.0
11
6.174311
21
-18.257610
31
0.0
0
LINE
8
top
10
6.174311
20
-18.257610
30
0.0
11
6.347296
21
-18.280384
31
0.0
0
LINE
8
top
10
6.347296
20
-18.280384
30
0.0
11
6.517638
21
-18.318148
31
0.0
0
LINE
8
top
10
6.517638
20
-18.318148
30
0.0
11
6.684040
21
-18.370615
31
0.0
0
LINE
8
top
10
6.684040
20
-18.370615
30
0.0
11
6.845236
21
-18.437384
31
0.0
0
LINE
8
top
10
6.845236
20
-18.437384
30
0.0
11
7.000000
21
-18.517949
31
0.0
0
LINE
8
top
10
7.000000
20
-18.517949
30
0.0
11
7.147153
21
-18.611696
31
0.0
0
LINE
8
top
10
7.147153
20
-18.611696
30
0.0
11
7.285575
21
-18.717911
31
0.0
0
LINE
8
top
10
7.285575
20
-18.717911
30
0.0
11
7.414213
21
-18.835786
31
0.0
0
LINE
8
top
10
7.414213
20
-18.835786
30
0.0
11
7.532089
21
-18.964425
31
0.0
0
LINE
8
top
10
7.532089
20
-18.964425
30
0.0
11
7.638304
21
-19.102847
31
0.0
0
LINE
8
top
10
7.638304
20
-19.102847
30
0.0
11
7.732051
21
-19.250000
31
0.0
0
LINE
8
top
10
7.732051
20
-19.250000
30
0.0
11
7.812615
21
-19.404763
31
0.0
0
LINE
8
top
10
7.812615
20
-19.404763
30
0.0
11
7.879385
21
-19.565960
31
0.0
0
LINE
8
top
10
7.879385
20
-19.565960
30
0.0
11
7.931851
21
-19.732362
31
0.0
0
LINE
8
top
10
7.931851
20
-19.732362
30
0.0
11
7.969615
21
-19.902704
31
0.0
0
LINE
8
top
10
7.969615
20
-19.902704
30
0.0
11
7.992389
21
-20.075688
31
0.0
0
LINE
8
top
10
7.992389
20
-20.075688
30
0.0
11
8.000000
21
-20.250000
31
0.0
0
LINE
8
right
10
117.055202
20
0.175000
30
0.0
11
117.229513
21
0.175000
31
0.0
0
LINE
8
right
10
117.229513
20
0.175000
30
0.0
11
117.402498
21
0.175000
31
0.0
0
LINE
8
right
10
117.402498
20
0.175000
30
0.0
11
117.572840
21
0.175000
31
0.0
0
LINE
8
right
10
117.572840
20
0.175000
30
0.0
11
117.739242
21
0.175000
31
0.0
0
LINE
8
right
10
117.739242
20
0.175000
30
0.0
11
117.900438
21
0.175000
31
0.0
0
LINE
8
right
10
117.900438
20
0.175000
30
0.0
11
118.055202
21
0.175000
31
0.0
0
LINE
8
right
10
118.055202
20
0.175000
30
0.0
11
118.202355
21
0.175000
31
0.0
0
LINE
8
right
10
118.202355
20
0.175000
30
0.0
11
118.340777
21
0.175000
31
0.0
0
LINE
8
right
10
118.340777
20
0.175000
30
0.0
11
118.469415
21
0.175000
31
0.0
0
LINE
8
right
10
118.469415
20
0.175000
30
0.0
11
118.587291
21
0.175000
31
0.0
0
LINE
8
right
10
118.587291
20
0.175000
30
0.0
11
118.693506
21
0.175000
31
0.0
0
LINE
8
right
10
118.693506
20
0.175000
30
0.0
11
118.787253
21
0.175000
31
0.0
0
LINE
8
right
10
118.787253
20
0.175000
30
0.0
11
118.867817
21
0.175000
31
0.0
0
LINE
8
right
10
118.867817
20
0.175000
30
0.0
11
118.934587
21
0.175000
31
0.0
0
LINE
8
right
10
118.934587
20
0.175000
30
0.0
11
118.987053
21
0.175000
31
0.0
0
LINE
8
right
10
118.987053
20
0.175000
30
0.0
11
119.024817
21
0.175000
31
0.0
0
LINE
8
right
10
119.024817
20
0.175000
30
0.0
11
119.047591
21
0.175000
31
0.0
0
LINE
8
right
10
119.047591
20
0.175000
30
0.0
11
119.055202
21
0.175000
31
0.0
0
LINE
8
right
10
119.055202
20
0.175000
30
0.0
11
119.047591
21
0.175000
31
0.0
0
LINE
8
right
10
119.047591
20
0.175000
30
0.0
11
119.024817
21
0.175000
31
0.0
0
LINE
8
right
10
119.024817
20
0.175000
30
0.0
11
118.987053
21
0.175000
31
0.0
0
LINE
8
right
10
118.987053
20
0.175000
30
0.0
11
118.934587
21
0.175000
31
0.0
0
LINE
8
right
10
118.934587
20
0.175000
30
0.0
11
118.867817
21
0.175000
31
0.0
0
LINE
8
right
10
118.867817
20
0.175000
30
0.0
11
118.787253
21
0.175000
31
0.0
0
LINE
8
right
10
118.787253
20
0.175000
30
0.0
11
118.693506
21
0.175000
31
0.0
0
LINE
8
right
10
118.693506
20
0.175000
30
0.0
11
118.587291
21
0.175000
31
0.0
0
LINE
8
right
10
118.587291
20
0.175000
30
0.0
11
118.469415
21
0.175000
31
0.0
0
LINE
8
right
10
118.469415
20
0.175000
30
0.0
11
118.340777
21
0.175000
31
0.0
0
LINE
8
right
10
118.340777
20
0.175000
30
0.0
11
118.202355
21
0.175000
31
0.0
0
LINE
8
right
10
118.202355
20
0.175000
30
0.0
11
118.055202
21
0.175000
31
0.0
0
LINE
8
right
10
118.055202
20
0.175000
30
0.0
11
117.900438
21
0.175000
31
0.0
0
LINE
8
right
10
117.900438
20
0.175000
30
0.0
11
117.739242
21
0.175000
31
0.0
0
LINE
8
right
10
117.739242
20
0.175000
30
0.0
11
117.572840
21
0.175000
31
0.0
0
LINE
8
right
10
117.572840
20
0.175000
30
0.0
11
117.402498
21
0.175000
31
0.0
0
LINE
8
right
10
117.402498
20
0.175000
30
0.0
11
117.229513
21
0.175000
31
0.0
0
LINE
8
right
10
117.229513
20
0.175000
30
0.0
11
117.055202
21
0.175000
31
0.0
0
LINE
8
right
10
117.055202
20
0.175000
30
0.0
11
116.880890
21
0.175000
31
0.0
0
LINE
8
right
10
116.880890
20
0.175000
30
0.0
11
116.707905
21
0.175000
31
0.0
0
LINE
8
right
10
116.707905
20
0.175000
30
0.0
11
116.537564
21
0.175000
31
0.0
0
LINE
8
right
10
116.537564
20
0.175000
30
0.0
11
116.371161
21
0.175000
31
0.0
0
LINE
8
right
10
116.371161
20
0.175000
30
0.0
11
116.209965
21
0.175000
31
0.0
0
LINE
8
right
10
116.209965
20
0.175000
30
0.0
11
116.055202
21
0.175000
31
0.0
0
LINE
8
right
10
116.055202
20
0.175000
30
0.0
11
115.908049
21
0.175000
31
0.0
0
LINE
8
right
10
115.908049
20
0.175000
30
0.0
11
115.769627
21
0.175000
31
0.0
0
LINE
8
right
10
115.769627
20
0.175000
30
0.0
11
115.640988
21
0.175000
31
0.0
0
LINE
8
right
10
115.640988
20
0.175000
30
0.0
11
115.523113
21
0.175000
31
0.0
0
LINE
8
right
10
115.523113
20
0.175000
30
0.0
11
115.416898
21
0.175000
31
0.0
0
LINE
8
right
10
115.416898
20
0.175000
30
0.0
11
115.323151
21
0.175000
31
0.0
0
LINE
8
right
10
115.323151
20
0.175000
30
0.0
11
115.242586
21
0.175000
31
0.0
0
LINE
8
right
10
115.242586
20
0.175000
30
0.0
11
115.175817
21
0.175000
31
0.0
0
LINE
8
right
10
115.175817
20
0.175000
30
0.0
11
115.123350
21
0.175000
31
0.0
0
LINE
8
right
10
115.123350
20
0.175000
30
0.0
11
115.085586
21
0.175000
31
0.0
0
LINE
8
right
10
115.085586
20
0.175000
30
0.0
11
115.062812
21
0.175000
31
0.0
0
LINE
8
right
10
115.062812
20
0.175000
30
0.0
11
115.055202
21
0.175000
31
0.0
0
LINE
8
right
10
115.055202
20
0.175000
30
0.0
11
115.062812
21
0.175000
31
0.0
0
LINE
8
right
10
115.062812
20
0.175000
30
0.0
11
115.085586
21
0.175000
31
0.0
0
LINE
8
right
10
115.085586
20
0.175000
30
0.0
11
115.123350
21
0.175000
31
0.0
0
LINE
8
right
10
115.123350
20
0.175000
30
0.0
11
115.175817
21
0.175000
31
0.0
0
LINE
8
right
10
115.175817
20
0.175000
30
0.0
11
115.242586
21
0.175000
31
0.0
0
LINE
8
right
10
115.242586
20
0.175000
30
0.0
11
115.323151
21
0.175000
31
0.0
0
LINE
8
right
10
115.323151
20
0.175000
30
0.0
11
115.416898
21
0.175000
31
0.0
0
LINE
8
right
10
115.416898
20
0.175000
30
0.0
11
115.523113
21
0.175000
31
0.0
0
LINE
8
right
10
115.523113
20
0.175000
30
0.0
11
115.640988
21
0.175000
31
0.0
0
LINE
8
right
10
115.640988
20
0.175000
30
0.0
11
115.769627
21
0.175000
31
0.0
0
LINE
8
right
10
115.769627
20
0.175000
30
0.0
11
115.908049
21
0.175000
31
0.0
0
LINE
8
right
10
115.908049
20
0.175000
30
0.0
11
116.055202
21
0.175000
31
0.0
0
LINE
8
right
10
116.055202
20
0.175000
30
0.0
11
116.209965
21
0.175000
31
0.0
0
LINE
8
right
10
116.209965
20
0.175000
30
0.0
11
116.371161
21
0.175000
31
0.0
0
LINE
8
right
10
116.371161
20
0.175000
30
0.0
11
116.537564
21
0.175000
31
0.0
0
LINE
8
right
10
116.537564
20
0.175000
30
0.0
11
116.707905
21
0.175000
31
0.0
0
LINE
8
right
10
116.707905
20
0.175000
30
0.0
11
116.880890
21
0.175000
31
0.0
0
LINE
8
right
10
116.880890
20
0.175000
30
0.0
11
117.055202
21
0.175000
31
0.0
0
LINE
8
front
10
-21.000000
20
-3.000000
30
0.0
11
-21.007611
21
-3.000000
31
0.0
0
LINE
8
front
10
-21.007611
20
-3.000000
30
0.0
11
-21.030385
21
-3.000000
31
0.0
0
LINE
8
front
10
-21.030385
20
-3.000000
30
0.0
11
-21.068149
21
-3.000000
31
0.0
0
LINE
8
front
10
-21.068149
20
-3.000000
30
0.0
11
-21.120615
21
-3.000000
31
0.0
0
LINE
8
front
10
-21.120615
20
-3.000000
30
0.0
11
-21.187385
21
-3.000000
31
0.0
0
LINE
8
front
10
-21.187385
20
-3.000000
30
0.0
11
-21.267949
21
-3.000000
31
0.0
0
LINE
8
front
10
-21.267949
20
-3.000000
30
0.0
11
-21.361696
21
-3.000000
31
0.0
0
LINE
8
front
10
-21.361696
20
-3.000000
30
0.0
11
-21.467911
21
-3.000000
31
0.0
0
LINE
8
front
10
-21.467911
20
-3.000000
30
0.0
11
-21.585787
21
-3.000000
31
0.0
0
LINE
8
front
10
-21.585787
20
-3.000000
30
0.0
11
-21.714425
21
-3.000000
31
0.0
0
LINE
8
front
10
-21.714425
20
-3.000000
30
0.0
11
-21.852847
21
-3.000000
31
0.0
0
LINE
8
front
10
-21.852847
20
-3.000000
30
0.0
11
-22.000000
21
-3.000000
31
0.0
0
LINE
8
front
10
-22.000000
20
-3.000000
30
0.0
11
-22.154764
21
-3.000000
31
0.0
0
LINE
8
front
10
-22.154764
20
-3.000000
30
0.0
11
-22.315960
21
-3.000000
31
0.0
0
LINE
8
front
10
-22.315960
20
-3.000000
30
0.0
11
-22.482362
21
-3.000000
31
0.0
0
LINE
8
front
10
-22.482362
20
-3.000000
30
0.0
11
-22.652704
21
-3.000000
31
0.0
0
LINE
8
front
10
-22.652704
20
-3.000000
30
0.0
11
-22.825689
21
-3.000000
31
0.0
0
LINE
8
front
10
-22.825689
20
-3.000000
30
0.0
11
-23.000000
21
-3.000000
31
0.0
0
LINE
8
front
10
-23.000000
20
-3.000000
30
0.0
11
-23.174312
21
-3.000000
31
0.0
0
LINE
8
front
10
-23.174312
20
-3.000000
30
0.0
11
-23.347297
21
-3.000000
31
0.0
0
LINE
8
front
10
-23.347297
20
-3.000000
30
0.0
11
-23.517638
21
-3.000000
31
0.0
0
LINE
8
front
10
-23.517638
20
-3.000000
30
0.0
11
-23.684041
21
-3.000000
31
0.0
0
LINE
8
front
10
-23.684041
20
-3.000000
30
0.0
11
-23.845237
21
-3.000000
31
0.0
0
LINE
8
front
10
-23.845237
20
-3.000000
30
0.0
11
-24.000000
21
-3.000000
31
0.0
0
LINE
8
front
10
-24.000000
20
-3.000000
30
0.0
11
-24.147153
21
-3.000000
31
0.0
0
LINE
8
front
10
-24.147153
20
-3.000000
30
0.0
11
-24.285576
21
-3.000000
31
0.0
0
LINE
8
front
10
-24.285576
20
-3.000000
30
0.0
11
-24.414214
21
-3.000000
31
0.0
0
LINE
8
front
10
-24.414214
20
-3.000000
30
0.0
11
-24.532089
21
-3.000000
31
0.0
0
LINE
8
front
10
-24.532089
20
-3.000000
30
0.0
11
-24.638304
21
-3.000000
31
0.0
0
LINE
8
front
10
-24.638304
20
-3.000000
30
0.0
11
-24.732051
21
-3.000000
31
0.0
0
LINE
8
front
10
-24.732051
20
-3.000000
30
0.0
11
-24.812616
21
-3.000000
31
0.0
0
LINE
8
front
10
-24.812616
20
-3.000000
30
0.0
11
-24.879386
21
-3.000000
31
0.0
0
LINE
8
front
10
-24.879386
20
-3.000000
30
0.0
11
-24.931852
21
-3.000000
31
0.0
0
LINE
8
front
10
-24.931852
20
-3.000000
30
0.0
11
-24.969616
21
-3.000000
31
0.0
0
LINE
8
front
10
-24.969616
20
-3.000000
30
0.0
11
-24.992390
21
-3.000000
31
0.0
0
LINE
8
front
10
-24.992390
20
-3.000000
30
0.0
11
-25.000000
21
-3.000000
31
0.0
0
LINE
8
front
10
-25.000000
20
-3.000000
30
0.0
11
-24.992390
21
-3.000000
31
0.0
0
LINE
8
front
10
-24.992390
20
-3.000000
30
0.0
11
-24.969616
21
-3.000000
31
0.0
0
LINE
8
front
10
-24.969616
20
-3.000000
30
0.0
11
-24.931852
21
-3.000000
31
0.0
0
LINE
8
front
10
-24.931852
20
-3.000000
30
0.0
11
-24.879386
21
-3.000000
31
0.0
0
LINE
8
front
10
-24.879386
20
-3.000000
30
0.0
11
-24.812616
21
-3.000000
31
0.0
0
LINE
8
front
10
-24.812616
20
-3.000000
30
0.0
11
-24.732051
21
-3.000000
31
0.0
0
LINE
8
front
10
-24.732051
20
-3.000000
30
0.0
11
-24.638304
21
-3.000000
31
0.0
0
LINE
8
front
10
-24.638304
20
-3.000000
30
0.0
11
-24.532089
21
-3.000000
31
0.0
0
LINE
8
front
10
-24.532089
20
-3.000000
30
0.0
11
-24.414214
21
-3.000000
31
0.0
0
LINE
8
front
10
-24.414214
20
-3.000000
30
0.0
11
-24.285576
21
-3.000000
31
0.0
0
LINE
8
front
10
-24.285576
20
-3.000000
30
0.0
11
-24.147153
21
-3.000000
31
0.0
0
LINE
8
front
10
-24.147153
20
-3.000000
30
0.0
11
-24.000000
21
-3.000000
31
0.0
0
LINE
8
front
10
-24.000000
20
-3.000000
30
0.0
11
-23.845237
21
-3.000000
31
0.0
0
LINE
8
front
10
-23.845237
20
-3.000000
30
0.0
11
-23.684041
21
-3.000000
31
0.0
0
LINE
8
front
10
-23.684041
20
-3.000000
30
0.0
11
-23.517638
21
-3.000000
31
0.0
0
LINE
8
front
10
-23.517638
20
-3.000000
30
0.0
11
-23.347297
21
-3.000000
31
0.0
0
LINE
8
front
10
-23.347297
20
-3.000000
30
0.0
11
-23.174312
21
-3.000000
31
0.0
0
LINE
8
front
10
-23.174312
20
-3.000000
30
0.0
11
-23.000000
21
-3.000000
31
0.0
0
LINE
8
front
10
-23.000000
20
-3.000000
30
0.0
11
-22.825689
21
-3.000000
31
0.0
0
LINE
8
front
10
-22.825689
20
-3.000000
30
0.0
11
-22.652704
21
-3.000000
31
0.0
0
LINE
8
front
10
-22.652704
20
-3.000000
30
0.0
11
-22.482362
21
-3.000000
31
0.0
0
LINE
8
front
10
-22.482362
20
-3.000000
30
0.0
11
-22.315960
21
-3.000000
31
0.0
0
LINE
8
front
10
-22.315960
20
-3.000000
30
0.0
11
-22.154764
21
-3.000000
31
0.0
0
LINE
8
front
10
-22.154764
20
-3.000000
30
0.0
11
-22.000000
21
-3.000000
31
0.0
0
LINE
8
front
10
-22.000000
20
-3.000000
30
0.0
11
-21.852847
21
-3.000000
31
0.0
0
LINE
8
front
10
-21.852847
20
-3.000000
30
0.0
11
-21.714425
21
-3.000000
31
0.0
0
LINE
8
front
10
-21.714425
20
-3.000000
30
0.0
11
-21.585787
21
-3.000000
31
0.0
0
LINE
8
front
10
-21.585787
20
-3.000000
30
0.0
11
-21.467911
21
-3.000000
31
0.0
0
LINE
8
front
10
-21.467911
20
-3.000000
30
0.0
11
-21.361696
21
-3.000000
31
0.0
0
LINE
8
front
10
-21.361696
20
-3.000000
30
0.0
11
-21.267949
21
-3.000000
31
0.0
0
LINE
8
front
10
-21.267949
20
-3.000000
30
0.0
11
-21.187385
21
-3.000000
31
0.0
0
LINE
8
front
10
-21.187385
20
-3.000000
30
0.0
11
-21.120615
21
-3.000000
31
0.0
0
LINE
8
front
10
-21.120615
20
-3.000000
30
0.0
11
-21.068149
21
-3.000000
31
0.0
0
LINE
8
front
10
-21.068149
20
-3.000000
30
0.0
11
-21.030385
21
-3.000000
31
0.0
0
LINE
8
front
10
-21.030385
20
-3.000000
30
0.0
11
-21.007611
21
-3.000000
31
0.0
0
LINE
8
front
10
-21.007611
20
-3.000000
30
0.0
11
-21.000000
21
-3.000000
31
0.0
0
LINE
8
top
10
-21.000000
20
-20.250000
30
0.0
11
-21.007611
21
-20.075688
31
0.0
0
LINE
8
top
10
-21.007611
20
-20.075688
30
0.0
11
-21.030385
21
-19.902704
31
0.0
0
LINE
8
top
10
-21.030385
20
-19.902704
30
0.0
11
-21.068149
21
-19.732362
31
0.0
0
LINE
8
top
10
-21.068149
20
-19.732362
30
0.0
11
-21.120615
21
-19.565960
31
0.0
0
LINE
8
top
10
-21.120615
20
-19.565960
30
0.0
11
-21.187385
21
-19.404763
31
0.0
0
LINE
8
top
10
-21.187385
20
-19.404763
30
0.0
11
-21.267949
21
-19.250000
31
0.0
0
LINE
8
top
10
-21.267949
20
-19.250000
30
0.0
11
-21.361696
21
-19.102847
31
0.0
0
LINE
8
top
10
-21.361696
20
-19.102847
30
0.0
11
-21.467911
21
-18.964425
31
0.0
0
LINE
8
top
10
-21.467911
20
-18.964425
30
0.0
11
-21.585787
21
-18.835786
31
0.0
0
LINE
8
top
10
-21.585787
20
-18.835786
30
0.0
11
-21.714425
21
-18.717911
31
0.0
0
LINE
8
top
10
-21.714425
20
-18.717911
30
0.0
11
-21.852847
21
-18.611696
31
0.0
0
LINE
8
top
10
-21.852847
20
-18.611696
30
0.0
11
-22.000000
21
-18.517949
31
0.0
0
LINE
8
top
10
-22.000000
20
-18.517949
30
0.0
11
-22.154764
21
-18.437384
31
0.0
0
LINE
8
top
10
-22.154764
20
-18.437384
30
0.0
11
-22.315960
21
-18.370615
31
0.0
0
LINE
8
top
10
-22.315960
20
-18.370615
30
0.0
11
-22.482362
21
-18.318148
31
0.0
0
LINE
8
top
10
-22.482362
20
-18.318148
30
0.0
11
-22.652704
21
-18.280384
31
0.0
0
LINE
8
top
10
-22.652704
20
-18.280384
30
0.0
11
-22.825689
21
-18.257610
31
0.0
0
LINE
8
top
10
-22.825689
20
-18.257610
30
0.0
11
-23.000000
21
-18.250000
31
0.0
0
LINE
8
top
10
-23.000000
20
-18.250000
30
0.0
11
-23.174312
21
-18.257610
31
0.0
0
LINE
8
top
10
-23.174312
20
-18.257610
30
0.0
11
-23.347297
21
-18.280384
31
0.0
0
LINE
8
top
10
-23.347297
20
-18.280384
30
0.0
11
-23.517638
21
-18.318148
31
0.0
0
LINE
8
top
10
-23.517638
20
-18.318148
30
0.0
11
-23.684041
21
-18.370615
31
0.0
0
LINE
8
top
10
-23.684041
20
-18.370615
30
0.0
11
-23.845237
21
-18.437384
31
0.0
0
LINE
8
top
10
-23.845237
20
-18.437384
30
0.0
11
-24.000000
21
-18.517949
31
0.0
0
LINE
8
top
10
-24.000000
20
-18.517949
30
0.0
11
-24.147153
21
-18.611696
31
0.0
0
LINE
8
top
10
-24.147153
20
-18.611696
30
0.0
11
-24.285576
21
-18.717911
31
0.0
0
LINE
8
top
10
-24.285576
20
-18.717911
30
0.0
11
-24.414214
21
-18.835786
31
0.0
0
LINE
8
top
10
-24.414214
20
-18.835786
30
0.0
11
-24.532089
21
-18.964425
31
0.0
0
LINE
8
top
10
-24.532089
20
-18.964425
30
0.0
11
-24.638304
21
-19.102847
31
0.0
0
LINE
8
top
10
-24.638304
20
-19.102847
30
0.0
11
-24.732051
21
-19.250000
31
0.0
0
LINE
8
top
10
-24.732051
20
-19.250000
30
0.0
11
-24.812616
21
-19.404763
31
0.0
0
LINE
8
top
10
-24.812616
20
-19.404763
30
0.0
11
-24.879386
21
-19.565960
31
0.0
0
LINE
8
top
10
-24.879386
20
-19.565960
30
0.0
11
-24.931852
21
-19.732362
31
0.0
0
LINE
8
top
10
-24.931852
20
-19.732362
30
0.0
11
-24.969616
21
-19.902704
31
0.0
0
LINE
8
top
10
-24.969616
20
-19.902704
30
0.0
11
-24.992390
21
-20.075688
31
0.0
0
LINE
8
top
10
-24.992390
20
-20.075688
30
0.0
11
-25.000000
21
-20.250000
31
0.0
0
LINE
8
top
10
-25.000000
20
-20.250000
30
0.0
11
-24.992390
21
-20.424311
31
0.0
0
LINE
8
top
10
-24.992390
20
-20.424311
30
0.0
11
-24.969616
21
-20.597296
31
0.0
0
LINE
8
top
10
-24.969616
20
-20.597296
30
0.0
11
-24.931852
21
-20.767638
31
0.0
0
LINE
8
top
10
-24.931852
20
-20.767638
30
0.0
11
-24.879386
21
-20.934040
31
0.0
0
LINE
8
top
10
-24.879386
20
-20.934040
30
0.0
11
-24.812616
21
-21.095236
31
0.0
0
LINE
8
top
10
-24.812616
20
-21.095236
30
0.0
11
-24.732051
21
-21.250000
31
0.0
0
LINE
8
top
10
-24.732051
20
-21.250000
30
0.0
11
-24.638304
21
-21.397153
31
0.0
0
LINE
8
top
10
-24.638304
20
-21.397153
30
0.0
11
-24.532089
21
-21.535575
31
0.0
0
LINE
8
top
10
-24.532089
20
-21.535575
30
0.0
11
-24.414214
21
-21.664213
31
0.0
0
LINE
8
top
10
-24.414214
20
-21.664213
30
0.0
11
-24.285576
21
-21.782089
31
0.0
0
LINE
8
top
10
-24.285576
20
-21.782089
30
0.0
11
-24.147153
21
-21.888304
31
0.0
0
LINE
8
top
10
-24.147153
20
-21.888304
30
0.0
11
-24.000000
21
-21.982051
31
0.0
0
LINE
8
top
10
-24.000000
20
-21.982051
30
0.0
11
-23.845237
21
-22.062615
31
0.0
0
LINE
8
top
10
-23.845237
20
-22.062615
30
0.0
11
-23.684041
21
-22.129385
31
0.0
0
LINE
8
top
10
-23.684041
20
-22.129385
30
0.0
11
-23.517638
21
-22.181852
31
0.0
0
LINE
8
top
10
-23.517638
20
-22.181852
30
0.0
11
-23.347297
21
-22.219615
31
0.0
0
LINE
8
top
10
-23.347297
20
-22.219615
30
0.0
11
-23.174312
21
-22.242389
31
0.0
0
LINE
8
top
10
-23.174312
20
-22.242389
30
0.0
11
-23.000000
21
-22.250000
31
0.0
0
LINE
8
top
10
-23.000000
20
-22.250000
30
0.0
11
-22.825689
21
-22.242389
31
0.0
0
LINE
8
top
10
-22.825689
20
-22.242389
30
0.0
11
-22.652704
21
-22.219615
31
0.0
0
LINE
8
top
10
-22.652704
20
-22.219615
30
0.0
11
-22.482362
21
-22.181852
31
0.0
0
LINE
8
top
10
-22.482362
20
-22.181852
30
0.0
11
-22.315960
21
-22.129385
31
0.0
0
LINE
8
top
10
-22.315960
20
-22.129385
30
0.0
11
-22.154764
21
-22.062615
31
0.0
0
LINE
8
top
10
-22.154764
20
-22.062615
30
0.0
11
-22.000000
21
-21.982051
31
0.0
0
LINE
8
top
10
-22.000000
20
-21.982051
30
0.0
11
-21.852847
21
-21.888304
31
0.0
0
LINE
8
top
10
-21.852847
20
-21.888304
30
0.0
11
-21.714425
21
-21.782089
31
0.0
0
LINE
8
top
10
-21.714425
20
-21.782089
30
0.0
11
-21.585787
21
-21.664213
31
0.0
0
LINE
8
top
10
-21.585787
20
-21.664213
30
0.0
11
-21.467911
21
-21.535575
31
0.0
0
LINE
8
top
10
-21.467911
20
-21.535575
30
0.0
11
-21.361696
21
-21.397153
31
0.0
0
LINE
8
top
10
-21.361696
20
-21.397153
30
0.0
11
-21.267949
21
-21.250000
31
0.0
0
LINE
8
top
10
-21.267949
20
-21.250000
30
0.0
11
-21.187385
21
-21.095236
31
0.0
0
LINE
8
top
10
-21.187385
20
-21.095236
30
0.0
11
-21.120615
21
-20.934040
31
0.0
0
LINE
8
top
10
-21.120615
20
-20.934040
30
0.0
11
-21.068149
21
-20.767638
31
0.0
0
LINE
8
top
10
-21.068149
20
-20.767638
30
0.0
11
-21.030385
21
-20.597296
31
0.0
0
LINE
8
top
10
-21.030385
20
-20.597296
30
0.0
11
-21.007611
21
-20.424311
31
0.0
0
LINE
8
top
10
-21.007611
20
-20.424311
30
0.0
11
-21.000000
21
-20.250000
31
0.0
0
LINE
8
right
10
117.055202
20
-3.000000
30
0.0
11
116.880890
21
-3.000000
31
0.0
0
LINE
8
right
10
116.880890
20
-3.000000
30
0.0
11
116.707905
21
-3.000000
31
0.0
0
LINE
8
right
10
116.707905
20
-3.000000
30
0.0
11
116.537564
21
-3.000000
31
0.0
0
LINE
8
right
10
116.537564
20
-3.000000
30
0.0
11
116.371161
21
-3.000000
31
0.0
0
LINE
8
right
10
116.371161
20
-3.000000
30
0.0
11
116.209965
21
-3.000000
31
0.0
0
LINE
8
right
10
116.209965
20
-3.000000
30
0.0
11
116.055202
21
-3.000000
31
0.0
0
LINE
8
right
10
116.055202
20
-3.000000
30
0.0
11
115.908049
21
-3.000000
31
0.0
0
LINE
8
right
10
115.908049
20
-3.000000
30
0.0
11
115.769627
21
-3.000000
31
0.0
0
LINE
8
right
10
115.769627
20
-3.000000
30
0.0
11
115.640988
21
-3.000000
31
0.0
0
LINE
8
right
10
115.640988
20
-3.000000
30
0.0
11
115.523113
21
-3.000000
31
0.0
0
LINE
8
right
10
115.523113
20
-3.000000
30
0.0
11
115.416898
21
-3.000000
31
0.0
0
LINE
8
right
10
115.416898
20
-3.000000
30
0.0
11
115.323151
21
-3.000000
31
0.0
0
LINE
8
right
10
115.323151
20
-3.000000
30
0.0
11
115.242586
21
-3.000000
31
0.0
0
LINE
8
right
10
115.242586
20
-3.000000
30
0.0
11
115.175817
21
-3.000000
31
0.0
0
LINE
8
right
10
115.175817
20
-3.000000
30
0.0
11
115.123350
21
-3.000000
31
0.0
0
LINE
8
right
10
115.123350
20
-3.000000
30
0.0
11
115.085586
21
-3.000000
31
0.0
0
LINE
8
right
10
115.085586
20
-3.000000
30
0.0
11
115.062812
21
-3.000000
31
0.0
0
LINE
8
right
10
115.062812
20
-3.000000
30
0.0
11
115.055202
21
-3.000000
31
0.0
0
LINE
8
right
10
115.055202
20
-3.000000
30
0.0
11
115.062812
21
-3.000000
31
0.0
0
LINE
8
right
10
115.062812
20
-3.000000
30
0.0
11
115.085586
21
-3.000000
31
0.0
0
LINE
8
right
10
115.085586
20
-3.000000
30
0.0
11
115.123350
21
-3.000000
31
0.0
0
LINE
8
right
10
115.123350
20
-3.000000
30
0.0
11
115.175817
21
-3.000000
31
0.0
0
LINE
8
right
10
115.175817
20
-3.000000
30
0.0
11
115.242586
21
-3.000000
31
0.0
0
LINE
8
right
10
115.242586
20
-3.000000
30
0.0
11
115.323151
21
-3.000000
31
0.0
0
LINE
8
right
10
115.323151
20
-3.000000
30
0.0
11
115.416898
21
-3.000000
31
0.0
0
LINE
8
right
10
115.416898
20
-3.000000
30
0.0
11
115.523113
21
-3.000000
31
0.0
0
LINE
8
right
10
115.523113
20
-3.000000
30
0.0
11
115.640988
21
-3.000000
31
0.0
0
LINE
8
right
10
115.640988
20
-3.000000
30
0.0
11
115.769627
21
-3.000000
31
0.0
0
LINE
8
right
10
115.769627
20
-3.000000
30
0.0
11
115.908049
21
-3.000000
31
0.0
0
LINE
8
right
10
115.908049
20
-3.000000
30
0.0
11
116.055202
21
-3.000000
31
0.0
0
LINE
8
right
10
116.055202
20
-3.000000
30
0.0
11
116.209965
21
-3.000000
31
0.0
0
LINE
8
right
10
116.209965
20
-3.000000
30
0.0
11
116.371161
21
-3.000000
31
0.0
0
LINE
8
right
10
116.371161
20
-3.000000
30
0.0
11
116.537564
21
-3.000000
31
0.0
0
LINE
8
right
10
116.537564
20
-3.000000
30
0.0
11
116.707905
21
-3.000000
31
0.0
0
LINE
8
right
10
116.707905
20
-3.000000
30
0.0
11
116.880890
21
-3.000000
31
0.0
0
LINE
8
right
10
116.880890
20
-3.000000
30
0.0
11
117.055202
21
-3.000000
31
0.0
0
LINE
8
right
10
117.055202
20
-3.000000
30
0.0
11
117.229513
21
-3.000000
31
0.0
0
LINE
8
right
10
117.229513
20
-3.000000
30
0.0
11
117.402498
21
-3.000000
31
0.0
0
LINE
8
right
10
117.402498
20
-3.000000
30
0.0
11
117.572840
21
-3.000000
31
0.0
0
LINE
8
right
10
117.572840
20
-3.000000
30
0.0
11
117.739242
21
-3.000000
31
0.0
0
LINE
8
right
10
117.739242
20
-3.000000
30
0.0
11
117.900438
21
-3.000000
31
0.0
0
LINE
8
right
10
117.900438
20
-3.000000
30
0.0
11
118.055202
21
-3.000000
31
0.0
0
LINE
8
right
10
118.055202
20
-3.000000
30
0.0
11
118.202355
21
-3.000000
31
0.0
0
LINE
8
right
10
118.202355
20
-3.000000
30
0.0
11
118.340777
21
-3.000000
31
0.0
0
LINE
8
right
10
118.340777
20
-3.000000
30
0.0
11
118.469415
21
-3.000000
31
0.0
0
LINE
8
right
10
118.469415
20
-3.000000
30
0.0
11
118.587291
21
-3.000000
31
0.0
0
LINE
8
right
10
118.587291
20
-3.000000
30
0.0
11
118.693506
21
-3.000000
31
0.0
0
LINE
8
right
10
118.693506
20
-3.000000
30
0.0
11
118.787253
21
-3.000000
31
0.0
0
LINE
8
right
10
118.787253
20
-3.000000
30
0.0
11
118.867817
21
-3.000000
31
0.0
0
LINE
8
right
10
118.867817
20
-3.000000
30
0.0
11
118.934587
21
-3.000000
31
0.0
0
LINE
8
right
10
118.934587
20
-3.000000
30
0.0
11
118.987053
21
-3.000000
31
0.0
0
LINE
8
right
10
118.987053
20
-3.000000
30
0.0
11
119.024817
21
-3.000000
31
0.0
0
LINE
8
right
10
119.024817
20
-3.000000
30
0.0
11
119.047591
21
-3.000000
31
0.0
0
LINE
8
right
10
119.047591
20
-3.000000
30
0.0
11
119.055202
21
-3.000000
31
0.0
0
LINE
8
right
10
119.055202
20
-3.000000
30
0.0
11
119.047591
21
-3.000000
31
0.0
0
LINE
8
right
10
119.047591
20
-3.000000
30
0.0
11
119.024817
21
-3.000000
31
0.0
0
LINE
8
right
10
119.024817
20
-3.000000
30
0.0
11
118.987053
21
-3.000000
31
0.0
0
LINE
8
right
10
118.987053
20
-3.000000
30
0.0
11
118.934587
21
-3.000000
31
0.0
0
LINE
8
right
10
118.934587
20
-3.000000
30
0.0
11
118.867817
21
-3.000000
31
0.0
0
LINE
8
right
10
118.867817
20
-3.000000
30
0.0
11
118.787253
21
-3.000000
31
0.0
0
LINE
8
right
10
118.787253
20
-3.000000
30
0.0
11
118.693506
21
-3.000000
31
0.0
0
LINE
8
right
10
118.693506
20
-3.000000
30
0.0
11
118.587291
21
-3.000000
31
0.0
0
LINE
8
right
10
118.587291
20
-3.000000
30
0.0
11
118.469415
21
-3.000000
31
0.0
0
LINE
8
right
10
118.469415
20
-3.000000
30
0.0
11
118.340777
21
-3.000000
31
0.0
0
LINE
8
right
10
118.340777
20
-3.000000
30
0.0
11
118.202355
21
-3.000000
31
0.0
0
LINE
8
right
10
118.202355
20
-3.000000
30
0.0
11
118.055202
21
-3.000000
31
0.0
0
LINE
8
right
10
118.055202
20
-3.000000
30
0.0
11
117.900438
21
-3.000000
31
0.0
0
LINE
8
right
10
117.900438
20
-3.000000
30
0.0
11
117.739242
21
-3.000000
31
0.0
0
LINE
8
right
10
117.739242
20
-3.000000
30
0.0
11
117.572840
21
-3.000000
31
0.0
0
LINE
8
right
10
117.572840
20
-3.000000
30
0.0
11
117.402498
21
-3.000000
31
0.0
0
LINE
8
right
10
117.402498
20
-3.000000
30
0.0
11
117.229513
21
-3.000000
31
0.0
0
LINE
8
right
10
117.229513
20
-3.000000
30
0.0
11
117.055202
21
-3.000000
31
0.0
0
LINE
8
front
10
-25.000000
20
-3.000000
30
0.0
11
-25.000000
21
0.175000
31
0.0
0
LINE
8
top
10
-25.000000
20
-20.250000
30
0.0
11
-25.000000
21
-20.250000
31
0.0
0
LINE
8
right
10
117.055202
20
-3.000000
30
0.0
11
117.055202
21
0.175000
31
0.0
0
LINE
8
front
10
-21.000000
20
0.175000
30
0.0
11
-21.007611
21
0.175000
31
0.0
0
LINE
8
front
10
-21.007611
20
0.175000
30
0.0
11
-21.030385
21
0.175000
31
0.0
0
LINE
8
front
10
-21.030385
20
0.175000
30
0.0
11
-21.068149
21
0.175000
31
0.0
0
LINE
8
front
10
-21.068149
20
0.175000
30
0.0
11
-21.120615
21
0.175000
31
0.0
0
LINE
8
front
10
-21.120615
20
0.175000
30
0.0
11
-21.187385
21
0.175000
31
0.0
0
LINE
8
front
10
-21.187385
20
0.175000
30
0.0
11
-21.267949
21
0.175000
31
0.0
0
LINE
8
front
10
-21.267949
20
0.175000
30
0.0
11
-21.361696
21
0.175000
31
0.0
0
LINE
8
front
10
-21.361696
20
0.175000
30
0.0
11
-21.467911
21
0.175000
31
0.0
0
LINE
8
front
10
-21.467911
20
0.175000
30
0.0
11
-21.585787
21
0.175000
31
0.0
0
LINE
8
front
10
-21.585787
20
0.175000
30
0.0
11
-21.714425
21
0.175000
31
0.0
0
LINE
8
front
10
-21.714425
20
0.175000
30
0.0
11
-21.852847
21
0.175000
31
0.0
0
LINE
8
front
10
-21.852847
20
0.175000
30
0.0
11
-22.000000
21
0.175000
31
0.0
0
LINE
8
front
10
-22.000000
20
0.175000
30
0.0
11
-22.154764
21
0.175000
31
0.0
0
LINE
8
front
10
-22.154764
20
0.175000
30
0.0
11
-22.315960
21
0.175000
31
0.0
0
LINE
8
front
10
-22.315960
20
0.175000
30
0.0
11
-22.482362
21
0.175000
31
0.0
0
LINE
8
front
10
-22.482362
20
0.175000
30
0.0
11
-22.652704
21
0.175000
31
0.0
0
LINE
8
front
10
-22.652704
20
0.175000
30
0.0
11
-22.825689
21
0.175000
31
0.0
0
LINE
8
front
10
-22.825689
20
0.175000
30
0.0
11
-23.000000
21
0.175000
31
0.0
0
LINE
8
front
10
-23.000000
20
0.175000
30
0.0
11
-23.174312
21
0.175000
31
0.0
0
LINE
8
front
10
-23.174312
20
0.175000
30
0.0
11
-23.347297
21
0.175000
31
0.0
0
LINE
8
front
10
-23.347297
20
0.175000
30
0.0
11
-23.517638
21
0.175000
31
0.0
0
LINE
8
front
10
-23.517638
20
0.175000
30
0.0
11
-23.684041
21
0.175000
31
0.0
0
LINE
8
front
10
-23.684041
20
0.175000
30
0.0
11
-23.845237
21
0.175000
31
0.0
0
LINE
8
front
10
-23.845237
20
0.175000
30
0.0
11
-24.000000
21
0.175000
31
0.0
0
LINE
8
front
10
-24.000000
20
0.175000
30
0.0
11
-24.147153
21
0.175000
31
0.0
0
LINE
8
front
10
-24.147153
20
0.175000
30
0.0
11
-24.285576
21
0.175000
31
0.0
0
LINE
8
front
10
-24.285576
20
0.175000
30
0.0
11
-24.414214
21
0.175000
31
0.0
0
LINE
8
front
10
-24.414214
20
0.175000
30
0.0
11
-24.532089
21
0.175000
31
0.0
0
LINE
8
front
10
-24.532089
20
0.175000
30
0.0
11
-24.638304
21
0.175000
31
0.0
0
LINE
8
front
10
-24.638304
20
0.175000
30
0.0
11
-24.732051
21
0.175000
31
0.0
0
LINE
8
front
10
-24.732051
20
0.175000
30
0.0
11
-24.812616
21
0.175000
31
0.0
0
LINE
8
front
10
-24.812616
20
0.175000
30
0.0
11
-24.879386
21
0.175000
31
0.0
0
LINE
8
front
10
-24.879386
20
0.175000
30
0.0
11
-24.931852
21
0.175000
31
0.0
0
LINE
8
front
10
-24.931852
20
0.175000
30
0.0
11
-24.969616
21
0.175000
31
0.0
0
LINE
8
front
10
-24.969616
20
0.175000
30
0.0
11
-24.992390
21
0.175000
31
0.0
0
LINE
8
front
10
-24.992390
20
0.175000
30
0.0
11
-25.000000
21
0.175000
31
0.0
0
LINE
8
front
10
-25.000000
20
0.175000
30
0.0
11
-24.992390
21
0.175000
31
0.0
0
LINE
8
front
10
-24.992390
20
0.175000
30
0.0
11
-24.969616
21
0.175000
31
0.0
0
LINE
8
front
10
-24.969616
20
0.175000
30
0.0
11
-24.931852
21
0.175000
31
0.0
0
LINE
8
front
10
-24.931852
20
0.175000
30
0.0
11
-24.879386
21
0.175000
31
0.0
0
LINE
8
front
10
-24.879386
20
0.175000
30
0.0
11
-24.812616
21
0.175000
31
0.0
0
LINE
8
front
10
-24.812616
20
0.175000
30
0.0
11
-24.732051
21
0.175000
31
0.0
0
LINE
8
front
10
-24.732051
20
0.175000
30
0.0
11
-24.638304
21
0.175000
31
0.0
0
LINE
8
front
10
-24.638304
20
0.175000
30
0.0
11
-24.532089
21
0.175000
31
0.0
0
LINE
8
front
10
-24.532089
20
0.175000
30
0.0
11
-24.414214
21
0.175000
31
0.0
0
LINE
8
front
10
-24.414214
20
0.175000
30
0.0
11
-24.285576
21
0.175000
31
0.0
0
LINE
8
front
10
-24.285576
20
0.175000
30
0.0
11
-24.147153
21
0.175000
31
0.0
0
LINE
8
front
10
-24.147153
20
0.175000
30
0.0
11
-24.000000
21
0.175000
31
0.0
0
LINE
8
front
10
-24.000000
20
0.175000
30
0.0
11
-23.845237
21
0.175000
31
0.0
0
LINE
8
front
10
-23.845237
20
0.175000
30
0.0
11
-23.684041
21
0.175000
31
0.0
0
LINE
8
front
10
-23.684041
20
0.175000
30
0.0
11
-23.517638
21
0.175000
31
0.0
0
LINE
8
front
10
-23.517638
20
0.175000
30
0.0
11
-23.347297
21
0.175000
31
0.0
0
LINE
8
front
10
-23.347297
20
0.175000
30
0.0
11
-23.174312
21
0.175000
31
0.0
0
LINE
8
front
10
-23.174312
20
0.175000
30
0.0
11
-23.000000
21
0.175000
31
0.0
0
LINE
8
front
10
-23.000000
20
0.175000
30
0.0
11
-22.825689
21
0.175000
31
0.0
0
LINE
8
front
10
-22.825689
20
0.175000
30
0.0
11
-22.652704
21
0.175000
31
0.0
0
LINE
8
front
10
-22.652704
20
0.175000
30
0.0
11
-22.482362
21
0.175000
31
0.0
0
LINE
8
front
10
-22.482362
20
0.175000
30
0.0
11
-22.315960
21
0.175000
31
0.0
0
LINE
8
front
10
-22.315960
20
0.175000
30
0.0
11
-22.154764
21
0.175000
31
0.0
0
LINE
8
front
10
-22.154764
20
0.175000
30
0.0
11
-22.000000
21
0.175000
31
0.0
0
LINE
8
front
10
-22.000000
20
0.175000
30
0.0
11
-21.852847
21
0.175000
31
0.0
0
LINE
8
front
10
-21.852847
20
0.175000
30
0.0
11
-21.714425
21
0.175000
31
0.0
0
LINE
8
front
10
-21.714425
20
0.175000
30
0.0
11
-21.585787
21
0.175000
31
0.0
0
LINE
8
front
10
-21.585787
20
0.175000
30
0.0
11
-21.467911
21
0.175000
31
0.0
0
LINE
8
front
10
-21.467911
20
0.175000
30
0.0
11
-21.361696
21
0.175000
31
0.0
0
LINE
8
front
10
-21.361696
20
0.175000
30
0.0
11
-21.267949
21
0.175000
31
0.0
0
LINE
8
front
10
-21.267949
20
0.175000
30
0.0
11
-21.187385
21
0.175000
31
0.0
0
LINE
8
front
10
-21.187385
20
0.175000
30
0.0
11
-21.120615
21
0.175000
31
0.0
0
LINE
8
front
10
-21.120615
20
0.175000
30
0.0
11
-21.068149
21
0.175000
31
0.0
0
LINE
8
front
10
-21.068149
20
0.175000
30
0.0
11
-21.030385
21
0.175000
31
0.0
0
LINE
8
front
10
-21.030385
20
0.175000
30
0.0
11
-21.007611
21
0.175000
31
0.0
0
LINE
8
front
10
-21.007611
20
0.175000
30
0.0
11
-21.000000
21
0.175000
31
0.0
0
LINE
8
top
10
-21.000000
20
-20.250000
30
0.0
11
-21.007611
21
-20.424311
31
0.0
0
LINE
8
top
10
-21.007611
20
-20.424311
30
0.0
11
-21.030385
21
-20.597296
31
0.0
0
LINE
8
top
10
-21.030385
20
-20.597296
30
0.0
11
-21.068149
21
-20.767638
31
0.0
0
LINE
8
top
10
-21.068149
20
-20.767638
30
0.0
11
-21.120615
21
-20.934040
31
0.0
0
LINE
8
top
10
-21.120615
20
-20.934040
30
0.0
11
-21.187385
21
-21.095236
31
0.0
0
LINE
8
top
10
-21.187385
20
-21.095236
30
0.0
11
-21.267949
21
-21.250000
31
0.0
0
LINE
8
top
10
-21.267949
20
-21.250000
30
0.0
11
-21.361696
21
-21.397153
31
0.0
0
LINE
8
top
10
-21.361696
20
-21.397153
30
0.0
11
-21.467911
21
-21.535575
31
0.0
0
LINE
8
top
10
-21.467911
20
-21.535575
30
0.0
11
-21.585787
21
-21.664213
31
0.0
0
LINE
8
top
10
-21.585787
20
-21.664213
30
0.0
11
-21.714425
21
-21.782089
31
0.0
0
LINE
8
top
10
-21.714425
20
-21.782089
30
0.0
11
-21.852847
21
-21.888304
31
0.0
0
LINE
8
top
10
-21.852847
20
-21.888304
30
0.0
11
-22.000000
21
-21.982051
31
0.0
0
LINE
8
top
10
-22.000000
20
-21.982051
30
0.0
11
-22.154764
21
-22.062615
31
0.0
0
LINE
8
top
10
-22.154764
20
-22.062615
30
0.0
11
-22.315960
21
-22.129385
31
0.0
0
LINE
8
top
10
-22.315960
20
-22.129385
30
0.0
11
-22.482362
21
-22.181852
31
0.0
0
LINE
8
top
10
-22.482362
20
-22.181852
30
0.0
11
-22.652704
21
-22.219615
31
0.0
0
LINE
8
top
10
-22.652704
20
-22.219615
30
0.0
11
-22.825689
21
-22.242389
31
0.0
0
LINE
8
top
10
-22.825689
20
-22.242389
30
0.0
11
-23.000000
21
-22.250000
31
0.0
0
LINE
8
top
10
-23.000000
20
-22.250000
30
0.0
11
-23.174312
21
-22.242389
31
0.0
0
LINE
8
top
10
-23.174312
20
-22.242389
30
0.0
11
-23.347297
21
-22.219615
31
0.0
0
LINE
8
top
10
-23.347297
20
-22.219615
30
0.0
11
-23.517638
21
-22.181852
31
0.0
0
LINE
8
top
10
-23.517638
20
-22.181852
30
0.0
11
-23.684041
21
-22.129385
31
0.0
0
LINE
8
top
10
-23.684041
20
-22.129385
30
0.0
11
-23.845237
21
-22.062615
31
0.0
0
LINE
8
top
10
-23.845237
20
-22.062615
30
0.0
11
-24.000000
21
-21.982051
31
0.0
0
LINE
8
top
10
-24.000000
20
-21.982051
30
0.0
11
-24.147153
21
-21.888304
31
0.0
0
LINE
8
top
10
-24.147153
20
-21.888304
30
0.0
11
-24.285576
21
-21.782089
31
0.0
0
LINE
8
top
10
-24.285576
20
-21.782089
30
0.0
11
-24.414214
21
-21.664213
31
0.0
0
LINE
8
top
10
-24.414214
20
-21.664213
30
0.0
11
-24.532089
21
-21.535575
31
0.0
0
LINE
8
top
10
-24.532089
20
-21.535575
30
0.0
11
-24.638304
21
-21.397153
31
0.0
0
LINE
8
top
10
-24.638304
20
-21.397153
30
0.0
11
-24.732051
21
-21.250000
31
0.0
0
LINE
8
top
10
-24.732051
20
-21.250000
30
0.0
11
-24.812616
21
-21.095236
31
0.0
0
LINE
8
top
10
-24.812616
20
-21.095236
30
0.0
11
-24.879386
21
-20.934040
31
0.0
0
LINE
8
top
10
-24.879386
20
-20.934040
30
0.0
11
-24.931852
21
-20.767638
31
0.0
0
LINE
8
top
10
-24.931852
20
-20.767638
30
0.0
11
-24.969616
21
-20.597296
31
0.0
0
LINE
8
top
10
-24.969616
20
-20.597296
30
0.0
11
-24.992390
21
-20.424311
31
0.0
0
LINE
8
top
10
-24.992390
20
-20.424311
30
0.0
11
-25.000000
21
-20.250000
31
0.0
0
LINE
8
top
10
-25.000000
20
-20.250000
30
0.0
11
-24.992390
21
-20.075688
31
0.0
0
LINE
8
top
10
-24.992390
20
-20.075688
30
0.0
11
-24.969616
21
-19.902704
31
0.0
0
LINE
8
top
10
-24.969616
20
-19.902704
30
0.0
11
-24.931852
21
-19.732362
31
0.0
0
LINE
8
top
10
-24.931852
20
-19.732362
30
0.0
11
-24.879386
21
-19.565960
31
0.0
0
LINE
8
top
10
-24.879386
20
-19.565960
30
0.0
11
-24.812616
21
-19.404763
31
0.0
0
LINE
8
top
10
-24.812616
20
-19.404763
30
0.0
11
-24.732051
21
-19.250000
31
0.0
0
LINE
8
top
10
-24.732051
20
-19.250000
30
0.0
11
-24.638304
21
-19.102847
31
0.0
0
LINE
8
top
10
-24.638304
20
-19.102847
30
0.0
11
-24.532089
21
-18.964425
31
0.0
0
LINE
8
top
10
-24.532089
20
-18.964425
30
0.0
11
-24.414214
21
-18.835786
31
0.0
0
LINE
8
top
10
-24.414214
20
-18.835786
30
0.0
11
-24.285576
21
-18.717911
31
0.0
0
LINE
8
top
10
-24.285576
20
-18.717911
30
0.0
11
-24.147153
21
-18.611696
31
0.0
0
LINE
8
top
10
-24.147153
20
-18.611696
30
0.0
11
-24.000000
21
-18.517949
31
0.0
0
LINE
8
top
10
-24.000000
20
-18.517949
30
0.0
11
-23.845237
21
-18.437384
31
0.0
0
LINE
8
top
10
-23.845237
20
-18.437384
30
0.0
11
-23.684041
21
-18.370615
31
0.0
0
LINE
8
top
10
-23.684041
20
-18.370615
30
0.0
11
-23.517638
21
-18.318148
31
0.0
0
LINE
8
top
10
-23.517638
20
-18.318148
30
0.0
11
-23.347297
21
-18.280384
31
0.0
0
LINE
8
top
10
-23.347297
20
-18.280384
30
0.0
11
-23.174312
21
-18.257610
31
0.0
0
LINE
8
top
10
-23.174312
20
-18.257610
30
0.0
11
-23.000000
21
-18.250000
31
0.0
0
LINE
8
top
10
-23.000000
20
-18.250000
30
0.0
11
-22.825689
21
-18.257610
31
0.0
0
LINE
8
top
10
-22.825689
20
-18.257610
30
0.0
11
-22.652704
21
-18.280384
31
0.0
0
LINE
8
top
10
-22.652704
20
-18.280384
30
0.0
11
-22.482362
21
-18.318148
31
0.0
0
LINE
8
top
10
-22.482362
20
-18.318148
30
0.0
11
-22.315960
21
-18.370615
31
0.0
0
LINE
8
top
10
-22.315960
20
-18.370615
30
0.0
11
-22.154764
21
-18.437384
31
0.0
0
LINE
8
top
10
-22.154764
20
-18.437384
30
0.0
11
-22.000000
21
-18.517949
31
0.0
0
LINE
8
top
10
-22.000000
20
-18.517949
30
0.0
11
-21.852847
21
-18.611696
31
0.0
0
LINE
8
top
10
-21.852847
20
-18.611696
30
0.0
11
-21.714425
21
-18.717911
31
0.0
0
LINE
8
top
10
-21.714425
20
-18.717911
30
0.0
11
-21.585787
21
-18.835786
31
0.0
0
LINE
8
top
10
-21.585787
20
-18.835786
30
0.0
11
-21.467911
21
-18.964425
31
0.0
0
LINE
8
top
10
-21.467911
20
-18.964425
30
0.0
11
-21.361696
21
-19.102847
31
0.0
0
LINE
8
top
10
-21.361696
20
-19.102847
30
0.0
11
-21.267949
21
-19.250000
31
0.0
0
LINE
8
top
10
-21.267949
20
-19.250000
30
0.0
11
-21.187385
21
-19.404763
31
0.0
0
LINE
8
top
10
-21.187385
20
-19.404763
30
0.0
11
-21.120615
21
-19.565960
31
0.0
0
LINE
8
top
10
-21.120615
20
-19.565960
30
0.0
11
-21.068149
21
-19.732362
31
0.0
0
LINE
8
top
10
-21.068149
20
-19.732362
30
0.0
11
-21.030385
21
-19.902704
31
0.0
0
LINE
8
top
10
-21.030385
20
-19.902704
30
0.0
11
-21.007611
21
-20.075688
31
0.0
0
LINE
8
top
10
-21.007611
20
-20.075688
30
0.0
11
-21.000000
21
-20.250000
31
0.0
0
LINE
8
right
10
117.055202
20
0.175000
30
0.0
11
117.229513
21
0.175000
31
0.0
0
LINE
8
right
10
117.229513
20
0.175000
30
0.0
11
117.402498
21
0.175000
31
0.0
0
LINE
8
right
10
117.402498
20
0.175000
30
0.0
11
117.572840
21
0.175000
31
0.0
0
LINE
8
right
10
117.572840
20
0.175000
30
0.0
11
117.739242
21
0.175000
31
0.0
0
LINE
8
right
10
117.739242
20
0.175000
30
0.0
11
117.900438
21
0.175000
31
0.0
0
LINE
8
right
10
117.900438
20
0.175000
30
0.0
11
118.055202
21
0.175000
31
0.0
0
LINE
8
right
10
118.055202
20
0.175000
30
0.0
11
118.202355
21
0.175000
31
0.0
0
LINE
8
right
10
118.202355
20
0.175000
30
0.0
11
118.340777
21
0.175000
31
0.0
0
LINE
8
right
10
118.340777
20
0.175000
30
0.0
11
118.469415
21
0.175000
31
0.0
0
LINE
8
right
10
118.469415
20
0.175000
30
0.0
11
118.587291
21
0.175000
31
0.0
0
LINE
8
right
10
118.587291
20
0.175000
30
0.0
11
118.693506
21
0.175000
31
0.0
0
LINE
8
right
10
118.693506
20
0.175000
30
0.0
11
118.787253
21
0.175000
31
0.0
0
LINE
8
right
10
118.787253
20
0.175000
30
0.0
11
118.867817
21
0.175000
31
0.0
0
LINE
8
right
10
118.867817
20
0.175000
30
0.0
11
118.934587
21
0.175000
31
0.0
0
LINE
8
right
10
118.934587
20
0.175000
30
0.0
11
118.987053
21
0.175000
31
0.0
0
LINE
8
right
10
118.987053
20
0.175000
30
0.0
11
119.024817
21
0.175000
31
0.0
0
LINE
8
right
10
119.024817
20
0.175000
30
0.0
11
119.047591
21
0.175000
31
0.0
0
LINE
8
right
10
119.047591
20
0.175000
30
0.0
11
119.055202
21
0.175000
31
0.0
0
LINE
8
right
10
119.055202
20
0.175000
30
0.0
11
119.047591
21
0.175000
31
0.0
0
LINE
8
right
10
119.047591
20
0.175000
30
0.0
11
119.024817
21
0.175000
31
0.0
0
LINE
8
right
10
119.024817
20
0.175000
30
0.0
11
118.987053
21
0.175000
31
0.0
0
LINE
8
right
10
118.987053
20
0.175000
30
0.0
11
118.934587
21
0.175000
31
0.0
0
LINE
8
right
10
118.934587
20
0.175000
30
0.0
11
118.867817
21
0.175000
31
0.0
0
LINE
8
right
10
118.867817
20
0.175000
30
0.0
11
118.787253
21
0.175000
31
0.0
0
LINE
8
right
10
118.787253
20
0.175000
30
0.0
11
118.693506
21
0.175000
31
0.0
0
LINE
8
right
10
118.693506
20
0.175000
30
0.0
11
118.587291
21
0.175000
31
0.0
0
LINE
8
right
10
118.587291
20
0.175000
30
0.0
11
118.469415
21
0.175000
31
0.0
0
LINE
8
right
10
118.469415
20
0.175000
30
0.0
11
118.340777
21
0.175000
31
0.0
0
LINE
8
right
10
118.340777
20
0.175000
30
0.0
11
118.202355
21
0.175000
31
0.0
0
LINE
8
right
10
118.202355
20
0.175000
30
0.0
11
118.055202
21
0.175000
31
0.0
0
LINE
8
right
10
118.055202
20
0.175000
30
0.0
11
117.900438
21
0.175000
31
0.0
0
LINE
8
right
10
117.900438
20
0.175000
30
0.0
11
117.739242
21
0.175000
31
0.0
0
LINE
8
right
10
117.739242
20
0.175000
30
0.0
11
117.572840
21
0.175000
31
0.0
0
LINE
8
right
10
117.572840
20
0.175000
30
0.0
11
117.402498
21
0.175000
31
0.0
0
LINE
8
right
10
117.402498
20
0.175000
30
0.0
11
117.229513
21
0.175000
31
0.0
0
LINE
8
right
10
117.229513
20
0.175000
30
0.0
11
117.055202
21
0.175000
31
0.0
0
LINE
8
right
10
117.055202
20
0.175000
30
0.0
11
116.880890
21
0.175000
31
0.0
0
LINE
8
right
10
116.880890
20
0.175000
30
0.0
11
116.707905
21
0.175000
31
0.0
0
LINE
8
right
10
116.707905
20
0.175000
30
0.0
11
116.537564
21
0.175000
31
0.0
0
LINE
8
right
10
116.537564
20
0.175000
30
0.0
11
116.371161
21
0.175000
31
0.0
0
LINE
8
right
10
116.371161
20
0.175000
30
0.0
11
116.209965
21
0.175000
31
0.0
0
LINE
8
right
10
116.209965
20
0.175000
30
0.0
11
116.055202
21
0.175000
31
0.0
0
LINE
8
right
10
116.055202
20
0.175000
30
0.0
11
115.908049
21
0.175000
31
0.0
0
LINE
8
right
10
115.908049
20
0.175000
30
0.0
11
115.769627
21
0.175000
31
0.0
0
LINE
8
right
10
115.769627
20
0.175000
30
0.0
11
115.640988
21
0.175000
31
0.0
0
LINE
8
right
10
115.640988
20
0.175000
30
0.0
11
115.523113
21
0.175000
31
0.0
0
LINE
8
right
10
115.523113
20
0.175000
30
0.0
11
115.416898
21
0.175000
31
0.0
0
LINE
8
right
10
115.416898
20
0.175000
30
0.0
11
115.323151
21
0.175000
31
0.0
0
LINE
8
right
10
115.323151
20
0.175000
30
0.0
11
115.242586
21
0.175000
31
0.0
0
LINE
8
right
10
115.242586
20
0.175000
30
0.0
11
115.175817
21
0.175000
31
0.0
0
LINE
8
right
10
115.175817
20
0.175000
30
0.0
11
115.123350
21
0.175000
31
0.0
0
LINE
8
right
10
115.123350
20
0.175000
30
0.0
11
115.085586
21
0.175000
31
0.0
0
LINE
8
right
10
115.085586
20
0.175000
30
0.0
11
115.062812
21
0.175000
31
0.0
0
LINE
8
right
10
115.062812
20
0.175000
30
0.0
11
115.055202
21
0.175000
31
0.0
0
LINE
8
right
10
115.055202
20
0.175000
30
0.0
11
115.062812
21
0.175000
31
0.0
0
LINE
8
right
10
115.062812
20
0.175000
30
0.0
11
115.085586
21
0.175000
31
0.0
0
LINE
8
right
10
115.085586
20
0.175000
30
0.0
11
115.123350
21
0.175000
31
0.0
0
LINE
8
right
10
115.123350
20
0.175000
30
0.0
11
115.175817
21
0.175000
31
0.0
0
LINE
8
right
10
115.175817
20
0.175000
30
0.0
11
115.242586
21
0.175000
31
0.0
0
LINE
8
right
10
115.242586
20
0.175000
30
0.0
11
115.323151
21
0.175000
31
0.0
0
LINE
8
right
10
115.323151
20
0.175000
30
0.0
11
115.416898
21
0.175000
31
0.0
0
LINE
8
right
10
115.416898
20
0.175000
30
0.0
11
115.523113
21
0.175000
31
0.0
0
LINE
8
right
10
115.523113
20
0.175000
30
0.0
11
115.640988
21
0.175000
31
0.0
0
LINE
8
right
10
115.640988
20
0.175000
30
0.0
11
115.769627
21
0.175000
31
0.0
0
LINE
8
right
10
115.769627
20
0.175000
30
0.0
11
115.908049
21
0.175000
31
0.0
0
LINE
8
right
10
115.908049
20
0.175000
30
0.0
11
116.055202
21
0.175000
31
0.0
0
LINE
8
right
10
116.055202
20
0.175000
30
0.0
11
116.209965
21
0.175000
31
0.0
0
LINE
8
right
10
116.209965
20
0.175000
30
0.0
11
116.371161
21
0.175000
31
0.0
0
LINE
8
right
10
116.371161
20
0.175000
30
0.0
11
116.537564
21
0.175000
31
0.0
0
LINE
8
right
10
116.537564
20
0.175000
30
0.0
11
116.707905
21
0.175000
31
0.0
0
LINE
8
right
10
116.707905
20
0.175000
30
0.0
11
116.880890
21
0.175000
31
0.0
0
LINE
8
right
10
116.880890
20
0.175000
30
0.0
11
117.055202
21
0.175000
31
0.0
0
LINE
8
front
10
-21.000000
20
-3.000000
30
0.0
11
-21.007611
21
-3.000000
31
0.0
0
LINE
8
front
10
-21.007611
20
-3.000000
30
0.0
11
-21.030385
21
-3.000000
31
0.0
0
LINE
8
front
10
-21.030385
20
-3.000000
30
0.0
11
-21.068149
21
-3.000000
31
0.0
0
LINE
8
front
10
-21.068149
20
-3.000000
30
0.0
11
-21.120615
21
-3.000000
31
0.0
0
LINE
8
front
10
-21.120615
20
-3.000000
30
0.0
11
-21.187385
21
-3.000000
31
0.0
0
LINE
8
front
10
-21.187385
20
-3.000000
30
0.0
11
-21.267949
21
-3.000000
31
0.0
0
LINE
8
front
10
-21.267949
20
-3.000000
30
0.0
11
-21.361696
21
-3.000000
31
0.0
0
LINE
8
front
10
-21.361696
20
-3.000000
30
0.0
11
-21.467911
21
-3.000000
31
0.0
0
LINE
8
front
10
-21.467911
20
-3.000000
30
0.0
11
-21.585787
21
-3.000000
31
0.0
0
LINE
8
front
10
-21.585787
20
-3.000000
30
0.0
11
-21.714425
21
-3.000000
31
0.0
0
LINE
8
front
10
-21.714425
20
-3.000000
30
0.0
11
-21.852847
21
-3.000000
31
0.0
0
LINE
8
front
10
-21.852847
20
-3.000000
30
0.0
11
-22.000000
21
-3.000000
31
0.0
0
LINE
8
front
10
-22.000000
20
-3.000000
30
0.0
11
-22.154764
21
-3.000000
31
0.0
0
LINE
8
front
10
-22.154764
20
-3.000000
30
0.0
11
-22.315960
21
-3.000000
31
0.0
0
LINE
8
front
10
-22.315960
20
-3.000000
30
0.0
11
-22.482362
21
-3.000000
31
0.0
0
LINE
8
front
10
-22.482362
20
-3.000000
30
0.0
11
-22.652704
21
-3.000000
31
0.0
0
LINE
8
front
10
-22.652704
20
-3.000000
30
0.0
11
-22.825689
21
-3.000000
31
0.0
0
LINE
8
front
10
-22.825689
20
-3.000000
30
0.0
11
-23.000000
21
-3.000000
31
0.0
0
LINE
8
front
10
-23.000000
20
-3.000000
30
0.0
11
-23.174312
21
-3.000000
31
0.0
0
LINE
8
front
10
-23.174312
20
-3.000000
30
0.0
11
-23.347297
21
-3.000000
31
0.0
0
LINE
8
front
10
-23.347297
20
-3.000000
30
0.0
11
-23.517638
21
-3.000000
31
0.0
0
LINE
8
front
10
-23.517638
20
-3.000000
30
0.0
11
-23.684041
21
-3.000000
31
0.0
0
LINE
8
front
10
-23.684041
20
-3.000000
30
0.0
11
-23.845237
21
-3.000000
31
0.0
0
LINE
8
front
10
-23.845237
20
-3.000000
30
0.0
11
-24.000000
21
-3.000000
31
0.0
0
LINE
8
front
10
-24.000000
20
-3.000000
30
0.0
11
-24.147153
21
-3.000000
31
0.0
0
LINE
8
front
10
-24.147153
20
-3.000000
30
0.0
11
-24.285576
21
-3.000000
31
0.0
0
LINE
8
front
10
-24.285576
20
-3.000000
30
0.0
11
-24.414214
21
-3.000000
31
0.0
0
LINE
8
front
10
-24.414214
20
-3.000000
30
0.0
11
-24.532089
21
-3.000000
31
0.0
0
LINE
8
front
10
-24.532089
20
-3.000000
30
0.0
11
-24.638304
21
-3.000000
31
0.0
0
LINE
8
front
10
-24.638304
20
-3.000000
30
0.0
11
-24.732051
21
-3.000000
31
0.0
0
LINE
8
front
10
-24.732051
20
-3.000000
30
0.0
11
-24.812616
21
-3.000000
31
0.0
0
LINE
8
front
10
-24.812616
20
-3.000000
30
0.0
11
-24.879386
21
-3.000000
31
0.0
0
LINE
8
front
10
-24.879386
20
-3.000000
30
0.0
11
-24.931852
21
-3.000000
31
0.0
0
LINE
8
front
10
-24.931852
20
-3.000000
30
0.0
11
-24.969616
21
-3.000000
31
0.0
0
LINE
8
front
10
-24.969616
20
-3.000000
30
0.0
11
-24.992390
21
-3.000000
31
0.0
0
LINE
8
front
10
-24.992390
20
-3.000000
30
0.0
11
-25.000000
21
-3.000000
31
0.0
0
LINE
8
front
10
-25.000000
20
-3.000000
30
0.0
11
-24.992390
21
-3.000000
31
0.0
0
LINE
8
front
10
-24.992390
20
-3.000000
30
0.0
11
-24.969616
21
-3.000000
31
0.0
0
LINE
8
front
10
-24.969616
20
-3.000000
30
0.0
11
-24.931852
21
-3.000000
31
0.0
0
LINE
8
front
10
-24.931852
20
-3.000000
30
0.0
11
-24.879386
21
-3.000000
31
0.0
0
LINE
8
front
10
-24.879386
20
-3.000000
30
0.0
11
-24.812616
21
-3.000000
31
0.0
0
LINE
8
front
10
-24.812616
20
-3.000000
30
0.0
11
-24.732051
21
-3.000000
31
0.0
0
LINE
8
front
10
-24.732051
20
-3.000000
30
0.0
11
-24.638304
21
-3.000000
31
0.0
0
LINE
8
front
10
-24.638304
20
-3.000000
30
0.0
11
-24.532089
21
-3.000000
31
0.0
0
LINE
8
front
10
-24.532089
20
-3.000000
30
0.0
11
-24.414214
21
-3.000000
31
0.0
0
LINE
8
front
10
-24.414214
20
-3.000000
30
0.0
11
-24.285576
21
-3.000000
31
0.0
0
LINE
8
front
10
-24.285576
20
-3.000000
30
0.0
11
-24.147153
21
-3.000000
31
0.0
0
LINE
8
front
10
-24.147153
20
-3.000000
30
0.0
11
-24.000000
21
-3.000000
31
0.0
0
LINE
8
front
10
-24.000000
20
-3.000000
30
0.0
11
-23.845237
21
-3.000000
31
0.0
0
LINE
8
front
10
-23.845237
20
-3.000000
30
0.0
11
-23.684041
21
-3.000000
31
0.0
0
LINE
8
front
10
-23.684041
20
-3.000000
30
0.0
11
-23.517638
21
-3.000000
31
0.0
0
LINE
8
front
10
-23.517638
20
-3.000000
30
0.0
11
-23.347297
21
-3.000000
31
0.0
0
LINE
8
front
10
-23.347297
20
-3.000000
30
0.0
11
-23.174312
21
-3.000000
31
0.0
0
LINE
8
front
10
-23.174312
20
-3.000000
30
0.0
11
-23.000000
21
-3.000000
31
0.0
0
LINE
8
front
10
-23.000000
20
-3.000000
30
0.0
11
-22.825689
21
-3.000000
31
0.0
0
LINE
8
front
10
-22.825689
20
-3.000000
30
0.0
11
-22.652704
21
-3.000000
31
0.0
0
LINE
8
front
10
-22.652704
20
-3.000000
30
0.0
11
-22.482362
21
-3.000000
31
0.0
0
LINE
8
front
10
-22.482362
20
-3.000000
30
0.0
11
-22.315960
21
-3.000000
31
0.0
0
LINE
8
front
10
-22.315960
20
-3.000000
30
0.0
11
-22.154764
21
-3.000000
31
0.0
0
LINE
8
front
10
-22.154764
20
-3.000000
30
0.0
11
-22.000000
21
-3.000000
31
0.0
0
LINE
8
front
10
-22.000000
20
-3.000000
30
0.0
11
-21.852847
21
-3.000000
31
0.0
0
LINE
8
front
10
-21.852847
20
-3.000000
30
0.0
11
-21.714425
21
-3.000000
31
0.0
0
LINE
8
front
10
-21.714425
20
-3.000000
30
0.0
11
-21.585787
21
-3.000000
31
0.0
0
LINE
8
front
10
-21.585787
20
-3.000000
30
0.0
11
-21.467911
21
-3.000000
31
0.0
0
LINE
8
front
10
-21.467911
20
-3.000000
30
0.0
11
-21.361696
21
-3.000000
31
0.0
0
LINE
8
front
10
-21.361696
20
-3.000000
30
0.0
11
-21.267949
21
-3.000000
31
0.0
0
LINE
8
front
10
-21.267949
20
-3.000000
30
0.0
11
-21.187385
21
-3.000000
31
0.0
0
LINE
8
front
10
-21.187385
20
-3.000000
30
0.0
11
-21.120615
21
-3.000000
31
0.0
0
LINE
8
front
10
-21.120615
20
-3.000000
30
0.0
11
-21.068149
21
-3.000000
31
0.0
0
LINE
8
front
10
-21.068149
20
-3.000000
30
0.0
11
-21.030385
21
-3.000000
31
0.0
0
LINE
8
front
10
-21.030385
20
-3.000000
30
0.0
11
-21.007611
21
-3.000000
31
0.0
0
LINE
8
front
10
-21.007611
20
-3.000000
30
0.0
11
-21.000000
21
-3.000000
31
0.0
0
LINE
8
top
10
-21.000000
20
14.750000
30
0.0
11
-21.007611
21
14.924312
31
0.0
0
LINE
8
top
10
-21.007611
20
14.924312
30
0.0
11
-21.030385
21
15.097296
31
0.0
0
LINE
8
top
10
-21.030385
20
15.097296
30
0.0
11
-21.068149
21
15.267638
31
0.0
0
LINE
8
top
10
-21.068149
20
15.267638
30
0.0
11
-21.120615
21
15.434040
31
0.0
0
LINE
8
top
10
-21.120615
20
15.434040
30
0.0
11
-21.187385
21
15.595237
31
0.0
0
LINE
8
top
10
-21.187385
20
15.595237
30
0.0
11
-21.267949
21
15.750000
31
0.0
0
LINE
8
top
10
-21.267949
20
15.750000
30
0.0
11
-21.361696
21
15.897153
31
0.0
0
LINE
8
top
10
-21.361696
20
15.897153
30
0.0
11
-21.467911
21
16.035575
31
0.0
0
LINE
8
top
10
-21.467911
20
16.035575
30
0.0
11
-21.585787
21
16.164214
31
0.0
0
LINE
8
top
10
-21.585787
20
16.164214
30
0.0
11
-21.714425
21
16.282089
31
0.0
0
LINE
8
top
10
-21.714425
20
16.282089
30
0.0
11
-21.852847
21
16.388304
31
0.0
0
LINE
8
top
10
-21.852847
20
16.388304
30
0.0
11
-22.000000
21
16.482051
31
0.0
0
LINE
8
top
10
-22.000000
20
16.482051
30
0.0
11
-22.154764
21
16.562616
31
0.0
0
LINE
8
top
10
-22.154764
20
16.562616
30
0.0
11
-22.315960
21
16.629385
31
0.0
0
LINE
8
top
10
-22.315960
20
16.629385
30
0.0
11
-22.482362
21
16.681852
31
0.0
0
LINE
8
top
10
-22.482362
20
16.681852
30
0.0
11
-22.652704
21
16.719616
31
0.0
0
LINE
8
top
10
-22.652704
20
16.719616
30
0.0
11
-22.825689
21
16.742390
31
0.0
0
LINE
8
top
10
-22.825689
20
16.742390
30
0.0
11
-23.000000
21
16.750000
31
0.0
0
LINE
8
top
10
-23.000000
20
16.750000
30
0.0
11
-23.174312
21
16.742390
31
0.0
0
LINE
8
top
10
-23.174312
20
16.742390
30
0.0
11
-23.347297
21
16.719616
31
0.0
0
LINE
8
top
10
-23.347297
20
16.719616
30
0.0
11
-23.517638
21
16.681852
31
0.0
0
LINE
8
top
10
-23.517638
20
16.681852
30
0.0
11
-23.684041
21
16.629385
31
0.0
0
LINE
8
top
10
-23.684041
20
16.629385
30
0.0
11
-23.845237
21
16.562616
31
0.0
0
LINE
8
top
10
-23.845237
20
16.562616
30
0.0
11
-24.000000
21
16.482051
31
0.0
0
LINE
8
top
10
-24.000000
20
16.482051
30
0.0
11
-24.147153
21
16.388304
31
0.0
0
LINE
8
top
10
-24.147153
20
16.388304
30
0.0
11
-24.285576
21
16.282089
31
0.0
0
LINE
8
top
10
-24.285576
20
16.282089
30
0.0
11
-24.414214
21
16.164214
31
0.0
0
LINE
8
top
10
-24.414214
20
16.164214
30
0.0
11
-24.532089
21
16.035575
31
0.0
0
LINE
8
top
10
-24.532089
20
16.035575
30
0.0
11
-24.638304
21
15.897153
31
0.0
0
LINE
8
top
10
-24.638304
20
15.897153
30
0.0
11
-24.732051
21
15.750000
31
0.0
0
LINE
8
top
10
-24.732051
20
15.750000
30
0.0
11
-24.812616
21
15.595237
31
0.0
0
LINE
8
top
10
-24.812616
20
15.595237
30
0.0
11
-24.879386
21
15.434040
31
0.0
0
LINE
8
top
10
-24.879386
20
15.434040
30
0.0
11
-24.931852
21
15.267638
31
0.0
0
LINE
8
top
10
-24.931852
20
15.267638
30
0.0
11
-24.969616
21
15.097296
31
0.0
0
LINE
8
top
10
-24.969616
20
15.097296
30
0.0
11
-24.992390
21
14.924312
31
0.0
0
LINE
8
top
10
-24.992390
20
14.924312
30
0.0
11
-25.000000
21
14.750000
31
0.0
0
LINE
8
top
10
-25.000000
20
14.750000
30
0.0
11
-24.992390
21
14.575689
31
0.0
0
LINE
8
top
10
-24.992390
20
14.575689
30
0.0
11
-24.969616
21
14.402704
31
0.0
0
LINE
8
top
10
-24.969616
20
14.402704
30
0.0
11
-24.931852
21
14.232362
31
0.0
0
LINE
8
top
10
-24.931852
20
14.232362
30
0.0
11
-24.879386
21
14.065960
31
0.0
0
LINE
8
top
10
-24.879386
20
14.065960
30
0.0
11
-24.812616
21
13.904764
31
0.0
0
LINE
8
top
10
-24.812616
20
13.904764
30
0.0
11
-24.732051
21
13.750000
31
0.0
0
LINE
8
top
10
-24.732051
20
13.750000
30
0.0
11
-24.638304
21
13.602847
31
0.0
0
LINE
8
top
10
-24.638304
20
13.602847
30
0.0
11
-24.532089
21
13.464425
31
0.0
0
LINE
8
top
10
-24.532089
20
13.464425
30
0.0
11
-24.414214
21
13.335787
31
0.0
0
LINE
8
top
10
-24.414214
20
13.335787
30
0.0
11
-24.285576
21
13.217911
31
0.0
0
LINE
8
top
10
-24.285576
20
13.217911
30
0.0
11
-24.147153
21
13.111696
31
0.0
0
LINE
8
top
10
-24.147153
20
13.111696
30
0.0
11
-24.000000
21
13.017949
31
0.0
0
LINE
8
top
10
-24.000000
20
13.017949
30
0.0
11
-23.845237
21
12.937385
31
0.0
0
LINE
8
top
10
-23.845237
20
12.937385
30
0.0
11
-23.684041
21
12.870615
31
0.0
0
LINE
8
top
10
-23.684041
20
12.870615
30
0.0
11
-23.517638
21
12.818148
31
0.0
0
LINE
8
top
10
-23.517638
20
12.818148
30
0.0
11
-23.347297
21
12.780385
31
0.0
0
LINE
8
top
10
-23.347297
20
12.780385
30
0.0
11
-23.174312
21
12.757611
31
0.0
0
LINE
8
top
10
-23.174312
20
12.757611
30
0.0
11
-23.000000
21
12.750000
31
0.0
0
LINE
8
top
10
-23.000000
20
12.750000
30
0.0
11
-22.825689
21
12.757611
31
0.0
0
LINE
8
top
10
-22.825689
20
12.757611
30
0.0
11
-22.652704
21
12.780385
31
0.0
0
LINE
8
top
10
-22.652704
20
12.780385
30
0.0
11
-22.482362
21
12.818148
31
0.0
0
LINE
8
top
10
-22.482362
20
12.818148
30
0.0
11
-22.315960
21
12.870615
31
0.0
0
LINE
8
top
10
-22.315960
20
12.870615
30
0.0
11
-22.154764
21
12.937385
31
0.0
0
LINE
8
top
10
-22.154764
20
12.937385
30
0.0
11
-22.000000
21
13.017949
31
0.0
0
LINE
8
top
10
-22.000000
20
13.017949
30
0.0
11
-21.852847
21
13.111696
31
0.0
0
LINE
8
top
10
-21.852847
20
13.111696
30
0.0
11
-21.714425
21
13.217911
31
0.0
0
LINE
8
top
10
-21.714425
20
13.217911
30
0.0
11
-21.585787
21
13.335787
31
0.0
0
LINE
8
top
10
-21.585787
20
13.335787
30
0.0
11
-21.467911
21
13.464425
31
0.0
0
LINE
8
top
10
-21.467911
20
13.464425
30
0.0
11
-21.361696
21
13.602847
31
0.0
0
LINE
8
top
10
-21.361696
20
13.602847
30
0.0
11
-21.267949
21
13.750000
31
0.0
0
LINE
8
top
10
-21.267949
20
13.750000
30
0.0
11
-21.187385
21
13.904764
31
0.0
0
LINE
8
top
10
-21.187385
20
13.904764
30
0.0
11
-21.120615
21
14.065960
31
0.0
0
LINE
8
top
10
-21.120615
20
14.065960
30
0.0
11
-21.068149
21
14.232362
31
0.0
0
LINE
8
top
10
-21.068149
20
14.232362
30
0.0
11
-21.030385
21
14.402704
31
0.0
0
LINE
8
top
10
-21.030385
20
14.402704
30
0.0
11
-21.007611
21
14.575689
31
0.0
0
LINE
8
top
10
-21.007611
20
14.575689
30
0.0
11
-21.000000
21
14.750000
31
0.0
0
LINE
8
right
10
82.055202
20
-3.000000
30
0.0
11
81.880890
21
-3.000000
31
0.0
0
LINE
8
right
10
81.880890
20
-3.000000
30
0.0
11
81.707905
21
-3.000000
31
0.0
0
LINE
8
right
10
81.707905
20
-3.000000
30
0.0
11
81.537564
21
-3.000000
31
0.0
0
LINE
8
right
10
81.537564
20
-3.000000
30
0.0
11
81.371161
21
-3.000000
31
0.0
0
LINE
8
right
10
81.371161
20
-3.000000
30
0.0
11
81.209965
21
-3.000000
31
0.0
0
LINE
8
right
10
81.209965
20
-3.000000
30
0.0
11
81.055202
21
-3.000000
31
0.0
0
LINE
8
right
10
81.055202
20
-3.000000
30
0.0
11
80.908049
21
-3.000000
31
0.0
0
LINE
8
right
10
80.908049
20
-3.000000
30
0.0
11
80.769627
21
-3.000000
31
0.0
0
LINE
8
right
10
80.769627
20
-3.000000
30
0.0
11
80.640988
21
-3.000000
31
0.0
0
LINE
8
right
10
80.640988
20
-3.000000
30
0.0
11
80.523113
21
-3.000000
31
0.0
0
LINE
8
right
10
80.523113
20
-3.000000
30
0.0
11
80.416898
21
-3.000000
31
0.0
0
LINE
8
right
10
80.416898
20
-3.000000
30
0.0
11
80.323151
21
-3.000000
31
0.0
0
LINE
8
right
10
80.323151
20
-3.000000
30
0.0
11
80.242586
21
-3.000000
31
0.0
0
LINE
8
right
10
80.242586
20
-3.000000
30
0.0
11
80.175817
21
-3.000000
31
0.0
0
LINE
8
right
10
80.175817
20
-3.000000
30
0.0
11
80.123350
21
-3.000000
31
0.0
0
LINE
8
right
10
80.123350
20
-3.000000
30
0.0
11
80.085586
21
-3.000000
31
0.0
0
LINE
8
right
10
80.085586
20
-3.000000
30
0.0
11
80.062812
21
-3.000000
31
0.0
0
LINE
8
right
10
80.062812
20
-3.000000
30
0.0
11
80.055202
21
-3.000000
31
0.0
0
LINE
8
right
10
80.055202
20
-3.000000
30
0.0
11
80.062812
21
-3.000000
31
0.0
0
LINE
8
right
10
80.062812
20
-3.000000
30
0.0
11
80.085586
21
-3.000000
31
0.0
0
LINE
8
right
10
80.085586
20
-3.000000
30
0.0
11
80.123350
21
-3.000000
31
0.0
0
LINE
8
right
10
80.123350
20
-3.000000
30
0.0
11
80.175817
21
-3.000000
31
0.0
0
LINE
8
right
10
80.175817
20
-3.000000
30
0.0
11
80.242586
21
-3.000000
31
0.0
0
LINE
8
right
10
80.242586
20
-3.000000
30
0.0
11
80.323151
21
-3.000000
31
0.0
0
LINE
8
right
10
80.323151
20
-3.000000
30
0.0
11
80.416898
21
-3.000000
31
0.0
0
LINE
8
right
10
80.416898
20
-3.000000
30
0.0
11
80.523113
21
-3.000000
31
0.0
0
LINE
8
right
10
80.523113
20
-3.000000
30
0.0
11
80.640988
21
-3.000000
31
0.0
0
LINE
8
right
10
80.640988
20
-3.000000
30
0.0
11
80.769627
21
-3.000000
31
0.0
0
LINE
8
right
10
80.769627
20
-3.000000
30
0.0
11
80.908049
21
-3.000000
31
0.0
0
LINE
8
right
10
80.908049
20
-3.000000
30
0.0
11
81.055202
21
-3.000000
31
0.0
0
LINE
8
right
10
81.055202
20
-3.000000
30
0.0
11
81.209965
21
-3.000000
31
0.0
0
LINE
8
right
10
81.209965
20
-3.000000
30
0.0
11
81.371161
21
-3.000000
31
0.0
0
LINE
8
right
10
81.371161
20
-3.000000
30
0.0
11
81.537564
21
-3.000000
31
0.0
0
LINE
8
right
10
81.537564
20
-3.000000
30
0.0
11
81.707905
21
-3.000000
31
0.0
0
LINE
8
right
10
81.707905
20
-3.000000
30
0.0
11
81.880890
21
-3.000000
31
0.0
0
LINE
8
right
10
81.880890
20
-3.000000
30
0.0
11
82.055202
21
-3.000000
31
0.0
0
LINE
8
right
10
82.055202
20
-3.000000
30
0.0
11
82.229513
21
-3.000000
31
0.0
0
LINE
8
right
10
82.229513
20
-3.000000
30
0.0
11
82.402498
21
-3.000000
31
0.0
0
LINE
8
right
10
82.402498
20
-3.000000
30
0.0
11
82.572840
21
-3.000000
31
0.0
0
LINE
8
right
10
82.572840
20
-3.000000
30
0.0
11
82.739242
21
-3.000000
31
0.0
0
LINE
8
right
10
82.739242
20
-3.000000
30
0.0
11
82.900438
21
-3.000000
31
0.0
0
LINE
8
right
10
82.900438
20
-3.000000
30
0.0
11
83.055202
21
-3.000000
31
0.0
0
LINE
8
right
10
83.055202
20
-3.000000
30
0.0
11
83.202355
21
-3.000000
31
0.0
0
LINE
8
right
10
83.202355
20
-3.000000
30
0.0
11
83.340777
21
-3.000000
31
0.0
0
LINE
8
right
10
83.340777
20
-3.000000
30
0.0
11
83.469415
21
-3.000000
31
0.0
0
LINE
8
right
10
83.469415
20
-3.000000
30
0.0
11
83.587291
21
-3.000000
31
0.0
0
LINE
8
right
10
83.587291
20
-3.000000
30
0.0
11
83.693506
21
-3.000000
31
0.0
0
LINE
8
right
10
83.693506
20
-3.000000
30
0.0
11
83.787253
21
-3.000000
31
0.0
0
LINE
8
right
10
83.787253
20
-3.000000
30
0.0
11
83.867817
21
-3.000000
31
0.0
0
LINE
8
right
10
83.867817
20
-3.000000
30
0.0
11
83.934587
21
-3.000000
31
0.0
0
LINE
8
right
10
83.934587
20
-3.000000
30
0.0
11
83.987053
21
-3.000000
31
0.0
0
LINE
8
right
10
83.987053
20
-3.000000
30
0.0
11
84.024817
21
-3.000000
31
0.0
0
LINE
8
right
10
84.024817
20
-3.000000
30
0.0
11
84.047591
21
-3.000000
31
0.0
0
LINE
8
right
10
84.047591
20
-3.000000
30
0.0
11
84.055202
21
-3.000000
31
0.0
0
LINE
8
right
10
84.055202
20
-3.000000
30
0.0
11
84.047591
21
-3.000000
31
0.0
0
LINE
8
right
10
84.047591
20
-3.000000
30
0.0
11
84.024817
21
-3.000000
31
0.0
0
LINE
8
right
10
84.024817
20
-3.000000
30
0.0
11
83.987053
21
-3.000000
31
0.0
0
LINE
8
right
10
83.987053
20
-3.000000
30
0.0
11
83.934587
21
-3.000000
31
0.0
0
LINE
8
right
10
83.934587
20
-3.000000
30
0.0
11
83.867817
21
-3.000000
31
0.0
0
LINE
8
right
10
83.867817
20
-3.000000
30
0.0
11
83.787253
21
-3.000000
31
0.0
0
LINE
8
right
10
83.787253
20
-3.000000
30
0.0
11
83.693506
21
-3.000000
31
0.0
0
LINE
8
right
10
83.693506
20
-3.000000
30
0.0
11
83.587291
21
-3.000000
31
0.0
0
LINE
8
right
10
83.587291
20
-3.000000
30
0.0
11
83.469415
21
-3.000000
31
0.0
0
LINE
8
right
10
83.469415
20
-3.000000
30
0.0
11
83.340777
21
-3.000000
31
0.0
0
LINE
8
right
10
83.340777
20
-3.000000
30
0.0
11
83.202355
21
-3.000000
31
0.0
0
LINE
8
right
10
83.202355
20
-3.000000
30
0.0
11
83.055202
21
-3.000000
31
0.0
0
LINE
8
right
10
83.055202
20
-3.000000
30
0.0
11
82.900438
21
-3.000000
31
0.0
0
LINE
8
right
10
82.900438
20
-3.000000
30
0.0
11
82.739242
21
-3.000000
31
0.0
0
LINE
8
right
10
82.739242
20
-3.000000
30
0.0
11
82.572840
21
-3.000000
31
0.0
0
LINE
8
right
10
82.572840
20
-3.000000
30
0.0
11
82.402498
21
-3.000000
31
0.0
0
LINE
8
right
10
82.402498
20
-3.000000
30
0.0
11
82.229513
21
-3.000000
31
0.0
0
LINE
8
right
10
82.229513
20
-3.000000
30
0.0
11
82.055202
21
-3.000000
31
0.0
0
LINE
8
front
10
-25.000000
20
-3.000000
30
0.0
11
-25.000000
21
0.175000
31
0.0
0
LINE
8
top
10
-25.000000
20
14.750000
30
0.0
11
-25.000000
21
14.750000
31
0.0
0
LINE
8
right
10
82.055202
20
-3.000000
30
0.0
11
82.055202
21
0.175000
31
0.0
0
LINE
8
front
10
-21.000000
20
0.175000
30
0.0
11
-21.007611
21
0.175000
31
0.0
0
LINE
8
front
10
-21.007611
20
0.175000
30
0.0
11
-21.030385
21
0.175000
31
0.0
0
LINE
8
front
10
-21.030385
20
0.175000
30
0.0
11
-21.068149
21
0.175000
31
0.0
0
LINE
8
front
10
-21.068149
20
0.175000
30
0.0
11
-21.120615
21
0.175000
31
0.0
0
LINE
8
front
10
-21.120615
20
0.175000
30
0.0
11
-21.187385
21
0.175000
31
0.0
0
LINE
8
front
10
-21.187385
20
0.175000
30
0.0
11
-21.267949
21
0.175000
31
0.0
0
LINE
8
front
10
-21.267949
20
0.175000
30
0.0
11
-21.361696
21
0.175000
31
0.0
0
LINE
8
front
10
-21.361696
20
0.175000
30
0.0
11
-21.467911
21
0.175000
31
0.0
0
LINE
8
front
10
-21.467911
20
0.175000
30
0.0
11
-21.585787
21
0.175000
31
0.0
0
LINE
8
front
10
-21.585787
20
0.175000
30
0.0
11
-21.714425
21
0.175000
31
0.0
0
LINE
8
front
10
-21.714425
20
0.175000
30
0.0
11
-21.852847
21
0.175000
31
0.0
0
LINE
8
front
10
-21.852847
20
0.175000
30
0.0
11
-22.000000
21
0.175000
31
0.0
0
LINE
8
front
10
-22.000000
20
0.175000
30
0.0
11
-22.154764
21
0.175000
31
0.0
0
LINE
8
front
10
-22.154764
20
0.175000
30
0.0
11
-22.315960
21
0.175000
31
0.0
0
LINE
8
front
10
-22.315960
20
0.175000
30
0.0
11
-22.482362
21
0.175000
31
0.0
0
LINE
8
front
10
-22.482362
20
0.175000
30
0.0
11
-22.652704
21
0.175000
31
0.0
0
LINE
8
front
10
-22.652704
20
0.175000
30
0.0
11
-22.825689
21
0.175000
31
0.0
0
LINE
8
front
10
-22.825689
20
0.175000
30
0.0
11
-23.000000
21
0.175000
31
0.0
0
LINE
8
front
10
-23.000000
20
0.175000
30
0.0
11
-23.174312
21
0.175000
31
0.0
0
LINE
8
front
10
-23.174312
20
0.175000
30
0.0
11
-23.347297
21
0.175000
31
0.0
0
LINE
8
front
10
-23.347297
20
0.175000
30
0.0
11
-23.517638
21
0.175000
31
0.0
0
LINE
8
front
10
-23.517638
20
0.175000
30
0.0
11
-23.684041
21
0.175000
31
0.0
0
LINE
8
front
10
-23.684041
20
0.175000
30
0.0
11
-23.845237
21
0.175000
31
0.0
0
LINE
8
front
10
-23.845237
20
0.175000
30
0.0
11
-24.000000
21
0.175000
31
0.0
0
LINE
8
front
10
-24.000000
20
0.175000
30
0.0
11
-24.147153
21
0.175000
31
0.0
0
LINE
8
front
10
-24.147153
20
0.175000
30
0.0
11
-24.285576
21
0.175000
31
0.0
0
LINE
8
front
10
-24.285576
20
0.175000
30
0.0
11
-24.414214
21
0.175000
31
0.0
0
LINE
8
front
10
-24.414214
20
0.175000
30
0.0
11
-24.532089
21
0.175000
31
0.0
0
LINE
8
front
10
-24.532089
20
0.175000
30
0.0
11
-24.638304
21
0.175000
31
0.0
0
LINE
8
front
10
-24.638304
20
0.175000
30
0.0
11
-24.732051
21
0.175000
31
0.0
0
LINE
8
front
10
-24.732051
20
0.175000
30
0.0
11
-24.812616
21
0.175000
31
0.0
0
LINE
8
front
10
-24.812616
20
0.175000
30
0.0
11
-24.879386
21
0.175000
31
0.0
0
LINE
8
front
10
-24.879386
20
0.175000
30
0.0
11
-24.931852
21
0.175000
31
0.0
0
LINE
8
front
10
-24.931852
20
0.175000
30
0.0
11
-24.969616
21
0.175000
31
0.0
0
LINE
8
front
10
-24.969616
20
0.175000
30
0.0
11
-24.992390
21
0.175000
31
0.0
0
LINE
8
front
10
-24.992390
20
0.175000
30
0.0
11
-25.000000
21
0.175000
31
0.0
0
LINE
8
front
10
-25.000000
20
0.175000
30
0.0
11
-24.992390
21
0.175000
31
0.0
0
LINE
8
front
10
-24.992390
20
0.175000
30
0.0
11
-24.969616
21
0.175000
31
0.0
0
LINE
8
front
10
-24.969616
20
0.175000
30
0.0
11
-24.931852
21
0.175000
31
0.0
0
LINE
8
front
10
-24.931852
20
0.175000
30
0.0
11
-24.879386
21
0.175000
31
0.0
0
LINE
8
front
10
-24.879386
20
0.175000
30
0.0
11
-24.812616
21
0.175000
31
0.0
0
LINE
8
front
10
-24.812616
20
0.175000
30
0.0
11
-24.732051
21
0.175000
31
0.0
0
LINE
8
front
10
-24.732051
20
0.175000
30
0.0
11
-24.638304
21
0.175000
31
0.0
0
LINE
8
front
10
-24.638304
20
0.175000
30
0.0
11
-24.532089
21
0.175000
31
0.0
0
LINE
8
front
10
-24.532089
20
0.175000
30
0.0
11
-24.414214
21
0.175000
31
0.0
0
LINE
8
front
10
-24.414214
20
0.175000
30
0.0
11
-24.285576
21
0.175000
31
0.0
0
LINE
8
front
10
-24.285576
20
0.175000
30
0.0
11
-24.147153
21
0.175000
31
0.0
0
LINE
8
front
10
-24.147153
20
0.175000
30
0.0
11
-24.000000
21
0.175000
31
0.0
0
LINE
8
front
10
-24.000000
20
0.175000
30
0.0
11
-23.845237
21
0.175000
31
0.0
0
LINE
8
front
10
-23.845237
20
0.175000
30
0.0
11
-23.684041
21
0.175000
31
0.0
0
LINE
8
front
10
-23.684041
20
0.175000
30
0.0
11
-23.517638
21
0.175000
31
0.0
0
LINE
8
front
10
-23.517638
20
0.175000
30
0.0
11
-23.347297
21
0.175000
31
0.0
0
LINE
8
front
10
-23.347297
20
0.175000
30
0.0
11
-23.174312
21
0.175000
31
0.0
0
LINE
8
front
10
-23.174312
20
0.175000
30
0.0
11
-23.000000
21
0.175000
31
0.0
0
LINE
8
front
10
-23.000000
20
0.175000
30
0.0
11
-22.825689
21
0.175000
31
0.0
0
LINE
8
front
10
-22.825689
20
0.175000
30
0.0
11
-22.652704
21
0.175000
31
0.0
0
LINE
8
front
10
-22.652704
20
0.175000
30
0.0
11
-22.482362
21
0.175000
31
0.0
0
LINE
8
front
10
-22.482362
20
0.175000
30
0.0
11
-22.315960
21
0.175000
31
0.0
0
LINE
8
front
10
-22.315960
20
0.175000
30
0.0
11
-22.154764
21
0.175000
31
0.0
0
LINE
8
front
10
-22.154764
20
0.175000
30
0.0
11
-22.000000
21
0.175000
31
0.0
0
LINE
8
front
10
-22.000000
20
0.175000
30
0.0
11
-21.852847
21
0.175000
31
0.0
0
LINE
8
front
10
-21.852847
20
0.175000
30
0.0
11
-21.714425
21
0.175000
31
0.0
0
LINE
8
front
10
-21.714425
20
0.175000
30
0.0
11
-21.585787
21
0.175000
31
0.0
0
LINE
8
front
10
-21.585787
20
0.175000
30
0.0
11
-21.467911
21
0.175000
31
0.0
0
LINE
8
front
10
-21.467911
20
0.175000
30
0.0
11
-21.361696
21
0.175000
31
0.0
0
LINE
8
front
10
-21.361696
20
0.175000
30
0.0
11
-21.267949
21
0.175000
31
0.0
0
LINE
8
front
10
-21.267949
20
0.175000
30
0.0
11
-21.187385
21
0.175000
31
0.0
0
LINE
8
front
10
-21.187385
20
0.175000
30
0.0
11
-21.120615
21
0.175000
31
0.0
0
LINE
8
front
10
-21.120615
20
0.175000
30
0.0
11
-21.068149
21
0.175000
31
0.0
0
LINE
8
front
10
-21.068149
20
0.175000
30
0.0
11
-21.030385
21
0.175000
31
0.0
0
LINE
8
front
10
-21.030385
20
0.175000
30
0.0
11
-21.007611
21
0.175000
31
0.0
0
LINE
8
front
10
-21.007611
20
0.175000
30
0.0
11
-21.000000
21
0.175000
31
0.0
0
LINE
8
top
10
-21.000000
20
14.750000
30
0.0
11
-21.007611
21
14.575689
31
0.0
0
LINE
8
top
10
-21.007611
20
14.575689
30
0.0
11
-21.030385
21
14.402704
31
0.0
0
LINE
8
top
10
-21.030385
20
14.402704
30
0.0
11
-21.068149
21
14.232362
31
0.0
0
LINE
8
top
10
-21.068149
20
14.232362
30
0.0
11
-21.120615
21
14.065960
31
0.0
0
LINE
8
top
10
-21.120615
20
14.065960
30
0.0
11
-21.187385
21
13.904764
31
0.0
0
LINE
8
top
10
-21.187385
20
13.904764
30
0.0
11
-21.267949
21
13.750000
31
0.0
0
LINE
8
top
10
-21.267949
20
13.750000
30
0.0
11
-21.361696
21
13.602847
31
0.0
0
LINE
8
top
10
-21.361696
20
13.602847
30
0.0
11
-21.467911
21
13.464425
31
0.0
0
LINE
8
top
10
-21.467911
20
13.464425
30
0.0
11
-21.585787
21
13.335787
31
0.0
0
LINE
8
top
10
-21.585787
20
13.335787
30
0.0
11
-21.714425
21
13.217911
31
0.0
0
LINE
8
top
10
-21.714425
20
13.217911
30
0.0
11
-21.852847
21
13.111696
31
0.0
0
LINE
8
top
10
-21.852847
20
13.111696
30
0.0
11
-22.000000
21
13.017949
31
0.0
0
LINE
8
top
10
-22.000000
20
13.017949
30
0.0
11
-22.154764
21
12.937385
31
0.0
0
LINE
8
top
10
-22.154764
20
12.937385
30
0.0
11
-22.315960
21
12.870615
31
0.0
0
LINE
8
top
10
-22.315960
20
12.870615
30
0.0
11
-22.482362
21
12.818148
31
0.0
0
LINE
8
top
10
-22.482362
20
12.818148
30
0.0
11
-22.652704
21
12.780385
31
0.0
0
LINE
8
top
10
-22.652704
20
12.780385
30
0.0
11
-22.825689
21
12.757611
31
0.0
0
LINE
8
top
10
-22.825689
20
12.757611
30
0.0
11
-23.000000
21
12.750000
31
0.0
0
LINE
8
top
10
-23.000000
20
12.750000
30
0.0
11
-23.174312
21
12.757611
31
0.0
0
LINE
8
top
10
-23.174312
20
12.757611
30
0.0
11
-23.347297
21
12.780385
31
0.0
0
LINE
8
top
10
-23.347297
20
12.780385
30
0.0
11
-23.517638
21
12.818148
31
0.0
0
LINE
8
top
10
-23.517638
20
12.818148
30
0.0
11
-23.684041
21
12.870615
31
0.0
0
LINE
8
top
10
-23.684041
20
12.870615
30
0.0
11
-23.845237
21
12.937385
31
0.0
0
LINE
8
top
10
-23.845237
20
12.937385
30
0.0
11
-24.000000
21
13.017949
31
0.0
0
LINE
8
top
10
-24.000000
20
13.017949
30
0.0
11
-24.147153
21
13.111696
31
0.0
0
LINE
8
top
10
-24.147153
20
13.111696
30
0.0
11
-24.285576
21
13.217911
31
0.0
0
LINE
8
top
10
-24.285576
20
13.217911
30
0.0
11
-24.414214
21
13.335787
31
0.0
0
LINE
8
top
10
-24.414214
20
13.335787
30
0.0
11
-24.532089
21
13.464425
31
0.0
0
LINE
8
top
10
-24.532089
20
13.464425
30
0.0
11
-24.638304
21
13.602847
31
0.0
0
LINE
8
top
10
-24.638304
20
13.602847
30
0.0
11
-24.732051
21
13.750000
31
0.0
0
LINE
8
top
10
-24.732051
20
13.750000
30
0.0
11
-24.812616
21
13.904764
31
0.0
0
LINE
8
top
10
-24.812616
20
13.904764
30
0.0
11
-24.879386
21
14.065960
31
0.0
0
LINE
8
top
10
-24.879386
20
14.065960
30
0.0
11
-24.931852
21
14.232362
31
0.0
0
LINE
8
top
10
-24.931852
20
14.232362
30
0.0
11
-24.969616
21
14.402704
31
0.0
0
LINE
8
top
10
-24.969616
20
14.402704
30
0.0
11
-24.992390
21
14.575689
31
0.0
0
LINE
8
top
10
-24.992390
20
14.575689
30
0.0
11
-25.000000
21
14.750000
31
0.0
0
LINE
8
top
10
-25.000000
20
14.750000
30
0.0
11
-24.992390
21
14.924312
31
0.0
0
LINE
8
top
10
-24.992390
20
14.924312
30
0.0
11
-24.969616
21
15.097296
31
0.0
0
LINE
8
top
10
-24.969616
20
15.097296
30
0.0
11
-24.931852
21
15.267638
31
0.0
0
LINE
8
top
10
-24.931852
20
15.267638
30
0.0
11
-24.879386
21
15.434040
31
0.0
0
LINE
8
top
10
-24.879386
20
15.434040
30
0.0
11
-24.812616
21
15.595237
31
0.0
0
LINE
8
top
10
-24.812616
20
15.595237
30
0.0
11
-24.732051
21
15.750000
31
0.0
0
LINE
8
top
10
-24.732051
20
15.750000
30
0.0
11
-24.638304
21
15.897153
31
0.0
0
LINE
8
top
10
-24.638304
20
15.897153
30
0.0
11
-24.532089
21
16.035575
31
0.0
0
LINE
8
top
10
-24.532089
20
16.035575
30
0.0
11
-24.414214
21
16.164214
31
0.0
0
LINE
8
top
10
-24.414214
20
16.164214
30
0.0
11
-24.285576
21
16.282089
31
0.0
0
LINE
8
top
10
-24.285576
20
16.282089
30
0.0
11
-24.147153
21
16.388304
31
0.0
0
LINE
8
top
10
-24.147153
20
16.388304
30
0.0
11
-24.000000
21
16.482051
31
0.0
0
LINE
8
top
10
-24.000000
20
16.482051
30
0.0
11
-23.845237
21
16.562616
31
0.0
0
LINE
8
top
10
-23.845237
20
16.562616
30
0.0
11
-23.684041
21
16.629385
31
0.0
0
LINE
8
top
10
-23.684041
20
16.629385
30
0.0
11
-23.517638
21
16.681852
31
0.0
0
LINE
8
top
10
-23.517638
20
16.681852
30
0.0
11
-23.347297
21
16.719616
31
0.0
0
LINE
8
top
10
-23.347297
20
16.719616
30
0.0
11
-23.174312
21
16.742390
31
0.0
0
LINE
8
top
10
-23.174312
20
16.742390
30
0.0
11
-23.000000
21
16.750000
31
0.0
0
LINE
8
top
10
-23.000000
20
16.750000
30
0.0
11
-22.825689
21
16.742390
31
0.0
0
LINE
8
top
10
-22.825689
20
16.742390
30
0.0
11
-22.652704
21
16.719616
31
0.0
0
LINE
8
top
10
-22.652704
20
16.719616
30
0.0
11
-22.482362
21
16.681852
31
0.0
0
LINE
8
top
10
-22.482362
20
16.681852
30
0.0
11
-22.315960
21
16.629385
31
0.0
0
LINE
8
top
10
-22.315960
20
16.629385
30
0.0
11
-22.154764
21
16.562616
31
0.0
0
LINE
8
top
10
-22.154764
20
16.562616
30
0.0
11
-22.000000
21
16.482051
31
0.0
0
LINE
8
top
10
-22.000000
20
16.482051
30
0.0
11
-21.852847
21
16.388304
31
0.0
0
LINE
8
top
10
-21.852847
20
16.388304
30
0.0
11
-21.714425
21
16.282089
31
0.0
0
LINE
8
top
10
-21.714425
20
16.282089
30
0.0
11
-21.585787
21
16.164214
31
0.0
0
LINE
8
top
10
-21.585787
20
16.164214
30
0.0
11
-21.467911
21
16.035575
31
0.0
0
LINE
8
top
10
-21.467911
20
16.035575
30
0.0
11
-21.361696
21
15.897153
31
0.0
0
LINE
8
top
10
-21.361696
20
15.897153
30
0.0
11
-21.267949
21
15.750000
31
0.0
0
LINE
8
top
10
-21.267949
20
15.750000
30
0.0
11
-21.187385
21
15.595237
31
0.0
0
LINE
8
top
10
-21.187385
20
15.595237
30
0.0
11
-21.120615
21
15.434040
31
0.0
0
LINE
8
top
10
-21.120615
20
15.434040
30
0.0
11
-21.068149
21
15.267638
31
0.0
0
LINE
8
top
10
-21.068149
20
15.267638
30
0.0
11
-21.030385
21
15.097296
31
0.0
0
LINE
8
top
10
-21.030385
20
15.097296
30
0.0
11
-21.007611
21
14.924312
31
0.0
0
LINE
8
top
10
-21.007611
20
14.924312
30
0.0
11
-21.000000
21
14.750000
31
0.0
0
LINE
8
right
10
82.055202
20
0.175000
30
0.0
11
82.229513
21
0.175000
31
0.0
0
LINE
8
right
10
82.229513
20
0.175000
30
0.0
11
82.402498
21
0.175000
31
0.0
0
LINE
8
right
10
82.402498
20
0.175000
30
0.0
11
82.572840
21
0.175000
31
0.0
0
LINE
8
right
10
82.572840
20
0.175000
30
0.0
11
82.739242
21
0.175000
31
0.0
0
LINE
8
right
10
82.739242
20
0.175000
30
0.0
11
82.900438
21
0.175000
31
0.0
0
LINE
8
right
10
82.900438
20
0.175000
30
0.0
11
83.055202
21
0.175000
31
0.0
0
LINE
8
right
10
83.055202
20
0.175000
30
0.0
11
83.202355
21
0.175000
31
0.0
0
LINE
8
right
10
83.202355
20
0.175000
30
0.0
11
83.340777
21
0.175000
31
0.0
0
LINE
8
right
10
83.340777
20
0.175000
30
0.0
11
83.469415
21
0.175000
31
0.0
0
LINE
8
right
10
83.469415
20
0.175000
30
0.0
11
83.587291
21
0.175000
31
0.0
0
LINE
8
right
10
83.587291
20
0.175000
30
0.0
11
83.693506
21
0.175000
31
0.0
0
LINE
8
right
10
83.693506
20
0.175000
30
0.0
11
83.787253
21
0.175000
31
0.0
0
LINE
8
right
10
83.787253
20
0.175000
30
0.0
11
83.867817
21
0.175000
31
0.0
0
LINE
8
right
10
83.867817
20
0.175000
30
0.0
11
83.934587
21
0.175000
31
0.0
0
LINE
8
right
10
83.934587
20
0.175000
30
0.0
11
83.987053
21
0.175000
31
0.0
0
LINE
8
right
10
83.987053
20
0.175000
30
0.0
11
84.024817
21
0.175000
31
0.0
0
LINE
8
right
10
84.024817
20
0.175000
30
0.0
11
84.047591
21
0.175000
31
0.0
0
LINE
8
right
10
84.047591
20
0.175000
30
0.0
11
84.055202
21
0.175000
31
0.0
0
LINE
8
right
10
84.055202
20
0.175000
30
0.0
11
84.047591
21
0.175000
31
0.0
0
LINE
8
right
10
84.047591
20
0.175000
30
0.0
11
84.024817
21
0.175000
31
0.0
0
LINE
8
right
10
84.024817
20
0.175000
30
0.0
11
83.987053
21
0.175000
31
0.0
0
LINE
8
right
10
83.987053
20
0.175000
30
0.0
11
83.934587
21
0.175000
31
0.0
0
LINE
8
right
10
83.934587
20
0.175000
30
0.0
11
83.867817
21
0.175000
31
0.0
0
LINE
8
right
10
83.867817
20
0.175000
30
0.0
11
83.787253
21
0.175000
31
0.0
0
LINE
8
right
10
83.787253
20
0.175000
30
0.0
11
83.693506
21
0.175000
31
0.0
0
LINE
8
right
10
83.693506
20
0.175000
30
0.0
11
83.587291
21
0.175000
31
0.0
0
LINE
8
right
10
83.587291
20
0.175000
30
0.0
11
83.469415
21
0.175000
31
0.0
0
LINE
8
right
10
83.469415
20
0.175000
30
0.0
11
83.340777
21
0.175000
31
0.0
0
LINE
8
right
10
83.340777
20
0.175000
30
0.0
11
83.202355
21
0.175000
31
0.0
0
LINE
8
right
10
83.202355
20
0.175000
30
0.0
11
83.055202
21
0.175000
31
0.0
0
LINE
8
right
10
83.055202
20
0.175000
30
0.0
11
82.900438
21
0.175000
31
0.0
0
LINE
8
right
10
82.900438
20
0.175000
30
0.0
11
82.739242
21
0.175000
31
0.0
0
LINE
8
right
10
82.739242
20
0.175000
30
0.0
11
82.572840
21
0.175000
31
0.0
0
LINE
8
right
10
82.572840
20
0.175000
30
0.0
11
82.402498
21
0.175000
31
0.0
0
LINE
8
right
10
82.402498
20
0.175000
30
0.0
11
82.229513
21
0.175000
31
0.0
0
LINE
8
right
10
82.229513
20
0.175000
30
0.0
11
82.055202
21
0.175000
31
0.0
0
LINE
8
right
10
82.055202
20
0.175000
30
0.0
11
81.880890
21
0.175000
31
0.0
0
LINE
8
right
10
81.880890
20
0.175000
30
0.0
11
81.707905
21
0.175000
31
0.0
0
LINE
8
right
10
81.707905
20
0.175000
30
0.0
11
81.537564
21
0.175000
31
0.0
0
LINE
8
right
10
81.537564
20
0.175000
30
0.0
11
81.371161
21
0.175000
31
0.0
0
LINE
8
right
10
81.371161
20
0.175000
30
0.0
11
81.209965
21
0.175000
31
0.0
0
LINE
8
right
10
81.209965
20
0.175000
30
0.0
11
81.055202
21
0.175000
31
0.0
0
LINE
8
right
10
81.055202
20
0.175000
30
0.0
11
80.908049
21
0.175000
31
0.0
0
LINE
8
right
10
80.908049
20
0.175000
30
0.0
11
80.769627
21
0.175000
31
0.0
0
LINE
8
right
10
80.769627
20
0.175000
30
0.0
11
80.640988
21
0.175000
31
0.0
0
LINE
8
right
10
80.640988
20
0.175000
30
0.0
11
80.523113
21
0.175000
31
0.0
0
LINE
8
right
10
80.523113
20
0.175000
30
0.0
11
80.416898
21
0.175000
31
0.0
0
LINE
8
right
10
80.416898
20
0.175000
30
0.0
11
80.323151
21
0.175000
31
0.0
0
LINE
8
right
10
80.323151
20
0.175000
30
0.0
11
80.242586
21
0.175000
31
0.0
0
LINE
8
right
10
80.242586
20
0.175000
30
0.0
11
80.175817
21
0.175000
31
0.0
0
LINE
8
right
10
80.175817
20
0.175000
30
0.0
11
80.123350
21
0.175000
31
0.0
0
LINE
8
right
10
80.123350
20
0.175000
30
0.0
11
80.085586
21
0.175000
31
0.0
0
LINE
8
right
10
80.085586
20
0.175000
30
0.0
11
80.062812
21
0.175000
31
0.0
0
LINE
8
right
10
80.062812
20
0.175000
30
0.0
11
80.055202
21
0.175000
31
0.0
0
LINE
8
right
10
80.055202
20
0.175000
30
0.0
11
80.062812
21
0.175000
31
0.0
0
LINE
8
right
10
80.062812
20
0.175000
30
0.0
11
80.085586
21
0.175000
31
0.0
0
LINE
8
right
10
80.085586
20
0.175000
30
0.0
11
80.123350
21
0.175000
31
0.0
0
LINE
8
right
10
80.123350
20
0.175000
30
0.0
11
80.175817
21
0.175000
31
0.0
0
LINE
8
right
10
80.175817
20
0.175000
30
0.0
11
80.242586
21
0.175000
31
0.0
0
LINE
8
right
10
80.242586
20
0.175000
30
0.0
11
80.323151
21
0.175000
31
0.0
0
LINE
8
right
10
80.323151
20
0.175000
30
0.0
11
80.416898
21
0.175000
31
0.0
0
LINE
8
right
10
80.416898
20
0.175000
30
0.0
11
80.523113
21
0.175000
31
0.0
0
LINE
8
right
10
80.523113
20
0.175000
30
0.0
11
80.640988
21
0.175000
31
0.0
0
LINE
8
right
10
80.640988
20
0.175000
30
0.0
11
80.769627
21
0.175000
31
0.0
0
LINE
8
right
10
80.769627
20
0.175000
30
0.0
11
80.908049
21
0.175000
31
0.0
0
LINE
8
right
10
80.908049
20
0.175000
30
0.0
11
81.055202
21
0.175000
31
0.0
0
LINE
8
right
10
81.055202
20
0.175000
30
0.0
11
81.209965
21
0.175000
31
0.0
0
LINE
8
right
10
81.209965
20
0.175000
30
0.0
11
81.371161
21
0.175000
31
0.0
0
LINE
8
right
10
81.371161
20
0.175000
30
0.0
11
81.537564
21
0.175000
31
0.0
0
LINE
8
right
10
81.537564
20
0.175000
30
0.0
11
81.707905
21
0.175000
31
0.0
0
LINE
8
right
10
81.707905
20
0.175000
30
0.0
11
81.880890
21
0.175000
31
0.0
0
LINE
8
right
10
81.880890
20
0.175000
30
0.0
11
82.055202
21
0.175000
31
0.0
0
LINE
8
front
10
-13.083193
20
0.175000
30
0.0
11
-13.098867
21
0.175000
31
0.0
0
LINE
8
front
10
-13.098867
20
0.175000
30
0.0
11
-13.145770
21
0.175000
31
0.0
0
LINE
8
front
10
-13.145770
20
0.175000
30
0.0
11
-13.223544
21
0.175000
31
0.0
0
LINE
8
front
10
-13.223544
20
0.175000
30
0.0
11
-13.331599
21
0.175000
31
0.0
0
LINE
8
front
10
-13.331599
20
0.175000
30
0.0
11
-13.469111
21
0.175000
31
0.0
0
LINE
8
front
10
-13.469111
20
0.175000
30
0.0
11
-13.635034
21
0.175000
31
0.0
0
LINE
8
front
10
-13.635034
20
0.175000
30
0.0
11
-13.828106
21
0.175000
31
0.0
0
LINE
8
front
10
-13.828106
20
0.175000
30
0.0
11
-14.046856
21
0.175000
31
0.0
0
LINE
8
front
10
-14.046856
20
0.175000
30
0.0
11
-14.289620
21
0.175000
31
0.0
0
LINE
8
front
10
-14.289620
20
0.175000
30
0.0
11
-14.554551
21
0.175000
31
0.0
0
LINE
8
front
10
-14.554551
20
0.175000
30
0.0
11
-14.839632
21
0.175000
31
0.0
0
LINE
8
front
10
-14.839632
20
0.175000
30
0.0
11
-15.142693
21
0.175000
31
0.0
0
LINE
8
front
10
-15.142693
20
0.175000
30
0.0
11
-15.461428
21
0.175000
31
0.0
0
LINE
8
front
10
-15.461428
20
0.175000
30
0.0
11
-15.793412
21
0.175000
31
0.0
0
LINE
8
front
10
-15.793412
20
0.175000
30
0.0
11
-16.136117
21
0.175000
31
0.0
0
LINE
8
front
10
-16.136117
20
0.175000
30
0.0
11
-16.486936
21
0.175000
31
0.0
0
LINE
8
front
10
-16.486936
20
0.175000
30
0.0
11
-16.843198
21
0.175000
31
0.0
0
LINE
8
front
10
-16.843198
20
0.175000
30
0.0
11
-17.202193
21
0.175000
31
0.0
0
LINE
8
front
10
-17.202193
20
0.175000
30
0.0
11
-17.561187
21
0.175000
31
0.0
0
LINE
8
front
10
-17.561187
20
0.175000
30
0.0
11
-17.917450
21
0.175000
31
0.0
0
LINE
8
front
10
-17.917450
20
0.175000
30
0.0
11
-18.268269
21
0.175000
31
0.0
0
LINE
8
front
10
-18.268269
20
0.175000
30
0.0
11
-18.610974
21
0.175000
31
0.0
0
LINE
8
front
10
-18.610974
20
0.175000
30
0.0
11
-18.942958
21
0.175000
31
0.0
0
LINE
8
front
10
-18.942958
20
0.175000
30
0.0
11
-19.261693
21
0.175000
31
0.0
0
LINE
8
front
10
-19.261693
20
0.175000
30
0.0
11
-19.564754
21
0.175000
31
0.0
0
LINE
8
front
10
-19.564754
20
0.175000
30
0.0
11
-19.849835
21
0.175000
31
0.0
0
LINE
8
front
10
-19.849835
20
0.175000
30
0.0
11
-20.114766
21
0.175000
31
0.0
0
LINE
8
front
10
-20.114766
20
0.175000
30
0.0
11
-20.357530
21
0.175000
31
0.0
0
LINE
8
front
10
-20.357530
20
0.175000
30
0.0
11
-20.576280
21
0.175000
31
0.0
0
LINE
8
front
10
-20.576280
20
0.175000
30
0.0
11
-20.769352
21
0.175000
31
0.0
0
LINE
8
front
10
-20.769352
20
0.175000
30
0.0
11
-20.935275
21
0.175000
31
0.0
0
LINE
8
front
10
-20.935275
20
0.175000
30
0.0
11
-21.072787
21
0.175000
31
0.0
0
LINE
8
front
10
-21.072787
20
0.175000
30
0.0
11
-21.180841
21
0.175000
31
0.0
0
LINE
8
front
10
-21.180841
20
0.175000
30
0.0
11
-21.258616
21
0.175000
31
0.0
0
LINE
8
front
10
-21.258616
20
0.175000
30
0.0
11
-21.305519
21
0.175000
31
0.0
0
LINE
8
front
10
-21.305519
20
0.175000
30
0.0
11
-21.321193
21
0.175000
31
0.0
0
LINE
8
front
10
-21.321193
20
0.175000
30
0.0
11
-21.305519
21
0.175000
31
0.0
0
LINE
8
front
10
-21.305519
20
0.175000
30
0.0
11
-21.258616
21
0.175000
31
0.0
0
LINE
8
front
10
-21.258616
20
0.175000
30
0.0
11
-21.180841
21
0.175000
31
0.0
0
LINE
8
front
10
-21.180841
20
0.175000
30
0.0
11
-21.072787
21
0.175000
31
0.0
0
LINE
8
front
10
-21.072787
20
0.175000
30
0.0
11
-20.935275
21
0.175000
31
0.0
0
LINE
8
front
10
-20.935275
20
0.175000
30
0.0
11
-20.769352
21
0.175000
31
0.0
0
LINE
8
front
10
-20.769352
20
0.175000
30
0.0
11
-20.576280
21
0.175000
31
0.0
0
LINE
8
front
10
-20.576280
20
0.175000
30
0.0
11
-20.357530
21
0.175000
31
0.0
0
LINE
8
front
10
-20.357530
20
0.175000
30
0.0
11
-20.114766
21
0.175000
31
0.0
0
LINE
8
front
10
-20.114766
20
0.175000
30
0.0
11
-19.849835
21
0.175000
31
0.0
0
LINE
8
front
10
-19.849835
20
0.175000
30
0.0
11
-19.564754
21
0.175000
31
0.0
0
LINE
8
front
10
-19.564754
20
0.175000
30
0.0
11
-19.261693
21
0.175000
31
0.0
0
LINE
8
front
10
-19.261693
20
0.175000
30
0.0
11
-18.942958
21
0.175000
31
0.0
0
LINE
8
front
10
-18.942958
20
0.175000
30
0.0
11
-18.610974
21
0.175000
31
0.0
0
LINE
8
front
10
-18.610974
20
0.175000
30
0.0
11
-18.268269
21
0.175000
31
0.0
0
LINE
8
front
10
-18.268269
20
0.175000
30
0.0
11
-17.917450
21
0.175000
31
0.0
0
LINE
8
front
10
-17.917450
20
0.175000
30
0.0
11
-17.561187
21
0.175000
31
0.0
0
LINE
8
front
10
-17.561187
20
0.175000
30
0.0
11
-17.202193
21
0.175000
31
0.0
0
LINE
8
front
10
-17.202193
20
0.175000
30
0.0
11
-16.843198
21
0.175000
31
0.0
0
LINE
8
front
10
-16.843198
20
0.175000
30
0.0
11
-16.486936
21
0.175000
31
0.0
0
LINE
8
front
10
-16.486936
20
0.175000
30
0.0
11
-16.136117
21
0.175000
31
0.0
0
LINE
8
front
10
-16.136117
20
0.175000
30
0.0
11
-15.793412
21
0.175000
31
0.0
0
LINE
8
front
10
-15.793412
20
0.175000
30
0.0
11
-15.461428
21
0.175000
31
0.0
0
LINE
8
front
10
-15.461428
20
0.175000
30
0.0
11
-15.142693
21
0.175000
31
0.0
0
LINE
8
front
10
-15.142693
20
0.175000
30
0.0
11
-14.839632
21
0.175000
31
0.0
0
LINE
8
front
10
-14.839632
20
0.175000
30
0.0
11
-14.554551
21
0.175000
31
0.0
0
LINE
8
front
10
-14.554551
20
0.175000
30
0.0
11
-14.289620
21
0.175000
31
0.0
0
LINE
8
front
10
-14.289620
20
0.175000
30
0.0
11
-14.046856
21
0.175000
31
0.0
0
LINE
8
front
10
-14.046856
20
0.175000
30
0.0
11
-13.828106
21
0.175000
31
0.0
0
LINE
8
front
10
-13.828106
20
0.175000
30
0.0
11
-13.635034
21
0.175000
31
0.0
0
LINE
8
front
10
-13.635034
20
0.175000
30
0.0
11
-13.469111
21
0.175000
31
0.0
0
LINE
8
front
10
-13.469111
20
0.175000
30
0.0
11
-13.331599
21
0.175000
31
0.0
0
LINE
8
front
10
-13.331599
20
0.175000
30
0.0
11
-13.223544
21
0.175000
31
0.0
0
LINE
8
front
10
-13.223544
20
0.175000
30
0.0
11
-13.145770
21
0.175000
31
0.0
0
LINE
8
front
10
-13.145770
20
0.175000
30
0.0
11
-13.098867
21
0.175000
31
0.0
0
LINE
8
front
10
-13.098867
20
0.175000
30
0.0
11
-13.083193
21
0.175000
31
0.0
0
LINE
8
top
10
-13.083193
20
28.795105
30
0.0
11
-13.098867
21
28.436111
31
0.0
0
LINE
8
top
10
-13.098867
20
28.436111
30
0.0
11
-13.145770
21
28.079848
31
0.0
0
LINE
8
top
10
-13.145770
20
28.079848
30
0.0
11
-13.223544
21
27.729030
31
0.0
0
LINE
8
top
10
-13.223544
20
27.729030
30
0.0
11
-13.331599
21
27.386324
31
0.0
0
LINE
8
top
10
-13.331599
20
27.386324
30
0.0
11
-13.469111
21
27.054341
31
0.0
0
LINE
8
top
10
-13.469111
20
27.054341
30
0.0
11
-13.635034
21
26.735605
31
0.0
0
LINE
8
top
10
-13.635034
20
26.735605
30
0.0
11
-13.828106
21
26.432544
31
0.0
0
LINE
8
top
10
-13.828106
20
26.432544
30
0.0
11
-14.046856
21
26.147463
31
0.0
0
LINE
8
top
10
-14.046856
20
26.147463
30
0.0
11
-14.289620
21
25.882532
31
0.0
0
LINE
8
top
10
-14.289620
20
25.882532
30
0.0
11
-14.554551
21
25.639768
31
0.0
0
LINE
8
top
10
-14.554551
20
25.639768
30
0.0
11
-14.839632
21
25.421018
31
0.0
0
LINE
8
top
10
-14.839632
20
25.421018
30
0.0
11
-15.142693
21
25.227947
31
0.0
0
LINE
8
top
10
-15.142693
20
25.227947
30
0.0
11
-15.461428
21
25.062023
31
0.0
0
LINE
8
top
10
-15.461428
20
25.062023
30
0.0
11
-15.793412
21
24.924511
31
0.0
0
LINE
8
top
10
-15.793412
20
24.924511
30
0.0
11
-16.136117
21
24.816457
31
0.0
0
LINE
8
top
10
-16.136117
20
24.816457
30
0.0
11
-16.486936
21
24.738682
31
0.0
0
LINE
8
top
10
-16.486936
20
24.738682
30
0.0
11
-16.843198
21
24.691779
31
0.0
0
LINE
8
top
10
-16.843198
20
24.691779
30
0.0
11
-17.202193
21
24.676105
31
0.0
0
LINE
8
top
10
-17.202193
20
24.676105
30
0.0
11
-17.561187
21
24.691779
31
0.0
0
LINE
8
top
10
-17.561187
20
24.691779
30
0.0
11
-17.917450
21
24.738682
31
0.0
0
LINE
8
top
10
-17.917450
20
24.738682
30
0.0
11
-18.268269
21
24.816457
31
0.0
0
LINE
8
top
10
-18.268269
20
24.816457
30
0.0
11
-18.610974
21
24.924511
31
0.0
0
LINE
8
top
10
-18.610974
20
24.924511
30
0.0
11
-18.942958
21
25.062023
31
0.0
0
LINE
8
top
10
-18.942958
20
25.062023
30
0.0
11
-19.261693
21
25.227947
31
0.0
0
LINE
8
top
10
-19.261693
20
25.227947
30
0.0
11
-19.564754
21
25.421018
31
0.0
0
LINE
8
top
10
-19.564754
20
25.421018
30
0.0
11
-19.849835
21
25.639768
31
0.0
0
LINE
8
top
10
-19.849835
20
25.639768
30
0.0
11
-20.114766
21
25.882532
31
0.0
0
LINE
8
top
10
-20.114766
20
25.882532
30
0.0
11
-20.357530
21
26.147463
31
0.0
0
LINE
8
top
10
-20.357530
20
26.147463
30
0.0
11
-20.576280
21
26.432544
31
0.0
0
LINE
8
top
10
-20.576280
20
26.432544
30
0.0
11
-20.769352
21
26.735605
31
0.0
0
LINE
8
top
10
-20.769352
20
26.735605
30
0.0
11
-20.935275
21
27.054341
31
0.0
0
LINE
8
top
10
-20.935275
20
27.054341
30
0.0
11
-21.072787
21
27.386324
31
0.0
0
LINE
8
top
10
-21.072787
20
27.386324
30
0.0
11
-21.180841
21
27.729030
31
0.0
0
LINE
8
top
10
-21.180841
20
27.729030
30
0.0
11
-21.258616
21
28.079848
31
0.0
0
LINE
8
top
10
-21.258616
20
28.079848
30
0.0
11
-21.305519
21
28.436111
31
0.0
0
LINE
8
top
10
-21.305519
20
28.436111
30
0.0
11
-21.321193
21
28.795105
31
0.0
0
LINE
8
top
10
-21.321193
20
28.795105
30
0.0
11
-21.305519
21
29.154100
31
0.0
0
LINE
8
top
10
-21.305519
20
29.154100
30
0.0
11
-21.258616
21
29.510362
31
0.0
0
LINE
8
top
10
-21.258616
20
29.510362
30
0.0
11
-21.180841
21
29.861181
31
0.0
0
LINE
8
top
10
-21.180841
20
29.861181
30
0.0
11
-21.072787
21
30.203886
31
0.0
0
LINE
8
top
10
-21.072787
20
30.203886
30
0.0
11
-20.935275
21
30.535870
31
0.0
0
LINE
8
top
10
-20.935275
20
30.535870
30
0.0
11
-20.769352
21
30.854605
31
0.0
0
LINE
8
top
10
-20.769352
20
30.854605
30
0.0
11
-20.576280
21
31.157667
31
0.0
0
LINE
8
top
10
-20.576280
20
31.157667
30
0.0
11
-20.357530
21
31.442747
31
0.0
0
LINE
8
top
10
-20.357530
20
31.442747
30
0.0
11
-20.114766
21
31.707678
31
0.0
0
LINE
8
top
10
-20.114766
20
31.707678
30
0.0
11
-19.849835
21
31.950442
31
0.0
0
LINE
8
top
10
-19.849835
20
31.950442
30
0.0
11
-19.564754
21
32.169192
31
0.0
0
LINE
8
top
10
-19.564754
20
32.169192
30
0.0
11
-19.261693
21
32.362264
31
0.0
0
LINE
8
top
10
-19.261693
20
32.362264
30
0.0
11
-18.942958
21
32.528187
31
0.0
0
LINE
8
top
10
-18.942958
20
32.528187
30
0.0
11
-18.610974
21
32.665699
31
0.0
0
LINE
8
top
10
-18.610974
20
32.665699
30
0.0
11
-18.268269
21
32.773754
31
0.0
0
LINE
8
top
10
-18.268269
20
32.773754
30
0.0
11
-17.917450
21
32.851528
31
0.0
0
LINE
8
top
10
-17.917450
20
32.851528
30
0.0
11
-17.561187
21
32.898431
31
0.0
0
LINE
8
top
10
-17.561187
20
32.898431
30
0.0
11
-17.202193
21
32.914105
31
0.0
0
LINE
8
top
10
-17.202193
20
32.914105
30
0.0
11
-16.843198
21
32.898431
31
0.0
0
LINE
8
top
10
-16.843198
20
32.898431
30
0.0
11
-16.486936
21
32.851528
31
0.0
0
LINE
8
top
10
-16.486936
20
32.851528
30
0.0
11
-16.136117
21
32.773754
31
0.0
0
LINE
8
top
10
-16.136117
20
32.773754
30
0.0
11
-15.793412
21
32.665699
31
0.0
0
LINE
8
top
10
-15.793412
20
32.665699
30
0.0
11
-15.461428
21
32.528187
31
0.0
0
LINE
8
top
10
-15.461428
20
32.528187
30
0.0
11
-15.142693
21
32.362264
31
0.0
0
LINE
8
top
10
-15.142693
20
32.362264
30
0.0
11
-14.839632
21
32.169192
31
0.0
0
LINE
8
top
10
-14.839632
20
32.169192
30
0.0
11
-14.554551
21
31.950442
31
0.0
0
LINE
8
top
10
-14.554551
20
31.950442
30
0.0
11
-14.289620
21
31.707678
31
0.0
0
LINE
8
top
10
-14.289620
20
31.707678
30
0.0
11
-14.046856
21
31.442747
31
0.0
0
LINE
8
top
10
-14.046856
20
31.442747
30
0.0
11
-13.828106
21
31.157667
31
0.0
0
LINE
8
top
10
-13.828106
20
31.157667
30
0.0
11
-13.635034
21
30.854605
31
0.0
0
LINE
8
top
10
-13.635034
20
30.854605
30
0.0
11
-13.469111
21
30.535870
31
0.0
0
LINE
8
top
10
-13.469111
20
30.535870
30
0.0
11
-13.331599
21
30.203886
31
0.0
0
LINE
8
top
10
-13.331599
20
30.203886
30
0.0
11
-13.223544
21
29.861181
31
0.0
0
LINE
8
top
10
-13.223544
20
29.861181
30
0.0
11
-13.145770
21
29.510362
31
0.0
0
LINE
8
top
10
-13.145770
20
29.510362
30
0.0
11
-13.098867
21
29.154100
31
0.0
0
LINE
8
top
10
-13.098867
20
29.154100
30
0.0
11
-13.083193
21
28.795105
31
0.0
0
LINE
8
right
10
68.010097
20
0.175000
30
0.0
11
68.369091
21
0.175000
31
0.0
0
LINE
8
right
10
68.369091
20
0.175000
30
0.0
11
68.725354
21
0.175000
31
0.0
0
LINE
8
right
10
68.725354
20
0.175000
30
0.0
11
69.076172
21
0.175000
31
0.0
0
LINE
8
right
10
69.076172
20
0.175000
30
0.0
11
69.418878
21
0.175000
31
0.0
0
LINE
8
right
10
69.418878
20
0.175000
30
0.0
11
69.750861
21
0.175000
31
0.0
0
LINE
8
right
10
69.750861
20
0.175000
30
0.0
11
70.069597
21
0.175000
31
0.0
0
LINE
8
right
10
70.069597
20
0.175000
30
0.0
11
70.372658
21
0.175000
31
0.0
0
LINE
8
right
10
70.372658
20
0.175000
30
0.0
11
70.657739
21
0.175000
31
0.0
0
LINE
8
right
10
70.657739
20
0.175000
30
0.0
11
70.922670
21
0.175000
31
0.0
0
LINE
8
right
10
70.922670
20
0.175000
30
0.0
11
71.165434
21
0.175000
31
0.0
0
LINE
8
right
10
71.165434
20
0.175000
30
0.0
11
71.384184
21
0.175000
31
0.0
0
LINE
8
right
10
71.384184
20
0.175000
30
0.0
11
71.577255
21
0.175000
31
0.0
0
LINE
8
right
10
71.577255
20
0.175000
30
0.0
11
71.743178
21
0.175000
31
0.0
0
LINE
8
right
10
71.743178
20
0.175000
30
0.0
11
71.880691
21
0.175000
31
0.0
0
LINE
8
right
10
71.880691
20
0.175000
30
0.0
11
71.988745
21
0.175000
31
0.0
0
LINE
8
right
10
71.988745
20
0.175000
30
0.0
11
72.066520
21
0.175000
31
0.0
0
LINE
8
right
10
72.066520
20
0.175000
30
0.0
11
72.113423
21
0.175000
31
0.0
0
LINE
8
right
10
72.113423
20
0.175000
30
0.0
11
72.129097
21
0.175000
31
0.0
0
LINE
8
right
10
72.129097
20
0.175000
30
0.0
11
72.113423
21
0.175000
31
0.0
0
LINE
8
right
10
72.113423
20
0.175000
30
0.0
11
72.066520
21
0.175000
31
0.0
0
LINE
8
right
10
72.066520
20
0.175000
30
0.0
11
71.988745
21
0.175000
31
0.0
0
LINE
8
right
10
71.988745
20
0.175000
30
0.0
11
71.880691
21
0.175000
31
0.0
0
LINE
8
right
10
71.880691
20
0.175000
30
0.0
11
71.743178
21
0.175000
31
0.0
0
LINE
8
right
10
71.743178
20
0.175000
30
0.0
11
71.577255
21
0.175000
31
0.0
0
LINE
8
right
10
71.577255
20
0.175000
30
0.0
11
71.384184
21
0.175000
31
0.0
0
LINE
8
right
10
71.384184
20
0.175000
30
0.0
11
71.165434
21
0.175000
31
0.0
0
LINE
8
right
10
71.165434
20
0.175000
30
0.0
11
70.922670
21
0.175000
31
0.0
0
LINE
8
right
10
70.922670
20
0.175000
30
0.0
11
70.657739
21
0.175000
31
0.0
0
LINE
8
right
10
70.657739
20
0.175000
30
0.0
11
70.372658
21
0.175000
31
0.0
0
LINE
8
right
10
70.372658
20
0.175000
30
0.0
11
70.069597
21
0.175000
31
0.0
0
LINE
8
right
10
70.069597
20
0.175000
30
0.0
11
69.750861
21
0.175000
31
0.0
0
LINE
8
right
10
69.750861
20
0.175000
30
0.0
11
69.418878
21
0.175000
31
0.0
0
LINE
8
right
10
69.418878
20
0.175000
30
0.0
11
69.076172
21
0.175000
31
0.0
0
LINE
8
right
10
69.076172
20
0.175000
30
0.0
11
68.725354
21
0.175000
31
0.0
0
LINE
8
right
10
68.725354
20
0.175000
30
0.0
11
68.369091
21
0.175000
31
0.0
0
LINE
8
right
10
68.369091
20
0.175000
30
0.0
11
68.010097
21
0.175000
31
0.0
0
LINE
8
right
10
68.010097
20
0.175000
30
0.0
11
67.651102
21
0.175000
31
0.0
0
LINE
8
right
10
67.651102
20
0.175000
30
0.0
11
67.294840
21
0.175000
31
0.0
0
LINE
8
right
10
67.294840
20
0.175000
30
0.0
11
66.944021
21
0.175000
31
0.0
0
LINE
8
right
10
66.944021
20
0.175000
30
0.0
11
66.601316
21
0.175000
31
0.0
0
LINE
8
right
10
66.601316
20
0.175000
30
0.0
11
66.269332
21
0.175000
31
0.0
0
LINE
8
right
10
66.269332
20
0.175000
30
0.0
11
65.950597
21
0.175000
31
0.0
0
LINE
8
right
10
65.950597
20
0.175000
30
0.0
11
65.647535
21
0.175000
31
0.0
0
LINE
8
right
10
65.647535
20
0.175000
30
0.0
11
65.362455
21
0.175000
31
0.0
0
LINE
8
right
10
65.362455
20
0.175000
30
0.0
11
65.097524
21
0.175000
31
0.0
0
LINE
8
right
10
65.097524
20
0.175000
30
0.0
11
64.854760
21
0.175000
31
0.0
0
LINE
8
right
10
64.854760
20
0.175000
30
0.0
11
64.636009
21
0.175000
31
0.0
0
LINE
8
right
10
64.636009
20
0.175000
30
0.0
11
64.442938
21
0.175000
31
0.0
0
LINE
8
right
10
64.442938
20
0.175000
30
0.0
11
64.277015
21
0.175000
31
0.0
0
LINE
8
right
10
64.277015
20
0.175000
30
0.0
11
64.139503
21
0.175000
31
0.0
0
LINE
8
right
10
64.139503
20
0.175000
30
0.0
11
64.031448
21
0.175000
31
0.0
0
LINE
8
right
10
64.031448
20
0.175000
30
0.0
11
63.953674
21
0.175000
31
0.0
0
LINE
8
right
10
63.953674
20
0.175000
30
0.0
11
63.906771
21
0.175000
31
0.0
0
LINE
8
right
10
63.906771
20
0.175000
30
0.0
11
63.891097
21
0.175000
31
0.0
0
LINE
8
right
10
63.891097
20
0.175000
30
0.0
11
63.906771
21
0.175000
31
0.0
0
LINE
8
right
10
63.906771
20
0.175000
30
0.0
11
63.953674
21
0.175000
31
0.0
0
LINE
8
right
10
63.953674
20
0.175000
30
0.0
11
64.031448
21
0.175000
31
0.0
0
LINE
8
right
10
64.031448
20
0.175000
30
0.0
11
64.139503
21
0.175000
31
0.0
0
LINE
8
right
10
64.139503
20
0.175000
30
0.0
11
64.277015
21
0.175000
31
0.0
0
LINE
8
right
10
64.277015
20
0.175000
30
0.0
11
64.442938
21
0.175000
31
0.0
0
LINE
8
right
10
64.442938
20
0.175000
30
0.0
11
64.636009
21
0.175000
31
0.0
0
LINE
8
right
10
64.636009
20
0.175000
30
0.0
11
64.854760
21
0.175000
31
0.0
0
LINE
8
right
10
64.854760
20
0.175000
30
0.0
11
65.097524
21
0.175000
31
0.0
0
LINE
8
right
10
65.097524
20
0.175000
30
0.0
11
65.362455
21
0.175000
31
0.0
0
LINE
8
right
10
65.362455
20
0.175000
30
0.0
11
65.647535
21
0.175000
31
0.0
0
LINE
8
right
10
65.647535
20
0.175000
30
0.0
11
65.950597
21
0.175000
31
0.0
0
LINE
8
right
10
65.950597
20
0.175000
30
0.0
11
66.269332
21
0.175000
31
0.0
0
LINE
8
right
10
66.269332
20
0.175000
30
0.0
11
66.601316
21
0.175000
31
0.0
0
LINE
8
right
10
66.601316
20
0.175000
30
0.0
11
66.944021
21
0.175000
31
0.0
0
LINE
8
right
10
66.944021
20
0.175000
30
0.0
11
67.294840
21
0.175000
31
0.0
0
LINE
8
right
10
67.294840
20
0.175000
30
0.0
11
67.651102
21
0.175000
31
0.0
0
LINE
8
right
10
67.651102
20
0.175000
30
0.0
11
68.010097
21
0.175000
31
0.0
0
LINE
8
front
10
-21.321193
20
0.175000
30
0.0
11
-21.321193
21
-3.000000
31
0.0
0
LINE
8
top
10
-21.321193
20
28.795105
30
0.0
11
-21.321193
21
28.795105
31
0.0
0
LINE
8
right
10
68.010097
20
0.175000
30
0.0
11
68.010097
21
-3.000000
31
0.0
0
LINE
8
front
10
-13.083193
20
-3.000000
30
0.0
11
-13.098867
21
-3.000000
31
0.0
0
LINE
8
front
10
-13.098867
20
-3.000000
30
0.0
11
-13.145770
21
-3.000000
31
0.0
0
LINE
8
front
10
-13.145770
20
-3.000000
30
0.0
11
-13.223544
21
-3.000000
31
0.0
0
LINE
8
front
10
-13.223544
20
-3.000000
30
0.0
11
-13.331599
21
-3.000000
31
0.0
0
LINE
8
front
10
-13.331599
20
-3.000000
30
0.0
11
-13.469111
21
-3.000000
31
0.0
0
LINE
8
front
10
-13.469111
20
-3.000000
30
0.0
11
-13.635034
21
-3.000000
31
0.0
0
LINE
8
front
10
-13.635034
20
-3.000000
30
0.0
11
-13.828106
21
-3.000000
31
0.0
0
LINE
8
front
10
-13.828106
20
-3.000000
30
0.0
11
-14.046856
21
-3.000000
31
0.0
0
LINE
8
front
10
-14.046856
20
-3.000000
30
0.0
11
-14.289620
21
-3.000000
31
0.0
0
LINE
8
front
10
-14.289620
20
-3.000000
30
0.0
11
-14.554551
21
-3.000000
31
0.0
0
LINE
8
front
10
-14.554551
20
-3.000000
30
0.0
11
-14.839632
21
-3.000000
31
0.0
0
LINE
8
front
10
-14.839632
20
-3.000000
30
0.0
11
-15.142693
21
-3.000000
31
0.0
0
LINE
8
front
10
-15.142693
20
-3.000000
30
0.0
11
-15.461428
21
-3.000000
31
0.0
0
LINE
8
front
10
-15.461428
20
-3.000000
30
0.0
11
-15.793412
21
-3.000000
31
0.0
0
LINE
8
front
10
-15.793412
20
-3.000000
30
0.0
11
-16.136117
21
-3.000000
31
0.0
0
LINE
8
front
10
-16.136117
20
-3.000000
30
0.0
11
-16.486936
21
-3.000000
31
0.0
0
LINE
8
front
10
-16.486936
20
-3.000000
30
0.0
11
-16.843198
21
-3.000000
31
0.0
0
LINE
8
front
10
-16.843198
20
-3.000000
30
0.0
11
-17.202193
21
-3.000000
31
0.0
0
LINE
8
front
10
-17.202193
20
-3.000000
30
0.0
11
-17.561187
21
-3.000000
31
0.0
0
LINE
8
front
10
-17.561187
20
-3.000000
30
0.0
11
-17.917450
21
-3.000000
31
0.0
0
LINE
8
front
10
-17.917450
20
-3.000000
30
0.0
11
-18.268269
21
-3.000000
31
0.0
0
LINE
8
front
10
-18.268269
20
-3.000000
30
0.0
11
-18.610974
21
-3.000000
31
0.0
0
LINE
8
front
10
-18.610974
20
-3.000000
30
0.0
11
-18.942958
21
-3.000000
31
0.0
0
LINE
8
front
10
-18.942958
20
-3.000000
30
0.0
11
-19.261693
21
-3.000000
31
0.0
0
LINE
8
front
10
-19.261693
20
-3.000000
30
0.0
11
-19.564754
21
-3.000000
31
0.0
0
LINE
8
front
10
-19.564754
20
-3.000000
30
0.0
11
-19.849835
21
-3.000000
31
0.0
0
LINE
8
front
10
-19.849835
20
-3.000000
30
0.0
11
-20.114766
21
-3.000000
31
0.0
0
LINE
8
front
10
-20.114766
20
-3.000000
30
0.0
11
-20.357530
21
-3.000000
31
0.0
0
LINE
8
front
10
-20.357530
20
-3.000000
30
0.0
11
-20.576280
21
-3.000000
31
0.0
0
LINE
8
front
10
-20.576280
20
-3.000000
30
0.0
11
-20.769352
21
-3.000000
31
0.0
0
LINE
8
front
10
-20.769352
20
-3.000000
30
0.0
11
-20.935275
21
-3.000000
31
0.0
0
LINE
8
front
10
-20.935275
20
-3.000000
30
0.0
11
-21.072787
21
-3.000000
31
0.0
0
LINE
8
front
10
-21.072787
20
-3.000000
30
0.0
11
-21.180841
21
-3.000000
31
0.0
0
LINE
8
front
10
-21.180841
20
-3.000000
30
0.0
11
-21.258616
21
-3.000000
31
0.0
0
LINE
8
front
10
-21.258616
20
-3.000000
30
0.0
11
-21.305519
21
-3.000000
31
0.0
0
LINE
8
front
10
-21.305519
20
-3.000000
30
0.0
11
-21.321193
21
-3.000000
31
0.0
0
LINE
8
front
10
-21.321193
20
-3.000000
30
0.0
11
-21.305519
21
-3.000000
31
0.0
0
LINE
8
front
10
-21.305519
20
-3.000000
30
0.0
11
-21.258616
21
-3.000000
31
0.0
0
LINE
8
front
10
-21.258616
20
-3.000000
30
0.0
11
-21.180841
21
-3.000000
31
0.0
0
LINE
8
front
10
-21.180841
20
-3.000000
30
0.0
11
-21.072787
21
-3.000000
31
0.0
0
LINE
8
front
10
-21.072787
20
-3.000000
30
0.0
11
-20.935275
21
-3.000000
31
0.0
0
LINE
8
front
10
-20.935275
20
-3.000000
30
0.0
11
-20.769352
21
-3.000000
31
0.0
0
LINE
8
front
10
-20.769352
20
-3.000000
30
0.0
11
-20.576280
21
-3.000000
31
0.0
0
LINE
8
front
10
-20.576280
20
-3.000000
30
0.0
11
-20.357530
21
-3.000000
31
0.0
0
LINE
8
front
10
-20.357530
20
-3.000000
30
0.0
11
-20.114766
21
-3.000000
31
0.0
0
LINE
8
front
10
-20.114766
20
-3.000000
30
0.0
11
-19.849835
21
-3.000000
31
0.0
0
LINE
8
front
10
-19.849835
20
-3.000000
30
0.0
11
-19.564754
21
-3.000000
31
0.0
0
LINE
8
front
10
-19.564754
20
-3.000000
30
0.0
11
-19.261693
21
-3.000000
31
0.0
0
LINE
8
front
10
-19.261693
20
-3.000000
30
0.0
11
-18.942958
21
-3.000000
31
0.0
0
LINE
8
front
10
-18.942958
20
-3.000000
30
0.0
11
-18.610974
21
-3.000000
31
0.0
0
LINE
8
front
10
-18.610974
20
-3.000000
30
0.0
11
-18.268269
21
-3.000000
31
0.0
0
LINE
8
front
10
-18.268269
20
-3.000000
30
0.0
11
-17.917450
21
-3.000000
31
0.0
0
LINE
8
front
10
-17.917450
20
-3.000000
30
0.0
11
-17.561187
21
-3.000000
31
0.0
0
LINE
8
front
10
-17.561187
20
-3.000000
30
0.0
11
-17.202193
21
-3.000000
31
0.0
0
LINE
8
front
10
-17.202193
20
-3.000000
30
0.0
11
-16.843198
21
-3.000000
31
0.0
0
LINE
8
front
10
-16.843198
20
-3.000000
30
0.0
11
-16.486936
21
-3.000000
31
0.0
0
LINE
8
front
10
-16.486936
20
-3.000000
30
0.0
11
-16.136117
21
-3.000000
31
0.0
0
LINE
8
front
10
-16.136117
20
-3.000000
30
0.0
11
-15.793412
21
-3.000000
31
0.0
0
LINE
8
front
10
-15.793412
20
-3.000000
30
0.0
11
-15.461428
21
-3.000000
31
0.0
0
LINE
8
front
10
-15.461428
20
-3.000000
30
0.0
11
-15.142693
21
-3.000000
31
0.0
0
LINE
8
front
10
-15.142693
20
-3.000000
30
0.0
11
-14.839632
21
-3.000000
31
0.0
0
LINE
8
front
10
-14.839632
20
-3.000000
30
0.0
11
-14.554551
21
-3.000000
31
0.0
0
LINE
8
front
10
-14.554551
20
-3.000000
30
0.0
11
-14.289620
21
-3.000000
31
0.0
0
LINE
8
front
10
-14.289620
20
-3.000000
30
0.0
11
-14.046856
21
-3.000000
31
0.0
0
LINE
8
front
10
-14.046856
20
-3.000000
30
0.0
11
-13.828106
21
-3.000000
31
0.0
0
LINE
8
front
10
-13.828106
20
-3.000000
30
0.0
11
-13.635034
21
-3.000000
31
0.0
0
LINE
8
front
10
-13.635034
20
-3.000000
30
0.0
11
-13.469111
21
-3.000000
31
0.0
0
LINE
8
front
10
-13.469111
20
-3.000000
30
0.0
11
-13.331599
21
-3.000000
31
0.0
0
LINE
8
front
10
-13.331599
20
-3.000000
30
0.0
11
-13.223544
21
-3.000000
31
0.0
0
LINE
8
front
10
-13.223544
20
-3.000000
30
0.0
11
-13.145770
21
-3.000000
31
0.0
0
LINE
8
front
10
-13.145770
20
-3.000000
30
0.0
11
-13.098867
21
-3.000000
31
0.0
0
LINE
8
front
10
-13.098867
20
-3.000000
30
0.0
11
-13.083193
21
-3.000000
31
0.0
0
LINE
8
top
10
-13.083193
20
28.795105
30
0.0
11
-13.098867
21
29.154100
31
0.0
0
LINE
8
top
10
-13.098867
20
29.154100
30
0.0
11
-13.145770
21
29.510362
31
0.0
0
LINE
8
top
10
-13.145770
20
29.510362
30
0.0
11
-13.223544
21
29.861181
31
0.0
0
LINE
8
top
10
-13.223544
20
29.861181
30
0.0
11
-13.331599
21
30.203886
31
0.0
0
LINE
8
top
10
-13.331599
20
30.203886
30
0.0
11
-13.469111
21
30.535870
31
0.0
0
LINE
8
top
10
-13.469111
20
30.535870
30
0.0
11
-13.635034
21
30.854605
31
0.0
0
LINE
8
top
10
-13.635034
20
30.854605
30
0.0
11
-13.828106
21
31.157667
31
0.0
0
LINE
8
top
10
-13.828106
20
31.157667
30
0.0
11
-14.046856
21
31.442747
31
0.0
0
LINE
8
top
10
-14.046856
20
31.442747
30
0.0
11
-14.289620
21
31.707678
31
0.0
0
LINE
8
top
10
-14.289620
20
31.707678
30
0.0
11
-14.554551
21
31.950442
31
0.0
0
LINE
8
top
10
-14.554551
20
31.950442
30
0.0
11
-14.839632
21
32.169192
31
0.0
0
LINE
8
top
10
-14.839632
20
32.169192
30
0.0
11
-15.142693
21
32.362264
31
0.0
0
LINE
8
top
10
-15.142693
20
32.362264
30
0.0
11
-15.461428
21
32.528187
31
0.0
0
LINE
8
top
10
-15.461428
20
32.528187
30
0.0
11
-15.793412
21
32.665699
31
0.0
0
LINE
8
top
10
-15.793412
20
32.665699
30
0.0
11
-16.136117
21
32.773754
31
0.0
0
LINE
8
top
10
-16.136117
20
32.773754
30
0.0
11
-16.486936
21
32.851528
31
0.0
0
LINE
8
top
10
-16.486936
20
32.851528
30
0.0
11
-16.843198
21
32.898431
31
0.0
0
LINE
8
top
10
-16.843198
20
32.898431
30
0.0
11
-17.202193
21
32.914105
31
0.0
0
LINE
8
top
10
-17.202193
20
32.914105
30
0.0
11
-17.561187
21
32.898431
31
0.0
0
LINE
8
top
10
-17.561187
20
32.898431
30
0.0
11
-17.917450
21
32.851528
31
0.0
0
LINE
8
top
10
-17.917450
20
32.851528
30
0.0
11
-18.268269
21
32.773754
31
0.0
0
LINE
8
top
10
-18.268269
20
32.773754
30
0.0
11
-18.610974
21
32.665699
31
0.0
0
LINE
8
top
10
-18.610974
20
32.665699
30
0.0
11
-18.942958
21
32.528187
31
0.0
0
LINE
8
top
10
-18.942958
20
32.528187
30
0.0
11
-19.261693
21
32.362264
31
0.0
0
LINE
8
top
10
-19.261693
20
32.362264
30
0.0
11
-19.564754
21
32.169192
31
0.0
0
LINE
8
top
10
-19.564754
20
32.169192
30
0.0
11
-19.849835
21
31.950442
31
0.0
0
LINE
8
top
10
-19.849835
20
31.950442
30
0.0
11
-20.114766
21
31.707678
31
0.0
0
LINE
8
top
10
-20.114766
20
31.707678
30
0.0
11
-20.357530
21
31.442747
31
0.0
0
LINE
8
top
10
-20.357530
20
31.442747
30
0.0
11
-20.576280
21
31.157667
31
0.0
0
LINE
8
top
10
-20.576280
20
31.157667
30
0.0
11
-20.769352
21
30.854605
31
0.0
0
LINE
8
top
10
-20.769352
20
30.854605
30
0.0
11
-20.935275
21
30.535870
31
0.0
0
LINE
8
top
10
-20.935275
20
30.535870
30
0.0
11
-21.072787
21
30.203886
31
0.0
0
LINE
8
top
10
-21.072787
20
30.203886
30
0.0
11
-21.180841
21
29.861181
31
0.0
0
LINE
8
top
10
-21.180841
20
29.861181
30
0.0
11
-21.258616
21
29.510362
31
0.0
0
LINE
8
top
10
-21.258616
20
29.510362
30
0.0
11
-21.305519
21
29.154100
31
0.0
0
LINE
8
top
10
-21.305519
20
29.154100
30
0.0
11
-21.321193
21
28.795105
31
0.0
0
LINE
8
top
10
-21.321193
20
28.795105
30
0.0
11
-21.305519
21
28.436111
31
0.0
0
LINE
8
top
10
-21.305519
20
28.436111
30
0.0
11
-21.258616
21
28.079848
31
0.0
0
LINE
8
top
10
-21.258616
20
28.079848
30
0.0
11
-21.180841
21
27.729030
31
0.0
0
LINE
8
top
10
-21.180841
20
27.729030
30
0.0
11
-21.072787
21
27.386324
31
0.0
0
LINE
8
top
10
-21.072787
20
27.386324
30
0.0
11
-20.935275
21
27.054341
31
0.0
0
LINE
8
top
10
-20.935275
20
27.054341
30
0.0
11
-20.769352
21
26.735605
31
0.0
0
LINE
8
top
10
-20.769352
20
26.735605
30
0.0
11
-20.576280
21
26.432544
31
0.0
0
LINE
8
top
10
-20.576280
20
26.432544
30
0.0
11
-20.357530
21
26.147463
31
0.0
0
LINE
8
top
10
-20.357530
20
26.147463
30
0.0
11
-20.114766
21
25.882532
31
0.0
0
LINE
8
top
10
-20.114766
20
25.882532
30
0.0
11
-19.849835
21
25.639768
31
0.0
0
LINE
8
top
10
-19.849835
20
25.639768
30
0.0
11
-19.564754
21
25.421018
31
0.0
0
LINE
8
top
10
-19.564754
20
25.421018
30
0.0
11
-19.261693
21
25.227947
31
0.0
0
LINE
8
top
10
-19.261693
20
25.227947
30
0.0
11
-18.942958
21
25.062023
31
0.0
0
LINE
8
top
10
-18.942958
20
25.062023
30
0.0
11
-18.610974
21
24.924511
31
0.0
0
LINE
8
top
10
-18.610974
20
24.924511
30
0.0
11
-18.268269
21
24.816457
31
0.0
0
LINE
8
top
10
-18.268269
20
24.816457
30
0.0
11
-17.917450
21
24.738682
31
0.0
0
LINE
8
top
10
-17.917450
20
24.738682
30
0.0
11
-17.561187
21
24.691779
31
0.0
0
LINE
8
top
10
-17.561187
20
24.691779
30
0.0
11
-17.202193
21
24.676105
31
0.0
0
LINE
8
top
10
-17.202193
20
24.676105
30
0.0
11
-16.843198
21
24.691779
31
0.0
0
LINE
8
top
10
-16.843198
20
24.691779
30
0.0
11
-16.486936
21
24.738682
31
0.0
0
LINE
8
top
10
-16.486936
20
24.738682
30
0.0
11
-16.136117
21
24.816457
31
0.0
0
LINE
8
top
10
-16.136117
20
24.816457
30
0.0
11
-15.793412
21
24.924511
31
0.0
0
LINE
8
top
10
-15.793412
20
24.924511
30
0.0
11
-15.461428
21
25.062023
31
0.0
0
LINE
8
top
10
-15.461428
20
25.062023
30
0.0
11
-15.142693
21
25.227947
31
0.0
0
LINE
8
top
10
-15.142693
20
25.227947
30
0.0
11
-14.839632
21
25.421018
31
0.0
0
LINE
8
top
10
-14.839632
20
25.421018
30
0.0
11
-14.554551
21
25.639768
31
0.0
0
LINE
8
top
10
-14.554551
20
25.639768
30
0.0
11
-14.289620
21
25.882532
31
0.0
0
LINE
8
top
10
-14.289620
20
25.882532
30
0.0
11
-14.046856
21
26.147463
31
0.0
0
LINE
8
top
10
-14.046856
20
26.147463
30
0.0
11
-13.828106
21
26.432544
31
0.0
0
LINE
8
top
10
-13.828106
20
26.432544
30
0.0
11
-13.635034
21
26.735605
31
0.0
0
LINE
8
top
10
-13.635034
20
26.735605
30
0.0
11
-13.469111
21
27.054341
31
0.0
0
LINE
8
top
10
-13.469111
20
27.054341
30
0.0
11
-13.331599
21
27.386324
31
0.0
0
LINE
8
top
10
-13.331599
20
27.386324
30
0.0
11
-13.223544
21
27.729030
31
0.0
0
LINE
8
top
10
-13.223544
20
27.729030
30
0.0
11
-13.145770
21
28.079848
31
0.0
0
LINE
8
top
10
-13.145770
20
28.079848
30
0.0
11
-13.098867
21
28.436111
31
0.0
0
LINE
8
top
10
-13.098867
20
28.436111
30
0.0
11
-13.083193
21
28.795105
31
0.0
0
LINE
8
right
10
68.010097
20
-3.000000
30
0.0
11
67.651102
21
-3.000000
31
0.0
0
LINE
8
right
10
67.651102
20
-3.000000
30
0.0
11
67.294840
21
-3.000000
31
0.0
0
LINE
8
right
10
67.294840
20
-3.000000
30
0.0
11
66.944021
21
-3.000000
31
0.0
0
LINE
8
right
10
66.944021
20
-3.000000
30
0.0
11
66.601316
21
-3.000000
31
0.0
0
LINE
8
right
10
66.601316
20
-3.000000
30
0.0
11
66.269332
21
-3.000000
31
0.0
0
LINE
8
right
10
66.269332
20
-3.000000
30
0.0
11
65.950597
21
-3.000000
31
0.0
0
LINE
8
right
10
65.950597
20
-3.000000
30
0.0
11
65.647535
21
-3.000000
31
0.0
0
LINE
8
right
10
65.647535
20
-3.000000
30
0.0
11
65.362455
21
-3.000000
31
0.0
0
LINE
8
right
10
65.362455
20
-3.000000
30
0.0
11
65.097524
21
-3.000000
31
0.0
0
LINE
8
right
10
65.097524
20
-3.000000
30
0.0
11
64.854760
21
-3.000000
31
0.0
0
LINE
8
right
10
64.854760
20
-3.000000
30
0.0
11
64.636009
21
-3.000000
31
0.0
0
LINE
8
right
10
64.636009
20
-3.000000
30
0.0
11
64.442938
21
-3.000000
31
0.0
0
LINE
8
right
10
64.442938
20
-3.000000
30
0.0
11
64.277015
21
-3.000000
31
0.0
0
LINE
8
right
10
64.277015
20
-3.000000
30
0.0
11
64.139503
21
-3.000000
31
0.0
0
LINE
8
right
10
64.139503
20
-3.000000
30
0.0
11
64.031448
21
-3.000000
31
0.0
0
LINE
8
right
10
64.031448
20
-3.000000
30
0.0
11
63.953674
21
-3.000000
31
0.0
0
LINE
8
right
10
63.953674
20
-3.000000
30
0.0
11
63.906771
21
-3.000000
31
0.0
0
LINE
8
right
10
63.906771
20
-3.000000
30
0.0
11
63.891097
21
-3.000000
31
0.0
0
LINE
8
right
10
63.891097
20
-3.000000
30
0.0
11
63.906771
21
-3.000000
31
0.0
0
LINE
8
right
10
63.906771
20
-3.000000
30
0.0
11
63.953674
21
-3.000000
31
0.0
0
LINE
8
right
10
63.953674
20
-3.000000
30
0.0
11
64.031448
21
-3.000000
31
0.0
0
LINE
8
right
10
64.031448
20
-3.000000
30
0.0
11
64.139503
21
-3.000000
31
0.0
0
LINE
8
right
10
64.139503
20
-3.000000
30
0.0
11
64.277015
21
-3.000000
31
0.0
0
LINE
8
right
10
64.277015
20
-3.000000
30
0.0
11
64.442938
21
-3.000000
31
0.0
0
LINE
8
right
10
64.442938
20
-3.000000
30
0.0
11
64.636009
21
-3.000000
31
0.0
0
LINE
8
right
10
64.636009
20
-3.000000
30
0.0
11
64.854760
21
-3.000000
31
0.0
0
LINE
8
right
10
64.854760
20
-3.000000
30
0.0
11
65.097524
21
-3.000000
31
0.0
0
LINE
8
right
10
65.097524
20
-3.000000
30
0.0
11
65.362455
21
-3.000000
31
0.0
0
LINE
8
right
10
65.362455
20
-3.000000
30
0.0
11
65.647535
21
-3.000000
31
0.0
0
LINE
8
right
10
65.647535
20
-3.000000
30
0.0
11
65.950597
21
-3.000000
31
0.0
0
LINE
8
right
10
65.950597
20
-3.000000
30
0.0
11
66.269332
21
-3.000000
31
0.0
0
LINE
8
right
10
66.269332
20
-3.000000
30
0.0
11
66.601316
21
-3.000000
31
0.0
0
LINE
8
right
10
66.601316
20
-3.000000
30
0.0
11
66.944021
21
-3.000000
31
0.0
0
LINE
8
right
10
66.944021
20
-3.000000
30
0.0
11
67.294840
21
-3.000000
31
0.0
0
LINE
8
right
10
67.294840
20
-3.000000
30
0.0
11
67.651102
21
-3.000000
31
0.0
0
LINE
8
right
10
67.651102
20
-3.000000
30
0.0
11
68.010097
21
-3.000000
31
0.0
0
LINE
8
right
10
68.010097
20
-3.000000
30
0.0
11
68.369091
21
-3.000000
31
0.0
0
LINE
8
right
10
68.369091
20
-3.000000
30
0.0
11
68.725354
21
-3.000000
31
0.0
0
LINE
8
right
10
68.725354
20
-3.000000
30
0.0
11
69.076172
21
-3.000000
31
0.0
0
LINE
8
right
10
69.076172
20
-3.000000
30
0.0
11
69.418878
21
-3.000000
31
0.0
0
LINE
8
right
10
69.418878
20
-3.000000
30
0.0
11
69.750861
21
-3.000000
31
0.0
0
LINE
8
right
10
69.750861
20
-3.000000
30
0.0
11
70.069597
21
-3.000000
31
0.0
0
LINE
8
right
10
70.069597
20
-3.000000
30
0.0
11
70.372658
21
-3.000000
31
0.0
0
LINE
8
right
10
70.372658
20
-3.000000
30
0.0
11
70.657739
21
-3.000000
31
0.0
0
LINE
8
right
10
70.657739
20
-3.000000
30
0.0
11
70.922670
21
-3.000000
31
0.0
0
LINE
8
right
10
70.922670
20
-3.000000
30
0.0
11
71.165434
21
-3.000000
31
0.0
0
LINE
8
right
10
71.165434
20
-3.000000
30
0.0
11
71.384184
21
-3.000000
31
0.0
0
LINE
8
right
10
71.384184
20
-3.000000
30
0.0
11
71.577255
21
-3.000000
31
0.0
0
LINE
8
right
10
71.577255
20
-3.000000
30
0.0
11
71.743178
21
-3.000000
31
0.0
0
LINE
8
right
10
71.743178
20
-3.000000
30
0.0
11
71.880691
21
-3.000000
31
0.0
0
LINE
8
right
10
71.880691
20
-3.000000
30
0.0
11
71.988745
21
-3.000000
31
0.0
0
LINE
8
right
10
71.988745
20
-3.000000
30
0.0
11
72.066520
21
-3.000000
31
0.0
0
LINE
8
right
10
72.066520
20
-3.000000
30
0.0
11
72.113423
21
-3.000000
31
0.0
0
LINE
8
right
10
72.113423
20
-3.000000
30
0.0
11
72.129097
21
-3.000000
31
0.0
0
LINE
8
right
10
72.129097
20
-3.000000
30
0.0
11
72.113423
21
-3.000000
31
0.0
0
LINE
8
right
10
72.113423
20
-3.000000
30
0.0
11
72.066520
21
-3.000000
31
0.0
0
LINE
8
right
10
72.066520
20
-3.000000
30
0.0
11
71.988745
21
-3.000000
31
0.0
0
LINE
8
right
10
71.988745
20
-3.000000
30
0.0
11
71.880691
21
-3.000000
31
0.0
0
LINE
8
right
10
71.880691
20
-3.000000
30
0.0
11
71.743178
21
-3.000000
31
0.0
0
LINE
8
right
10
71.743178
20
-3.000000
30
0.0
11
71.577255
21
-3.000000
31
0.0
0
LINE
8
right
10
71.577255
20
-3.000000
30
0.0
11
71.384184
21
-3.000000
31
0.0
0
LINE
8
right
10
71.384184
20
-3.000000
30
0.0
11
71.165434
21
-3.000000
31
0.0
0
LINE
8
right
10
71.165434
20
-3.000000
30
0.0
11
70.922670
21
-3.000000
31
0.0
0
LINE
8
right
10
70.922670
20
-3.000000
30
0.0
11
70.657739
21
-3.000000
31
0.0
0
LINE
8
right
10
70.657739
20
-3.000000
30
0.0
11
70.372658
21
-3.000000
31
0.0
0
LINE
8
right
10
70.372658
20
-3.000000
30
0.0
11
70.069597
21
-3.000000
31
0.0
0
LINE
8
right
10
70.069597
20
-3.000000
30
0.0
11
69.750861
21
-3.000000
31
0.0
0
LINE
8
right
10
69.750861
20
-3.000000
30
0.0
11
69.418878
21
-3.000000
31
0.0
0
LINE
8
right
10
69.418878
20
-3.000000
30
0.0
11
69.076172
21
-3.000000
31
0.0
0
LINE
8
right
10
69.076172
20
-3.000000
30
0.0
11
68.725354
21
-3.000000
31
0.0
0
LINE
8
right
10
68.725354
20
-3.000000
30
0.0
11
68.369091
21
-3.000000
31
0.0
0
LINE
8
right
10
68.369091
20
-3.000000
30
0.0
11
68.010097
21
-3.000000
31
0.0
0
LINE
8
front
10
14.478086
20
-3.000000
30
0.0
11
13.539401
21
-3.000000
31
0.0
0
LINE
8
front
10
13.539401
20
-3.000000
30
0.0
11
12.497682
21
-3.000000
31
0.0
0
LINE
8
front
10
12.497682
20
-3.000000
30
0.0
11
11.360857
21
-3.000000
31
0.0
0
LINE
8
front
10
11.360857
20
-3.000000
30
0.0
11
10.137576
21
-3.000000
31
0.0
0
LINE
8
front
10
10.137576
20
-3.000000
30
0.0
11
8.837149
21
-3.000000
31
0.0
0
LINE
8
front
10
8.837149
20
-3.000000
30
0.0
11
7.469472
21
-3.000000
31
0.0
0
LINE
8
front
10
7.469472
20
-3.000000
30
0.0
11
6.044952
21
-3.000000
31
0.0
0
LINE
8
front
10
6.044952
20
-3.000000
30
0.0
11
4.574431
21
-3.000000
31
0.0
0
LINE
8
front
10
4.574431
20
-3.000000
30
0.0
11
3.069098
21
-3.000000
31
0.0
0
LINE
8
front
10
3.069098
20
-3.000000
30
0.0
11
1.540410
21
-3.000000
31
0.0
0
LINE
8
front
10
1.540410
20
-3.000000
30
0.0
11
0.0
21
-3.000000
31
0.0
0
LINE
8
top
10
14.478086
20
6.611427
30
0.0
11
13.539401
21
5.388211
31
0.0
0
LINE
8
top
10
13.539401
20
5.388211
30
0.0
11
12.497682
21
4.251457
31
0.0
0
LINE
8
top
10
12.497682
20
4.251457
30
0.0
11
11.360857
21
3.209817
31
0.0
0
LINE
8
top
10
11.360857
20
3.209817
30
0.0
11
10.137576
21
2.271216
31
0.0
0
LINE
8
top
10
10.137576
20
2.271216
30
0.0
11
8.837149
21
1.442798
31
0.0
0
LINE
8
top
10
8.837149
20
1.442798
30
0.0
11
7.469472
21
0.730867
31
0.0
0
LINE
8
top
10
7.469472
20
0.730867
30
0.0
11
6.044952
21
0.140840
31
0.0
0
LINE
8
top
10
6.044952
20
0.140840
30
0.0
11
4.574431
21
-0.322792
31
0.0
0
LINE
8
top
10
4.574431
20
-0.322792
30
0.0
11
3.069098
21
-0.656501
31
0.0
0
LINE
8
top
10
3.069098
20
-0.656501
30
0.0
11
1.540410
21
-0.857747
31
0.0
0
LINE
8
top
10
1.540410
20
-0.857747
30
0.0
11
0.0
21
-0.925000
31
0.0
0
LINE
8
right
10
90.193775
20
-3.000000
30
0.0
11
91.416991
21
-3.000000
31
0.0
0
LINE
8
right
10
91.416991
20
-3.000000
30
0.0
11
92.553745
21
-3.000000
31
0.0
0
LINE
8
right
10
92.553745
20
-3.000000
30
0.0
11
93.595385
21
-3.000000
31
0.0
0
LINE
8
right
10
93.595385
20
-3.000000
30
0.0
11
94.533986
21
-3.000000
31
0.0
0
LINE
8
right
10
94.533986
20
-3.000000
30
0.0
11
95.362404
21
-3.000000
31
0.0
0
LINE
8
right
10
95.362404
20
-3.000000
30
0.0
11
96.074335
21
-3.000000
31
0.0
0
LINE
8
right
10
96.074335
20
-3.000000
30
0.0
11
96.664362
21
-3.000000
31
0.0
0
LINE
8
right
10
96.664362
20
-3.000000
30
0.0
11
97.127994
21
-3.000000
31
0.0
0
LINE
8
right
10
97.127994
20
-3.000000
30
0.0
11
97.461703
21
-3.000000
31
0.0
0
LINE
8
right
10
97.461703
20
-3.000000
30
0.0
11
97.662949
21
-3.000000
31
0.0
0
LINE
8
right
10
97.662949
20
-3.000000
30
0.0
11
97.730202
21
-3.000000
31
0.0
0
LINE
8
front
10
14.478086
20
-3.000000
30
0.0
11
14.478086
21
0.175000
31
0.0
0
LINE
8
top
10
14.478086
20
6.611427
30
0.0
11
14.478086
21
6.611427
31
0.0
0
LINE
8
right
10
90.193775
20
-3.000000
30
0.0
11
90.193775
21
0.175000
31
0.0
0
LINE
8
front
10
0.0
20
0.175000
30
0.0
11
-1.515705
21
0.175000
31
0.0
0
LINE
8
front
10
-1.515705
20
0.175000
30
0.0
11
-3.020243
21
0.175000
31
0.0
0
LINE
8
front
10
-3.020243
20
0.175000
30
0.0
11
-4.502530
21
0.175000
31
0.0
0
LINE
8
front
10
-4.502530
20
0.175000
30
0.0
11
-5.951645
21
0.175000
31
0.0
0
LINE
8
front
10
-5.951645
20
0.175000
30
0.0
11
-7.356913
21
0.175000
31
0.0
0
LINE
8
front
10
-7.356913
20
0.175000
30
0.0
11
-8.707979
21
0.175000
31
0.0
0
LINE
8
front
10
-8.707979
20
0.175000
30
0.0
11
-9.994891
21
0.175000
31
0.0
0
LINE
8
front
10
-9.994891
20
0.175000
30
0.0
11
-11.208167
21
0.175000
31
0.0
0
LINE
8
front
10
-11.208167
20
0.175000
30
0.0
11
-12.338869
21
0.175000
31
0.0
0
LINE
8
front
10
-12.338869
20
0.175000
30
0.0
11
-13.378666
21
0.175000
31
0.0
0
LINE
8
front
10
-13.378666
20
0.175000
30
0.0
11
-14.319897
21
0.175000
31
0.0
0
LINE
8
front
10
-14.319897
20
0.175000
30
0.0
11
-15.155629
21
0.175000
31
0.0
0
LINE
8
front
10
-15.155629
20
0.175000
30
0.0
11
-15.879704
21
0.175000
31
0.0
0
LINE
8
front
10
-15.879704
20
0.175000
30
0.0
11
-16.486788
21
0.175000
31
0.0
0
LINE
8
front
10
-16.486788
20
0.175000
30
0.0
11
-16.972408
21
0.175000
31
0.0
0
LINE
8
front
10
-16.972408
20
0.175000
30
0.0
11
-17.332987
21
0.175000
31
0.0
0
LINE
8
front
10
-17.332987
20
0.175000
30
0.0
11
-17.565867
21
0.175000
31
0.0
0
LINE
8
front
10
-17.565867
20
0.175000
30
0.0
11
-17.669333
21
0.175000
31
0.0
0
LINE
8
front
10
-17.669333
20
0.175000
30
0.0
11
-17.642624
21
0.175000
31
0.0
0
LINE
8
front
10
-17.642624
20
0.175000
30
0.0
11
-17.485935
21
0.175000
31
0.0
0
LINE
8
front
10
-17.485935
20
0.175000
30
0.0
11
-17.200421
21
0.175000
31
0.0
0
LINE
8
front
10
-17.200421
20
0.175000
30
0.0
11
-16.788186
21
0.175000
31
0.0
0
LINE
8
front
10
-16.788186
20
0.175000
30
0.0
11
-16.252266
21
0.175000
31
0.0
0
LINE
8
front
10
-16.252266
20
0.175000
30
0.0
11
-15.596610
21
0.175000
31
0.0
0
LINE
8
front
10
-15.596610
20
0.175000
30
0.0
11
-14.826049
21
0.175000
31
0.0
0
LINE
8
front
10
-14.826049
20
0.175000
30
0.0
11
-13.946259
21
0.175000
31
0.0
0
LINE
8
front
10
-13.946259
20
0.175000
30
0.0
11
-12.963722
21
0.175000
31
0.0
0
LINE
8
front
10
-12.963722
20
0.175000
30
0.0
11
-11.885676
21
0.175000
31
0.0
0
LINE
8
front
10
-11.885676
20
0.175000
30
0.0
11
-10.720065
21
0.175000
31
0.0
0
LINE
8
front
10
-10.720065
20
0.175000
30
0.0
11
-9.475476
21
0.175000
31
0.0
0
LINE
8
front
10
-9.475476
20
0.175000
30
0.0
11
-8.161077
21
0.175000
31
0.0
0
LINE
8
front
10
-8.161077
20
0.175000
30
0.0
11
-6.786553
21
0.175000
31
0.0
0
LINE
8
front
10
-6.786553
20
0.175000
30
0.0
11
-5.362030
21
0.175000
31
0.0
0
LINE
8
front
10
-5.362030
20
0.175000
30
0.0
11
-3.898003
21
0.175000
31
0.0
0
LINE
8
front
10
-3.898003
20
0.175000
30
0.0
11
-2.405258
21
0.175000
31
0.0
0
LINE
8
front
10
-2.405258
20
0.175000
30
0.0
11
-0.894793
21
0.175000
31
0.0
0
LINE
8
front
10
-0.894793
20
0.175000
30
0.0
11
0.622265
21
0.175000
31
0.0
0
LINE
8
front
10
0.622265
20
0.175000
30
0.0
11
2.134738
21
0.175000
31
0.0
0
LINE
8
front
10
2.134738
20
0.175000
30
0.0
11
3.631483
21
0.175000
31
0.0
0
LINE
8
front
10
3.631483
20
0.175000
30
0.0
11
5.101475
21
0.175000
31
0.0
0
LINE
8
front
10
5.101475
20
0.175000
30
0.0
11
6.533882
21
0.175000
31
0.0
0
LINE
8
front
10
6.533882
20
0.175000
30
0.0
11
7.918151
21
0.175000
31
0.0
0
LINE
8
front
10
7.918151
20
0.175000
30
0.0
11
9.244085
21
0.175000
31
0.0
0
LINE
8
front
10
9.244085
20
0.175000
30
0.0
11
10.501915
21
0.175000
31
0.0
0
LINE
8
front
10
10.501915
20
0.175000
30
0.0
11
11.682373
21
0.175000
31
0.0
0
LINE
8
front
10
11.682373
20
0.175000
30
0.0
11
12.776763
21
0.175000
31
0.0
0
LINE
8
front
10
12.776763
20
0.175000
30
0.0
11
13.777022
21
0.175000
31
0.0
0
LINE
8
front
10
13.777022
20
0.175000
30
0.0
11
14.675782
21
0.175000
31
0.0
0
LINE
8
front
10
14.675782
20
0.175000
30
0.0
11
15.466419
21
0.175000
31
0.0
0
LINE
8
front
10
15.466419
20
0.175000
30
0.0
11
16.143110
21
0.175000
31
0.0
0
LINE
8
front
10
16.143110
20
0.175000
30
0.0
11
16.700870
21
0.175000
31
0.0
0
LINE
8
front
10
16.700870
20
0.175000
30
0.0
11
17.135588
21
0.175000
31
0.0
0
LINE
8
front
10
17.135588
20
0.175000
30
0.0
11
17.444062
21
0.175000
31
0.0
0
LINE
8
front
10
17.444062
20
0.175000
30
0.0
11
17.624020
21
0.175000
31
0.0
0
LINE
8
front
10
17.624020
20
0.175000
30
0.0
11
17.674136
21
0.175000
31
0.0
0
LINE
8
front
10
17.674136
20
0.175000
30
0.0
11
17.594040
21
0.175000
31
0.0
0
LINE
8
front
10
17.594040
20
0.175000
30
0.0
11
17.384323
21
0.175000
31
0.0
0
LINE
8
front
10
17.384323
20
0.175000
30
0.0
11
17.046529
21
0.175000
31
0.0
0
LINE
8
front
10
17.046529
20
0.175000
30
0.0
11
16.583148
21
0.175000
31
0.0
0
LINE
8
front
10
16.583148
20
0.175000
30
0.0
11
15.997593
21
0.175000
31
0.0
0
LINE
8
front
10
15.997593
20
0.175000
30
0.0
11
15.294178
21
0.175000
31
0.0
0
LINE
8
front
10
15.294178
20
0.175000
30
0.0
11
14.478086
21
0.175000
31
0.0
0
LINE
8
top
10
0.0
20
-0.925000
30
0.0
11
-1.515705
21
-0.859891
31
0.0
0
LINE
8
top
10
-1.515705
20
-0.859891
30
0.0
11
-3.020243
21
-0.665044
31
0.0
0
LINE
8
top
10
-3.020243
20
-0.665044
30
0.0
11
-4.502530
21
-0.341895
31
0.0
0
LINE
8
top
10
-4.502530
20
-0.341895
30
0.0
11
-5.951645
21
0.107177
31
0.0
0
LINE
8
top
10
-5.951645
20
0.107177
30
0.0
11
-7.356913
21
0.678862
31
0.0
0
LINE
8
top
10
-7.356913
20
0.678862
30
0.0
11
-8.707979
21
1.368949
31
0.0
0
LINE
8
top
10
-8.707979
20
1.368949
30
0.0
11
-9.994891
21
2.172353
31
0.0
0
LINE
8
top
10
-9.994891
20
2.172353
30
0.0
11
-11.208167
21
3.083156
31
0.0
0
LINE
8
top
10
-11.208167
20
3.083156
30
0.0
11
-12.338869
21
4.094647
31
0.0
0
LINE
8
top
10
-12.338869
20
4.094647
30
0.0
11
-13.378666
21
5.199375
31
0.0
0
LINE
8
top
10
-13.378666
20
5.199375
30
0.0
11
-14.319897
21
6.389200
31
0.0
0
LINE
8
top
10
-14.319897
20
6.389200
30
0.0
11
-15.155629
21
7.655357
31
0.0
0
LINE
8
top
10
-15.155629
20
7.655357
30
0.0
11
-15.879704
21
8.988517
31
0.0
0
LINE
8
top
10
-15.879704
20
8.988517
30
0.0
11
-16.486788
21
10.378858
31
0.0
0
LINE
8
top
10
-16.486788
20
10.378858
30
0.0
11
-16.972408
21
11.816138
31
0.0
0
LINE
8
top
10
-16.972408
20
11.816138
30
0.0
11
-17.332987
21
13.289768
31
0.0
0
LINE
8
top
10
-17.332987
20
13.289768
30
0.0
11
-17.565867
21
14.788890
31
0.0
0
LINE
8
top
10
-17.565867
20
14.788890
30
0.0
11
-17.669333
21
16.302460
31
0.0
0
LINE
8
top
10
-17.669333
20
16.302460
30
0.0
11
-17.642624
21
17.819328
31
0.0
0
LINE
8
top
10
-17.642624
20
17.819328
30
0.0
11
-17.485935
21
19.328317
31
0.0
0
LINE
8
top
10
-17.485935
20
19.328317
30
0.0
11
-17.200421
21
20.818311
31
0.0
0
LINE
8
top
10
-17.200421
20
20.818311
30
0.0
11
-16.788186
21
22.278332
31
0.0
0
LINE
8
top
10
-16.788186
20
22.278332
30
0.0
11
-16.252266
21
23.697625
31
0.0
0
LINE
8
top
10
-16.252266
20
23.697625
30
0.0
11
-15.596610
21
25.065731
31
0.0
0
LINE
8
top
10
-15.596610
20
25.065731
30
0.0
11
-14.826049
21
26.372573
31
0.0
0
LINE
8
top
10
-14.826049
20
26.372573
30
0.0
11
-13.946259
21
27.608522
31
0.0
0
LINE
8
top
10
-13.946259
20
27.608522
30
0.0
11
-12.963722
21
28.764473
31
0.0
0
LINE
8
top
10
-12.963722
20
28.764473
30
0.0
11
-11.885676
21
29.831909
31
0.0
0
LINE
8
top
10
-11.885676
20
29.831909
30
0.0
11
-10.720065
21
30.802965
31
0.0
0
LINE
8
top
10
-10.720065
20
30.802965
30
0.0
11
-9.475476
21
31.670489
31
0.0
0
LINE
8
top
10
-9.475476
20
31.670489
30
0.0
11
-8.161077
21
32.428088
31
0.0
0
LINE
8
top
10
-8.161077
20
32.428088
30
0.0
11
-6.786553
21
33.070182
31
0.0
0
LINE
8
top
10
-6.786553
20
33.070182
30
0.0
11
-5.362030
21
33.592039
31
0.0
0
LINE
8
top
10
-5.362030
20
33.592039
30
0.0
11
-3.898003
21
33.989815
31
0.0
0
LINE
8
top
10
-3.898003
20
33.989815
30
0.0
11
-2.405258
21
34.260579
31
0.0
0
LINE
8
top
10
-2.405258
20
34.260579
30
0.0
11
-0.894793
21
34.402336
31
0.0
0
LINE
8
top
10
-0.894793
20
34.402336
30
0.0
11
0.622265
21
34.414043
31
0.0
0
LINE
8
top
10
0.622265
20
34.414043
30
0.0
11
2.134738
21
34.295613
31
0.0
0
LINE
8
top
10
2.134738
20
34.295613
30
0.0
11
3.631483
21
34.047918
31
0.0
0
LINE
8
top
10
3.631483
20
34.047918
30
0.0
11
5.101475
21
33.672783
31
0.0
0
LINE
8
top
10
5.101475
20
33.672783
30
0.0
11
6.533882
21
33.172973
31
0.0
0
LINE
8
top
10
6.533882
20
33.172973
30
0.0
11
7.918151
21
32.552168
31
0.0
0
LINE
8
top
10
7.918151
20
32.552168
30
0.0
11
9.244085
21
31.814944
31
0.0
0
LINE
8
top
10
9.244085
20
31.814944
30
0.0
11
10.501915
21
30.966730
31
0.0
0
LINE
8
top
10
10.501915
20
30.966730
30
0.0
11
11.682373
21
30.013778
31
0.0
0
LINE
8
top
10
11.682373
20
30.013778
30
0.0
11
12.776763
21
28.963106
31
0.0
0
LINE
8
top
10
12.776763
20
28.963106
30
0.0
11
13.777022
21
27.822456
31
0.0
0
LINE
8
top
10
13.777022
20
27.822456
30
0.0
11
14.675782
21
26.600232
31
0.0
0
LINE
8
top
10
14.675782
20
26.600232
30
0.0
11
15.466419
21
25.305438
31
0.0
0
LINE
8
top
10
15.466419
20
25.305438
30
0.0
11
16.143110
21
23.947612
31
0.0
0
LINE
8
top
10
16.143110
20
23.947612
30
0.0
11
16.700870
21
22.536760
31
0.0
0
LINE
8
top
10
16.700870
20
22.536760
30
0.0
11
17.135588
21
21.083274
31
0.0
0
LINE
8
top
10
17.135588
20
21.083274
30
0.0
11
17.444062
21
19.597864
31
0.0
0
LINE
8
top
10
17.444062
20
19.597864
30
0.0
11
17.624020
21
18.091472
31
0.0
0
LINE
8
top
10
17.624020
20
18.091472
30
0.0
11
17.674136
21
16.575197
31
0.0
0
LINE
8
top
10
17.674136
20
16.575197
30
0.0
11
17.594040
21
15.060211
31
0.0
0
LINE
8
top
10
17.594040
20
15.060211
30
0.0
11
17.384323
21
13.557673
31
0.0
0
LINE
8
top
10
17.384323
20
13.557673
30
0.0
11
17.046529
21
12.078654
31
0.0
0
LINE
8
top
10
17.046529
20
12.078654
30
0.0
11
16.583148
21
10.634051
31
0.0
0
LINE
8
top
10
16.583148
20
10.634051
30
0.0
11
15.997593
21
9.234506
31
0.0
0
LINE
8
top
10
15.997593
20
9.234506
30
0.0
11
15.294178
21
7.890331
31
0.0
0
LINE
8
top
10
15.294178
20
7.890331
30
0.0
11
14.478086
21
6.611427
31
0.0
0
LINE
8
right
10
97.730202
20
0.175000
30
0.0
11
97.665093
21
0.175000
31
0.0
0
LINE
8
right
10
97.665093
20
0.175000
30
0.0
11
97.470246
21
0.175000
31
0.0
0
LINE
8
right
10
97.470246
20
0.175000
30
0.0
11
97.147096
21
0.175000
31
0.0
0
LINE
8
right
10
97.147096
20
0.175000
30
0.0
11
96.698025
21
0.175000
31
0.0
0
LINE
8
right
10
96.698025
20
0.175000
30
0.0
11
96.126340
21
0.175000
31
0.0
0
LINE
8
right
10
96.126340
20
0.175000
30
0.0
11
95.436253
21
0.175000
31
0.0
0
LINE
8
right
10
95.436253
20
0.175000
30
0.0
11
94.632849
21
0.175000
31
0.0
0
LINE
8
right
10
94.632849
20
0.175000
30
0.0
11
93.722046
21
0.175000
31
0.0
0
LINE
8
right
10
93.722046
20
0.175000
30
0.0
11
92.710555
21
0.175000
31
0.0
0
LINE
8
right
10
92.710555
20
0.175000
30
0.0
11
91.605827
21
0.175000
31
0.0
0
LINE
8
right
10
91.605827
20
0.175000
30
0.0
11
90.416002
21
0.175000
31
0.0
0
LINE
8
right
10
90.416002
20
0.175000
30
0.0
11
89.149845
21
0.175000
31
0.0
0
LINE
8
right
10
89.149845
20
0.175000
30
0.0
11
87.816685
21
0.175000
31
0.0
0
LINE
8
right
10
87.816685
20
0.175000
30
0.0
11
86.426344
21
0.175000
31
0.0
0
LINE
8
right
10
86.426344
20
0.175000
30
0.0
11
84.989064
21
0.175000
31
0.0
0
LINE
8
right
10
84.989064
20
0.175000
30
0.0
11
83.515434
21
0.175000
31
0.0
0
LINE
8
right
10
83.515434
20
0.175000
30
0.0
11
82.016312
21
0.175000
31
0.0
0
LINE
8
right
10
82.016312
20
0.175000
30
0.0
11
80.502742
21
0.175000
31
0.0
0
LINE
8
right
10
80.502742
20
0.175000
30
0.0
11
78.985874
21
0.175000
31
0.0
0
LINE
8
right
10
78.985874
20
0.175000
30
0.0
11
77.476885
21
0.175000
31
0.0
0
LINE
8
right
10
77.476885
20
0.175000
30
0.0
11
75.986891
21
0.175000
31
0.0
0
LINE
8
right
10
75.986891
20
0.175000
30
0.0
11
74.526869
21
0.175000
31
0.0
0
LINE
8
right
10
74.526869
20
0.175000
30
0.0
11
73.107577
21
0.175000
31
0.0
0
LINE
8
right
10
73.107577
20
0.175000
30
0.0
11
71.739470
21
0.175000
31
0.0
0
LINE
8
right
10
71.739470
20
0.175000
30
0.0
11
70.432629
21
0.175000
31
0.0
0
LINE
8
right
10
70.432629
20
0.175000
30
0.0
11
69.196680
21
0.175000
31
0.0
0
LINE
8
right
10
69.196680
20
0.175000
30
0.0
11
68.040729
21
0.175000
31
0.0
0
LINE
8
right
10
68.040729
20
0.175000
30
0.0
11
66.973293
21
0.175000
31
0.0
0
LINE
8
right
10
66.973293
20
0.175000
30
0.0
11
66.002237
21
0.175000
31
0.0
0
LINE
8
right
10
66.002237
20
0.175000
30
0.0
11
65.134713
21
0.175000
31
0.0
0
LINE
8
right
10
65.134713
20
0.175000
30
0.0
11
64.377113
21
0.175000
31
0.0
0
LINE
8
right
10
64.377113
20
0.175000
30
0.0
11
63.735020
21
0.175000
31
0.0
0
LINE
8
right
10
63.735020
20
0.175000
30
0.0
11
63.213163
21
0.175000
31
0.0
0
LINE
8
right
10
63.213163
20
0.175000
30
0.0
11
62.815387
21
0.175000
31
0.0
0
LINE
8
right
10
62.815387
20
0.175000
30
0.0
11
62.544623
21
0.175000
31
0.0
0
LINE
8
right
10
62.544623
20
0.175000
30
0.0
11
62.402865
21
0.175000
31
0.0
0
LINE
8
right
10
62.402865
20
0.175000
30
0.0
11
62.391159
21
0.175000
31
0.0
0
LINE
8
right
10
62.391159
20
0.175000
30
0.0
11
62.509589
21
0.175000
31
0.0
0
LINE
8
right
10
62.509589
20
0.175000
30
0.0
11
62.757284
21
0.175000
31
0.0
0
LINE
8
right
10
62.757284
20
0.175000
30
0.0
11
63.132419
21
0.175000
31
0.0
0
LINE
8
right
10
63.132419
20
0.175000
30
0.0
11
63.632229
21
0.175000
31
0.0
0
LINE
8
right
10
63.632229
20
0.175000
30
0.0
11
64.253034
21
0.175000
31
0.0
0
LINE
8
right
10
64.253034
20
0.175000
30
0.0
11
64.990258
21
0.175000
31
0.0
0
LINE
8
right
10
64.990258
20
0.175000
30
0.0
11
65.838471
21
0.175000
31
0.0
0
LINE
8
right
10
65.838471
20
0.175000
30
0.0
11
66.791424
21
0.175000
31
0.0
0
LINE
8
right
10
66.791424
20
0.175000
30
0.0
11
67.842096
21
0.175000
31
0.0
0
LINE
8
right
10
67.842096
20
0.175000
30
0.0
11
68.982745
21
0.175000
31
0.0
0
LINE
8
right
10
68.982745
20
0.175000
30
0.0
11
70.204970
21
0.175000
31
0.0
0
LINE
8
right
10
70.204970
20
0.175000
30
0.0
11
71.499764
21
0.175000
31
0.0
0
LINE
8
right
10
71.499764
20
0.175000
30
0.0
11
72.857589
21
0.175000
31
0.0
0
LINE
8
right
10
72.857589
20
0.175000
30
0.0
11
74.268442
21
0.175000
31
0.0
0
LINE
8
right
10
74.268442
20
0.175000
30
0.0
11
75.721928
21
0.175000
31
0.0
0
LINE
8
right
10
75.721928
20
0.175000
30
0.0
11
77.207338
21
0.175000
31
0.0
0
LINE
8
right
10
77.207338
20
0.175000
30
0.0
11
78.713730
21
0.175000
31
0.0
0
LINE
8
right
10
78.713730
20
0.175000
30
0.0
11
80.230004
21
0.175000
31
0.0
0
LINE
8
right
10
80.230004
20
0.175000
30
0.0
11
81.744991
21
0.175000
31
0.0
0
LINE
8
right
10
81.744991
20
0.175000
30
0.0
11
83.247529
21
0.175000
31
0.0
0
LINE
8
right
10
83.247529
20
0.175000
30
0.0
11
84.726548
21
0.175000
31
0.0
0
LINE
8
right
10
84.726548
20
0.175000
30
0.0
11
86.171151
21
0.175000
31
0.0
0
LINE
8
right
10
86.171151
20
0.175000
30
0.0
11
87.570696
21
0.175000
31
0.0
0
LINE
8
right
10
87.570696
20
0.175000
30
0.0
11
88.914871
21
0.175000
31
0.0
0
LINE
8
right
10
88.914871
20
0.175000
30
0.0
11
90.193775
21
0.175000
31
0.0
0
LINE
8
front
10
0.0
20
-3.000000
30
0.0
11
0.0
21
0.175000
31
0.0
0
LINE
8
top
10
0.0
20
-0.925000
30
0.0
11
0.0
21
-0.925000
31
0.0
0
LINE
8
right
10
97.730202
20
-3.000000
30
0.0
11
97.730202
21
0.175000
31
0.0
0
LINE
8
front
10
0.0
20
-3.000000
30
0.0
11
-0.289793
21
-3.000000
31
0.0
0
LINE
8
front
10
-0.289793
20
-3.000000
30
0.0
11
-0.577380
21
-3.000000
31
0.0
0
LINE
8
front
10
-0.577380
20
-3.000000
30
0.0
11
-0.860573
21
-3.000000
31
0.0
0
LINE
8
front
10
-0.860573
20
-3.000000
30
0.0
11
-1.137217
21
-3.000000
31
0.0
0
LINE
8
front
10
-1.137217
20
-3.000000
30
0.0
11
-1.405206
21
-3.000000
31
0.0
0
LINE
8
front
10
-1.405206
20
-3.000000
30
0.0
11
-1.662500
21
-3.000000
31
0.0
0
LINE
8
front
10
-1.662500
20
-3.000000
30
0.0
11
-1.907142
21
-3.000000
31
0.0
0
LINE
8
front
10
-1.907142
20
-3.000000
30
0.0
11
-2.137269
21
-3.000000
31
0.0
0
LINE
8
front
10
-2.137269
20
-3.000000
30
0.0
11
-2.351130
21
-3.000000
31
0.0
0
LINE
8
front
10
-2.351130
20
-3.000000
30
0.0
11
-2.547098
21
-3.000000
31
0.0
0
LINE
8
front
10
-2.547098
20
-3.000000
30
0.0
11
-2.723681
21
-3.000000
31
0.0
0
LINE
8
front
10
-2.723681
20
-3.000000
30
0.0
11
-2.879534
21
-3.000000
31
0.0
0
LINE
8
front
10
-2.879534
20
-3.000000
30
0.0
11
-3.013473
21
-3.000000
31
0.0
0
LINE
8
front
10
-3.013473
20
-3.000000
30
0.0
11
-3.124478
21
-3.000000
31
0.0
0
LINE
8
front
10
-3.124478
20
-3.000000
30
0.0
11
-3.211703
21
-3.000000
31
0.0
0
LINE
8
front
10
-3.211703
20
-3.000000
30
0.0
11
-3.274486
21
-3.000000
31
0.0
0
LINE
8
front
10
-3.274486
20
-3.000000
30
0.0
11
-3.312347
21
-3.000000
31
0.0
0
LINE
8
front
10
-3.312347
20
-3.000000
30
0.0
11
-3.325000
21
-3.000000
31
0.0
0
LINE
8
front
10
-3.325000
20
-3.000000
30
0.0
11
-3.312347
21
-3.000000
31
0.0
0
LINE
8
front
10
-3.312347
20
-3.000000
30
0.0
11
-3.274486
21
-3.000000
31
0.0
0
LINE
8
front
10
-3.274486
20
-3.000000
30
0.0
11
-3.211703
21
-3.000000
31
0.0
0
LINE
8
front
10
-3.211703
20
-3.000000
30
0.0
11
-3.124478
21
-3.000000
31
0.0
0
LINE
8
front
10
-3.124478
20
-3.000000
30
0.0
11
-3.013473
21
-3.000000
31
0.0
0
LINE
8
front
10
-3.013473
20
-3.000000
30
0.0
11
-2.879534
21
-3.000000
31
0.0
0
LINE
8
front
10
-2.879534
20
-3.000000
30
0.0
11
-2.723681
21
-3.000000
31
0.0
0
LINE
8
front
10
-2.723681
20
-3.000000
30
0.0
11
-2.547098
21
-3.000000
31
0.0
0
LINE
8
front
10
-2.547098
20
-3.000000
30
0.0
11
-2.351130
21
-3.000000
31
0.0
0
LINE
8
front
10
-2.351130
20
-3.000000
30
0.0
11
-2.137269
21
-3.000000
31
0.0
0
LINE
8
front
10
-2.137269
20
-3.000000
30
0.0
11
-1.907142
21
-3.000000
31
0.0
0
LINE
8
front
10
-1.907142
20
-3.000000
30
0.0
11
-1.662500
21
-3.000000
31
0.0
0
LINE
8
front
10
-1.662500
20
-3.000000
30
0.0
11
-1.405206
21
-3.000000
31
0.0
0
LINE
8
front
10
-1.405206
20
-3.000000
30
0.0
11
-1.137217
21
-3.000000
31
0.0
0
LINE
8
front
10
-1.137217
20
-3.000000
30
0.0
11
-0.860573
21
-3.000000
31
0.0
0
LINE
8
front
10
-0.860573
20
-3.000000
30
0.0
11
-0.577380
21
-3.000000
31
0.0
0
LINE
8
front
10
-0.577380
20
-3.000000
30
0.0
11
-0.289793
21
-3.000000
31
0.0
0
LINE
8
front
10
-0.289793
20
-3.000000
30
0.0
11
0.0
21
-3.000000
31
0.0
0
LINE
8
top
10
0.0
20
-0.925000
30
0.0
11
-0.289793
21
-0.937653
31
0.0
0
LINE
8
top
10
-0.289793
20
-0.937653
30
0.0
11
-0.577380
21
-0.975515
31
0.0
0
LINE
8
top
10
-0.577380
20
-0.975515
30
0.0
11
-0.860573
21
-1.038297
31
0.0
0
LINE
8
top
10
-0.860573
20
-1.038297
30
0.0
11
-1.137217
21
-1.125522
31
0.0
0
LINE
8
top
10
-1.137217
20
-1.125522
30
0.0
11
-1.405206
21
-1.236527
31
0.0
0
LINE
8
top
10
-1.405206
20
-1.236527
30
0.0
11
-1.662500
21
-1.370466
31
0.0
0
LINE
8
top
10
-1.662500
20
-1.370466
30
0.0
11
-1.907142
21
-1.526320
31
0.0
0
LINE
8
top
10
-1.907142
20
-1.526320
30
0.0
11
-2.137269
21
-1.702903
31
0.0
0
LINE
8
top
10
-2.137269
20
-1.702903
30
0.0
11
-2.351130
21
-1.898870
31
0.0
0
LINE
8
top
10
-2.351130
20
-1.898870
30
0.0
11
-2.547098
21
-2.112732
31
0.0
0
LINE
8
top
10
-2.547098
20
-2.112732
30
0.0
11
-2.723681
21
-2.342859
31
0.0
0
LINE
8
top
10
-2.723681
20
-2.342859
30
0.0
11
-2.879534
21
-2.587500
31
0.0
0
LINE
8
top
10
-2.879534
20
-2.587500
30
0.0
11
-3.013473
21
-2.844795
31
0.0
0
LINE
8
top
10
-3.013473
20
-2.844795
30
0.0
11
-3.124478
21
-3.112783
31
0.0
0
LINE
8
top
10
-3.124478
20
-3.112783
30
0.0
11
-3.211703
21
-3.389427
31
0.0
0
LINE
8
top
10
-3.211703
20
-3.389427
30
0.0
11
-3.274486
21
-3.672620
31
0.0
0
LINE
8
top
10
-3.274486
20
-3.672620
30
0.0
11
-3.312347
21
-3.960207
31
0.0
0
LINE
8
top
10
-3.312347
20
-3.960207
30
0.0
11
-3.325000
21
-4.250000
31
0.0
0
LINE
8
top
10
-3.325000
20
-4.250000
30
0.0
11
-3.312347
21
-4.539793
31
0.0
0
LINE
8
top
10
-3.312347
20
-4.539793
30
0.0
11
-3.274486
21
-4.827381
31
0.0
0
LINE
8
top
10
-3.274486
20
-4.827381
30
0.0
11
-3.211703
21
-5.110574
31
0.0
0
LINE
8
top
10
-3.211703
20
-5.110574
30
0.0
11
-3.124478
21
-5.387217
31
0.0
0
LINE
8
top
10
-3.124478
20
-5.387217
30
0.0
11
-3.013473
21
-5.655206
31
0.0
0
LINE
8
top
10
-3.013473
20
-5.655206
30
0.0
11
-2.879534
21
-5.912500
31
0.0
0
LINE
8
top
10
-2.879534
20
-5.912500
30
0.0
11
-2.723681
21
-6.157142
31
0.0
0
LINE
8
top
10
-2.723681
20
-6.157142
30
0.0
11
-2.547098
21
-6.387269
31
0.0
0
LINE
8
top
10
-2.547098
20
-6.387269
30
0.0
11
-2.351130
21
-6.601130
31
0.0
0
LINE
8
top
10
-2.351130
20
-6.601130
30
0.0
11
-2.137269
21
-6.797098
31
0.0
0
LINE
8
top
10
-2.137269
20
-6.797098
30
0.0
11
-1.907142
21
-6.973681
31
0.0
0
LINE
8
top
10
-1.907142
20
-6.973681
30
0.0
11
-1.662500
21
-7.129535
31
0.0
0
LINE
8
top
10
-1.662500
20
-7.129535
30
0.0
11
-1.405206
21
-7.263474
31
0.0
0
LINE
8
top
10
-1.405206
20
-7.263474
30
0.0
11
-1.137217
21
-7.374478
31
0.0
0
LINE
8
top
10
-1.137217
20
-7.374478
30
0.0
11
-0.860573
21
-7.461704
31
0.0
0
LINE
8
top
10
-0.860573
20
-7.461704
30
0.0
11
-0.577380
21
-7.524486
31
0.0
0
LINE
8
top
10
-0.577380
20
-7.524486
30
0.0
11
-0.289793
21
-7.562348
31
0.0
0
LINE
8
top
10
-0.289793
20
-7.562348
30
0.0
11
0.0
21
-7.575000
31
0.0
0
LINE
8
right
10
97.730202
20
-3.000000
30
0.0
11
97.742855
21
-3.000000
31
0.0
0
LINE
8
right
10
97.742855
20
-3.000000
30
0.0
11
97.780716
21
-3.000000
31
0.0
0
LINE
8
right
10
97.780716
20
-3.000000
30
0.0
11
97.843499
21
-3.000000
31
0.0
0
LINE
8
right
10
97.843499
20
-3.000000
30
0.0
11
97.930724
21
-3.000000
31
0.0
0
LINE
8
right
10
97.930724
20
-3.000000
30
0.0
11
98.041729
21
-3.000000
31
0.0
0
LINE
8
right
10
98.041729
20
-3.000000
30
0.0
11
98.175668
21
-3.000000
31
0.0
0
LINE
8
right
10
98.175668
20
-3.000000
30
0.0
11
98.331522
21
-3.000000
31
0.0
0
LINE
8
right
10
98.331522
20
-3.000000
30
0.0
11
98.508104
21
-3.000000
31
0.0
0
LINE
8
right
10
98.508104
20
-3.000000
30
0.0
11
98.704072
21
-3.000000
31
0.0
0
LINE
8
right
10
98.704072
20
-3.000000
30
0.0
11
98.917933
21
-3.000000
31
0.0
0
LINE
8
right
10
98.917933
20
-3.000000
30
0.0
11
99.148061
21
-3.000000
31
0.0
0
LINE
8
right
10
99.148061
20
-3.000000
30
0.0
11
99.392702
21
-3.000000
31
0.0
0
LINE
8
right
10
99.392702
20
-3.000000
30
0.0
11
99.649996
21
-3.000000
31
0.0
0
LINE
8
right
10
99.649996
20
-3.000000
30
0.0
11
99.917985
21
-3.000000
31
0.0
0
LINE
8
right
10
99.917985
20
-3.000000
30
0.0
11
100.194629
21
-3.000000
31
0.0
0
LINE
8
right
10
100.194629
20
-3.000000
30
0.0
11
100.477822
21
-3.000000
31
0.0
0
LINE
8
right
10
100.477822
20
-3.000000
30
0.0
11
100.765409
21
-3.000000
31
0.0
0
LINE
8
right
10
100.765409
20
-3.000000
30
0.0
11
101.055202
21
-3.000000
31
0.0
0
LINE
8
right
10
101.055202
20
-3.000000
30
0.0
11
101.344995
21
-3.000000
31
0.0
0
LINE
8
right
10
101.344995
20
-3.000000
30
0.0
11
101.632582
21
-3.000000
31
0.0
0
LINE
8
right
10
101.632582
20
-3.000000
30
0.0
11
101.915776
21
-3.000000
31
0.0
0
LINE
8
right
10
101.915776
20
-3.000000
30
0.0
11
102.192419
21
-3.000000
31
0.0
0
LINE
8
right
10
102.192419
20
-3.000000
30
0.0
11
102.460408
21
-3.000000
31
0.0
0
LINE
8
right
10
102.460408
20
-3.000000
30
0.0
11
102.717702
21
-3.000000
31
0.0
0
LINE
8
right
10
102.717702
20
-3.000000
30
0.0
11
102.962344
21
-3.000000
31
0.0
0
LINE
8
right
10
102.962344
20
-3.000000
30
0.0
11
103.192471
21
-3.000000
31
0.0
0
LINE
8
right
10
103.192471
20
-3.000000
30
0.0
11
103.406332
21
-3.000000
31
0.0
0
LINE
8
right
10
103.406332
20
-3.000000
30
0.0
11
103.602300
21
-3.000000
31
0.0
0
LINE
8
right
10
103.602300
20
-3.000000
30
0.0
11
103.778883
21
-3.000000
31
0.0
0
LINE
8
right
10
103.778883
20
-3.000000
30
0.0
11
103.934737
21
-3.000000
31
0.0
0
LINE
8
right
10
103.934737
20
-3.000000
30
0.0
11
104.068676
21
-3.000000
31
0.0
0
LINE
8
right
10
104.068676
20
-3.000000
30
0.0
11
104.179680
21
-3.000000
31
0.0
0
LINE
8
right
10
104.179680
20
-3.000000
30
0.0
11
104.266906
21
-3.000000
31
0.0
0
LINE
8
right
10
104.266906
20
-3.000000
30
0.0
11
104.329688
21
-3.000000
31
0.0
0
LINE
8
right
10
104.329688
20
-3.000000
30
0.0
11
104.367550
21
-3.000000
31
0.0
0
LINE
8
right
10
104.367550
20
-3.000000
30
0.0
11
104.380202
21
-3.000000
31
0.0
0
LINE
8
front
10
0.0
20
0.175000
30
0.0
11
0.289793
21
0.175000
31
0.0
0
LINE
8
front
10
0.289793
20
0.175000
30
0.0
11
0.577380
21
0.175000
31
0.0
0
LINE
8
front
10
0.577380
20
0.175000
30
0.0
11
0.860573
21
0.175000
31
0.0
0
LINE
8
front
10
0.860573
20
0.175000
30
0.0
11
1.137217
21
0.175000
31
0.0
0
LINE
8
front
10
1.137217
20
0.175000
30
0.0
11
1.405206
21
0.175000
31
0.0
0
LINE
8
front
10
1.405206
20
0.175000
30
0.0
11
1.662500
21
0.175000
31
0.0
0
LINE
8
front
10
1.662500
20
0.175000
30
0.0
11
1.907142
21
0.175000
31
0.0
0
LINE
8
front
10
1.907142
20
0.175000
30
0.0
11
2.137269
21
0.175000
31
0.0
0
LINE
8
front
10
2.137269
20
0.175000
30
0.0
11
2.351130
21
0.175000
31
0.0
0
LINE
8
front
10
2.351130
20
0.175000
30
0.0
11
2.547098
21
0.175000
31
0.0
0
LINE
8
front
10
2.547098
20
0.175000
30
0.0
11
2.723681
21
0.175000
31
0.0
0
LINE
8
front
10
2.723681
20
0.175000
30
0.0
11
2.879534
21
0.175000
31
0.0
0
LINE
8
front
10
2.879534
20
0.175000
30
0.0
11
3.013473
21
0.175000
31
0.0
0
LINE
8
front
10
3.013473
20
0.175000
30
0.0
11
3.124478
21
0.175000
31
0.0
0
LINE
8
front
10
3.124478
20
0.175000
30
0.0
11
3.211703
21
0.175000
31
0.0
0
LINE
8
front
10
3.211703
20
0.175000
30
0.0
11
3.274486
21
0.175000
31
0.0
0
LINE
8
front
10
3.274486
20
0.175000
30
0.0
11
3.312347
21
0.175000
31
0.0
0
LINE
8
front
10
3.312347
20
0.175000
30
0.0
11
3.325000
21
0.175000
31
0.0
0
LINE
8
front
10
3.325000
20
0.175000
30
0.0
11
3.312347
21
0.175000
31
0.0
0
LINE
8
front
10
3.312347
20
0.175000
30
0.0
11
3.274486
21
0.175000
31
0.0
0
LINE
8
front
10
3.274486
20
0.175000
30
0.0
11
3.211703
21
0.175000
31
0.0
0
LINE
8
front
10
3.211703
20
0.175000
30
0.0
11
3.124478
21
0.175000
31
0.0
0
LINE
8
front
10
3.124478
20
0.175000
30
0.0
11
3.013473
21
0.175000
31
0.0
0
LINE
8
front
10
3.013473
20
0.175000
30
0.0
11
2.879534
21
0.175000
31
0.0
0
LINE
8
front
10
2.879534
20
0.175000
30
0.0
11
2.723681
21
0.175000
31
0.0
0
LINE
8
front
10
2.723681
20
0.175000
30
0.0
11
2.547098
21
0.175000
31
0.0
0
LINE
8
front
10
2.547098
20
0.175000
30
0.0
11
2.351130
21
0.175000
31
0.0
0
LINE
8
front
10
2.351130
20
0.175000
30
0.0
11
2.137269
21
0.175000
31
0.0
0
LINE
8
front
10
2.137269
20
0.175000
30
0.0
11
1.907142
21
0.175000
31
0.0
0
LINE
8
front
10
1.907142
20
0.175000
30
0.0
11
1.662500
21
0.175000
31
0.0
0
LINE
8
front
10
1.662500
20
0.175000
30
0.0
11
1.405206
21
0.175000
31
0.0
0
LINE
8
front
10
1.405206
20
0.175000
30
0.0
11
1.137217
21
0.175000
31
0.0
0
LINE
8
front
10
1.137217
20
0.175000
30
0.0
11
0.860573
21
0.175000
31
0.0
0
LINE
8
front
10
0.860573
20
0.175000
30
0.0
11
0.577380
21
0.175000
31
0.0
0
LINE
8
front
10
0.577380
20
0.175000
30
0.0
11
0.289793
21
0.175000
31
0.0
0
LINE
8
front
10
0.289793
20
0.175000
30
0.0
11
0.0
21
0.175000
31
0.0
0
LINE
8
top
10
0.0
20
-7.575000
30
0.0
11
0.289793
21
-7.562348
31
0.0
0
LINE
8
top
10
0.289793
20
-7.562348
30
0.0
11
0.577380
21
-7.524486
31
0.0
0
LINE
8
top
10
0.577380
20
-7.524486
30
0.0
11
0.860573
21
-7.461704
31
0.0
0
LINE
8
top
10
0.860573
20
-7.461704
30
0.0
11
1.137217
21
-7.374478
31
0.0
0
LINE
8
top
10
1.137217
20
-7.374478
30
0.0
11
1.405206
21
-7.263474
31
0.0
0
LINE
8
top
10
1.405206
20
-7.263474
30
0.0
11
1.662500
21
-7.129535
31
0.0
0
LINE
8
top
10
1.662500
20
-7.129535
30
0.0
11
1.907142
21
-6.973681
31
0.0
0
LINE
8
top
10
1.907142
20
-6.973681
30
0.0
11
2.137269
21
-6.797098
31
0.0
0
LINE
8
top
10
2.137269
20
-6.797098
30
0.0
11
2.351130
21
-6.601130
31
0.0
0
LINE
8
top
10
2.351130
20
-6.601130
30
0.0
11
2.547098
21
-6.387269
31
0.0
0
LINE
8
top
10
2.547098
20
-6.387269
30
0.0
11
2.723681
21
-6.157142
31
0.0
0
LINE
8
top
10
2.723681
20
-6.157142
30
0.0
11
2.879534
21
-5.912500
31
0.0
0
LINE
8
top
10
2.879534
20
-5.912500
30
0.0
11
3.013473
21
-5.655206
31
0.0
0
LINE
8
top
10
3.013473
20
-5.655206
30
0.0
11
3.124478
21
-5.387217
31
0.0
0
LINE
8
top
10
3.124478
20
-5.387217
30
0.0
11
3.211703
21
-5.110574
31
0.0
0
LINE
8
top
10
3.211703
20
-5.110574
30
0.0
11
3.274486
21
-4.827381
31
0.0
0
LINE
8
top
10
3.274486
20
-4.827381
30
0.0
11
3.312347
21
-4.539793
31
0.0
0
LINE
8
top
10
3.312347
20
-4.539793
30
0.0
11
3.325000
21
-4.250000
31
0.0
0
LINE
8
top
10
3.325000
20
-4.250000
30
0.0
11
3.312347
21
-3.960207
31
0.0
0
LINE
8
top
10
3.312347
20
-3.960207
30
0.0
11
3.274486
21
-3.672620
31
0.0
0
LINE
8
top
10
3.274486
20
-3.672620
30
0.0
11
3.211703
21
-3.389427
31
0.0
0
LINE
8
top
10
3.211703
20
-3.389427
30
0.0
11
3.124478
21
-3.112783
31
0.0
0
LINE
8
top
10
3.124478
20
-3.112783
30
0.0
11
3.013473
21
-2.844795
31
0.0
0
LINE
8
top
10
3.013473
20
-2.844795
30
0.0
11
2.879534
21
-2.587500
31
0.0
0
LINE
8
top
10
2.879534
20
-2.587500
30
0.0
11
2.723681
21
-2.342859
31
0.0
0
LINE
8
top
10
2.723681
20
-2.342859
30
0.0
11
2.547098
21
-2.112732
31
0.0
0
LINE
8
top
10
2.547098
20
-2.112732
30
0.0
11
2.351130
21
-1.898870
31
0.0
0
LINE
8
top
10
2.351130
20
-1.898870
30
0.0
11
2.137269
21
-1.702903
31
0.0
0
LINE
8
top
10
2.137269
20
-1.702903
30
0.0
11
1.907142
21
-1.526320
31
0.0
0
LINE
8
top
10
1.907142
20
-1.526320
30
0.0
11
1.662500
21
-1.370466
31
0.0
0
LINE
8
top
10
1.662500
20
-1.370466
30
0.0
11
1.405206
21
-1.236527
31
0.0
0
LINE
8
top
10
1.405206
20
-1.236527
30
0.0
11
1.137217
21
-1.125522
31
0.0
0
LINE
8
top
10
1.137217
20
-1.125522
30
0.0
11
0.860573
21
-1.038297
31
0.0
0
LINE
8
top
10
0.860573
20
-1.038297
30
0.0
11
0.577380
21
-0.975515
31
0.0
0
LINE
8
top
10
0.577380
20
-0.975515
30
0.0
11
0.289793
21
-0.937653
31
0.0
0
LINE
8
top
10
0.289793
20
-0.937653
30
0.0
11
0.0
21
-0.925000
31
0.0
0
LINE
8
right
10
104.380202
20
0.175000
30
0.0
11
104.367550
21
0.175000
31
0.0
0
LINE
8
right
10
104.367550
20
0.175000
30
0.0
11
104.329688
21
0.175000
31
0.0
0
LINE
8
right
10
104.329688
20
0.175000
30
0.0
11
104.266906
21
0.175000
31
0.0
0
LINE
8
right
10
104.266906
20
0.175000
30
0.0
11
104.179680
21
0.175000
31
0.0
0
LINE
8
right
10
104.179680
20
0.175000
30
0.0
11
104.068676
21
0.175000
31
0.0
0
LINE
8
right
10
104.068676
20
0.175000
30
0.0
11
103.934737
21
0.175000
31
0.0
0
LINE
8
right
10
103.934737
20
0.175000
30
0.0
11
103.778883
21
0.175000
31
0.0
0
LINE
8
right
10
103.778883
20
0.175000
30
0.0
11
103.602300
21
0.175000
31
0.0
0
LINE
8
right
10
103.602300
20
0.175000
30
0.0
11
103.406332
21
0.175000
31
0.0
0
LINE
8
right
10
103.406332
20
0.175000
30
0.0
11
103.192471
21
0.175000
31
0.0
0
LINE
8
right
10
103.192471
20
0.175000
30
0.0
11
102.962344
21
0.175000
31
0.0
0
LINE
8
right
10
102.962344
20
0.175000
30
0.0
11
102.717702
21
0.175000
31
0.0
0
LINE
8
right
10
102.717702
20
0.175000
30
0.0
11
102.460408
21
0.175000
31
0.0
0
LINE
8
right
10
102.460408
20
0.175000
30
0.0
11
102.192419
21
0.175000
31
0.0
0
LINE
8
right
10
102.192419
20
0.175000
30
0.0
11
101.915776
21
0.175000
31
0.0
0
LINE
8
right
10
101.915776
20
0.175000
30
0.0
11
101.632582
21
0.175000
31
0.0
0
LINE
8
right
10
101.632582
20
0.175000
30
0.0
11
101.344995
21
0.175000
31
0.0
0
LINE
8
right
10
101.344995
20
0.175000
30
0.0
11
101.055202
21
0.175000
31
0.0
0
LINE
8
right
10
101.055202
20
0.175000
30
0.0
11
100.765409
21
0.175000
31
0.0
0
LINE
8
right
10
100.765409
20
0.175000
30
0.0
11
100.477822
21
0.175000
31
0.0
0
LINE
8
right
10
100.477822
20
0.175000
30
0.0
11
100.194629
21
0.175000
31
0.0
0
LINE
8
right
10
100.194629
20
0.175000
30
0.0
11
99.917985
21
0.175000
31
0.0
0
LINE
8
right
10
99.917985
20
0.175000
30
0.0
11
99.649996
21
0.175000
31
0.0
0
LINE
8
right
10
99.649996
20
0.175000
30
0.0
11
99.392702
21
0.175000
31
0.0
0
LINE
8
right
10
99.392702
20
0.175000
30
0.0
11
99.148061
21
0.175000
31
0.0
0
LINE
8
right
10
99.148061
20
0.175000
30
0.0
11
98.917933
21
0.175000
31
0.0
0
LINE
8
right
10
98.917933
20
0.175000
30
0.0
11
98.704072
21
0.175000
31
0.0
0
LINE
8
right
10
98.704072
20
0.175000
30
0.0
11
98.508104
21
0.175000
31
0.0
0
LINE
8
right
10
98.508104
20
0.175000
30
0.0
11
98.331522
21
0.175000
31
0.0
0
LINE
8
right
10
98.331522
20
0.175000
30
0.0
11
98.175668
21
0.175000
31
0.0
0
LINE
8
right
10
98.175668
20
0.175000
30
0.0
11
98.041729
21
0.175000
31
0.0
0
LINE
8
right
10
98.041729
20
0.175000
30
0.0
11
97.930724
21
0.175000
31
0.0
0
LINE
8
right
10
97.930724
20
0.175000
30
0.0
11
97.843499
21
0.175000
31
0.0
0
LINE
8
right
10
97.843499
20
0.175000
30
0.0
11
97.780716
21
0.175000
31
0.0
0
LINE
8
right
10
97.780716
20
0.175000
30
0.0
11
97.742855
21
0.175000
31
0.0
0
LINE
8
right
10
97.742855
20
0.175000
30
0.0
11
97.730202
21
0.175000
31
0.0
0
LINE
8
front
10
0.0
20
-3.000000
30
0.0
11
0.0
21
0.175000
31
0.0
0
LINE
8
top
10
0.0
20
-7.575000
30
0.0
11
0.0
21
-7.575000
31
0.0
0
LINE
8
right
10
104.380202
20
-3.000000
30
0.0
11
104.380202
21
0.175000
31
0.0
0
LINE
8
front
10
0.0
20
-3.000000
30
0.0
11
1.943786
21
-3.000000
31
0.0
0
LINE
8
front
10
1.943786
20
-3.000000
30
0.0
11
3.875140
21
-3.000000
31
0.0
0
LINE
8
front
10
3.875140
20
-3.000000
30
0.0
11
5.781709
21
-3.000000
31
0.0
0
LINE
8
front
10
5.781709
20
-3.000000
30
0.0
11
7.651301
21
-3.000000
31
0.0
0
LINE
8
front
10
7.651301
20
-3.000000
30
0.0
11
9.471958
21
-3.000000
31
0.0
0
LINE
8
front
10
9.471958
20
-3.000000
30
0.0
11
11.232035
21
-3.000000
31
0.0
0
LINE
8
front
10
11.232035
20
-3.000000
30
0.0
11
12.920276
21
-3.000000
31
0.0
0
LINE
8
front
10
12.920276
20
-3.000000
30
0.0
11
14.525883
21
-3.000000
31
0.0
0
LINE
8
front
10
14.525883
20
-3.000000
30
0.0
11
16.038587
21
-3.000000
31
0.0
0
LINE
8
front
10
16.038587
20
-3.000000
30
0.0
11
17.448714
21
-3.000000
31
0.0
0
LINE
8
front
10
17.448714
20
-3.000000
30
0.0
11
18.747244
21
-3.000000
31
0.0
0
LINE
8
front
10
18.747244
20
-3.000000
30
0.0
11
19.925874
21
-3.000000
31
0.0
0
LINE
8
top
10
0.0
20
-7.575000
30
0.0
11
1.943786
21
-7.497213
31
0.0
0
LINE
8
top
10
1.943786
20
-7.497213
30
0.0
11
3.875140
21
-7.264348
31
0.0
0
LINE
8
top
10
3.875140
20
-7.264348
30
0.0
11
5.781709
21
-6.877896
31
0.0
0
LINE
8
top
10
5.781709
20
-6.877896
30
0.0
11
7.651301
21
-6.340328
31
0.0
0
LINE
8
top
10
7.651301
20
-6.340328
30
0.0
11
9.471958
21
-5.655081
31
0.0
0
LINE
8
top
10
9.471958
20
-5.655081
30
0.0
11
11.232035
21
-4.826539
31
0.0
0
LINE
8
top
10
11.232035
20
-4.826539
30
0.0
11
12.920276
21
-3.860000
31
0.0
0
LINE
8
top
10
12.920276
20
-3.860000
30
0.0
11
14.525883
21
-2.761647
31
0.0
0
LINE
8
top
10
14.525883
20
-2.761647
30
0.0
11
16.038587
21
-1.538504
31
0.0
0
LINE
8
top
10
16.038587
20
-1.538504
30
0.0
11
17.448714
21
-0.198393
31
0.0
0
LINE
8
top
10
17.448714
20
-0.198393
30
0.0
11
18.747244
21
1.250114
31
0.0
0
LINE
8
top
10
18.747244
20
1.250114
30
0.0
11
19.925874
21
2.797753
31
0.0
0
LINE
8
right
10
104.380202
20
-3.000000
30
0.0
11
104.302415
21
-3.000000
31
0.0
0
LINE
8
right
10
104.302415
20
-3.000000
30
0.0
11
104.069550
21
-3.000000
31
0.0
0
LINE
8
right
10
104.069550
20
-3.000000
30
0.0
11
103.683098
21
-3.000000
31
0.0
0
LINE
8
right
10
103.683098
20
-3.000000
30
0.0
11
103.145529
21
-3.000000
31
0.0
0
LINE
8
right
10
103.145529
20
-3.000000
30
0.0
11
102.460283
21
-3.000000
31
0.0
0
LINE
8
right
10
102.460283
20
-3.000000
30
0.0
11
101.631741
21
-3.000000
31
0.0
0
LINE
8
right
10
101.631741
20
-3.000000
30
0.0
11
100.665202
21
-3.000000
31
0.0
0
LINE
8
right
10
100.665202
20
-3.000000
30
0.0
11
99.566849
21
-3.000000
31
0.0
0
LINE
8
right
10
99.566849
20
-3.000000
30
0.0
11
98.343705
21
-3.000000
31
0.0
0
LINE
8
right
10
98.343705
20
-3.000000
30
0.0
11
97.003595
21
-3.000000
31
0.0
0
LINE
8
right
10
97.003595
20
-3.000000
30
0.0
11
95.555088
21
-3.000000
31
0.0
0
LINE
8
right
10
95.555088
20
-3.000000
30
0.0
11
94.007449
21
-3.000000
31
0.0
0
LINE
8
front
10
19.925874
20
0.175000
30
0.0
11
21.066068
21
0.175000
31
0.0
0
LINE
8
front
10
21.066068
20
0.175000
30
0.0
11
22.045937
21
0.175000
31
0.0
0
LINE
8
front
10
22.045937
20
0.175000
30
0.0
11
22.858023
21
0.175000
31
0.0
0
LINE
8
front
10
22.858023
20
0.175000
30
0.0
11
23.496146
21
0.175000
31
0.0
0
LINE
8
front
10
23.496146
20
0.175000
30
0.0
11
23.955449
21
0.175000
31
0.0
0
LINE
8
front
10
23.955449
20
0.175000
30
0.0
11
24.232436
21
0.175000
31
0.0
0
LINE
8
front
10
24.232436
20
0.175000
30
0.0
11
24.325000
21
0.175000
31
0.0
0
LINE
8
front
10
24.325000
20
0.175000
30
0.0
11
24.232436
21
0.175000
31
0.0
0
LINE
8
front
10
24.232436
20
0.175000
30
0.0
11
23.955449
21
0.175000
31
0.0
0
LINE
8
front
10
23.955449
20
0.175000
30
0.0
11
23.496146
21
0.175000
31
0.0
0
LINE
8
front
10
23.496146
20
0.175000
30
0.0
11
22.858023
21
0.175000
31
0.0
0
LINE
8
front
10
22.858023
20
0.175000
30
0.0
11
22.045937
21
0.175000
31
0.0
0
LINE
8
front
10
22.045937
20
0.175000
30
0.0
11
21.066068
21
0.175000
31
0.0
0
LINE
8
front
10
21.066068
20
0.175000
30
0.0
11
19.925874
21
0.175000
31
0.0
0
LINE
8
front
10
19.925874
20
0.175000
30
0.0
11
18.634031
21
0.175000
31
0.0
0
LINE
8
front
10
18.634031
20
0.175000
30
0.0
11
17.200373
21
0.175000
31
0.0
0
LINE
8
front
10
17.200373
20
0.175000
30
0.0
11
15.635809
21
0.175000
31
0.0
0
LINE
8
front
10
15.635809
20
0.175000
30
0.0
11
13.952247
21
0.175000
31
0.0
0
LINE
8
front
10
13.952247
20
0.175000
30
0.0
11
12.162500
21
0.175000
31
0.0
0
LINE
8
front
10
12.162500
20
0.175000
30
0.0
11
10.280189
21
0.175000
31
0.0
0
LINE
8
front
10
10.280189
20
0.175000
30
0.0
11
8.319640
21
0.175000
31
0.0
0
LINE
8
front
10
8.319640
20
0.175000
30
0.0
11
6.295773
21
0.175000
31
0.0
0
LINE
8
front
10
6.295773
20
0.175000
30
0.0
11
4.223992
21
0.175000
31
0.0
0
LINE
8
front
10
4.223992
20
0.175000
30
0.0
11
2.120063
21
0.175000
31
0.0
0
LINE
8
front
10
2.120063
20
0.175000
30
0.0
11
-0.000000
21
0.175000
31
0.0
0
LINE
8
front
10
-0.000000
20
0.175000
30
0.0
11
-2.120063
21
0.175000
31
0.0
0
LINE
8
front
10
-2.120063
20
0.175000
30
0.0
11
-4.223992
21
0.175000
31
0.0
0
LINE
8
front
10
-4.223992
20
0.175000
30
0.0
11
-6.295773
21
0.175000
31
0.0
0
LINE
8
front
10
-6.295773
20
0.175000
30
0.0
11
-8.319640
21
0.175000
31
0.0
0
LINE
8
front
10
-8.319640
20
0.175000
30
0.0
11
-10.280189
21
0.175000
31
0.0
0
LINE
8
front
10
-10.280189
20
0.175000
30
0.0
11
-12.162500
21
0.175000
31
0.0
0
LINE
8
front
10
-12.162500
20
0.175000
30
0.0
11
-13.952247
21
0.175000
31
0.0
0
LINE
8
front
10
-13.952247
20
0.175000
30
0.0
11
-15.635809
21
0.175000
31
0.0
0
LINE
8
front
10
-15.635809
20
0.175000
30
0.0
11
-17.200373
21
0.175000
31
0.0
0
LINE
8
front
10
-17.200373
20
0.175000
30
0.0
11
-18.634031
21
0.175000
31
0.0
0
LINE
8
front
10
-18.634031
20
0.175000
30
0.0
11
-19.925874
21
0.175000
31
0.0
0
LINE
8
front
10
-19.925874
20
0.175000
30
0.0
11
-21.066068
21
0.175000
31
0.0
0
LINE
8
front
10
-21.066068
20
0.175000
30
0.0
11
-22.045937
21
0.175000
31
0.0
0
LINE
8
front
10
-22.045937
20
0.175000
30
0.0
11
-22.858023
21
0.175000
31
0.0
0
LINE
8
front
10
-22.858023
20
0.175000
30
0.0
11
-23.496146
21
0.175000
31
0.0
0
LINE
8
front
10
-23.496146
20
0.175000
30
0.0
11
-23.955449
21
0.175000
31
0.0
0
LINE
8
front
10
-23.955449
20
0.175000
30
0.0
11
-24.232436
21
0.175000
31
0.0
0
LINE
8
front
10
-24.232436
20
0.175000
30
0.0
11
-24.325000
21
0.175000
31
0.0
0
LINE
8
front
10
-24.325000
20
0.175000
30
0.0
11
-24.232436
21
0.175000
31
0.0
0
LINE
8
front
10
-24.232436
20
0.175000
30
0.0
11
-23.955449
21
0.175000
31
0.0
0
LINE
8
front
10
-23.955449
20
0.175000
30
0.0
11
-23.496146
21
0.175000
31
0.0
0
LINE
8
front
10
-23.496146
20
0.175000
30
0.0
11
-22.858023
21
0.175000
31
0.0
0
LINE
8
front
10
-22.858023
20
0.175000
30
0.0
11
-22.045937
21
0.175000
31
0.0
0
LINE
8
front
10
-22.045937
20
0.175000
30
0.0
11
-21.066068
21
0.175000
31
0.0
0
LINE
8
front
10
-21.066068
20
0.175000
30
0.0
11
-19.925874
21
0.175000
31
0.0
0
LINE
8
front
10
-19.925874
20
0.175000
30
0.0
11
-18.634031
21
0.175000
31
0.0
0
LINE
8
front
10
-18.634031
20
0.175000
30
0.0
11
-17.200373
21
0.175000
31
0.0
0
LINE
8
front
10
-17.200373
20
0.175000
30
0.0
11
-15.635809
21
0.175000
31
0.0
0
LINE
8
front
10
-15.635809
20
0.175000
30
0.0
11
-13.952247
21
0.175000
31
0.0
0
LINE
8
front
10
-13.952247
20
0.175000
30
0.0
11
-12.162500
21
0.175000
31
0.0
0
LINE
8
front
10
-12.162500
20
0.175000
30
0.0
11
-10.280189
21
0.175000
31
0.0
0
LINE
8
front
10
-10.280189
20
0.175000
30
0.0
11
-8.319640
21
0.175000
31
0.0
0
LINE
8
front
10
-8.319640
20
0.175000
30
0.0
11
-6.295773
21
0.175000
31
0.0
0
LINE
8
front
10
-6.295773
20
0.175000
30
0.0
11
-4.223992
21
0.175000
31
0.0
0
LINE
8
front
10
-4.223992
20
0.175000
30
0.0
11
-2.120063
21
0.175000
31
0.0
0
LINE
8
front
10
-2.120063
20
0.175000
30
0.0
11
0.0
21
0.175000
31
0.0
0
LINE
8
top
10
19.925874
20
2.797753
30
0.0
11
21.066068
21
4.587500
31
0.0
0
LINE
8
top
10
21.066068
20
4.587500
30
0.0
11
22.045937
21
6.469811
31
0.0
0
LINE
8
top
10
22.045937
20
6.469811
30
0.0
11
22.858023
21
8.430360
31
0.0
0
LINE
8
top
10
22.858023
20
8.430360
30
0.0
11
23.496146
21
10.454227
31
0.0
0
LINE
8
top
10
23.496146
20
10.454227
30
0.0
11
23.955449
21
12.526008
31
0.0
0
LINE
8
top
10
23.955449
20
12.526008
30
0.0
11
24.232436
21
14.629937
31
0.0
0
LINE
8
top
10
24.232436
20
14.629937
30
0.0
11
24.325000
21
16.750000
31
0.0
0
LINE
8
top
10
24.325000
20
16.750000
30
0.0
11
24.232436
21
18.870063
31
0.0
0
LINE
8
top
10
24.232436
20
18.870063
30
0.0
11
23.955449
21
20.973992
31
0.0
0
LINE
8
top
10
23.955449
20
20.973992
30
0.0
11
23.496146
21
23.045773
31
0.0
0
LINE
8
top
10
23.496146
20
23.045773
30
0.0
11
22.858023
21
25.069640
31
0.0
0
LINE
8
top
10
22.858023
20
25.069640
30
0.0
11
22.045937
21
27.030189
31
0.0
0
LINE
8
top
10
22.045937
20
27.030189
30
0.0
11
21.066068
21
28.912500
31
0.0
0
LINE
8
top
10
21.066068
20
28.912500
30
0.0
11
19.925874
21
30.702247
31
0.0
0
LINE
8
top
10
19.925874
20
30.702247
30
0.0
11
18.634031
21
32.385809
31
0.0
0
LINE
8
top
10
18.634031
20
32.385809
30
0.0
11
17.200373
21
33.950373
31
0.0
0
LINE
8
top
10
17.200373
20
33.950373
30
0.0
11
15.635809
21
35.384031
31
0.0
0
LINE
8
top
10
15.635809
20
35.384031
30
0.0
11
13.952247
21
36.675874
31
0.0
0
LINE
8
top
10
13.952247
20
36.675874
30
0.0
11
12.162500
21
37.816068
31
0.0
0
LINE
8
top
10
12.162500
20
37.816068
30
0.0
11
10.280189
21
38.795937
31
0.0
0
LINE
8
top
10
10.280189
20
38.795937
30
0.0
11
8.319640
21
39.608023
31
0.0
0
LINE
8
top
10
8.319640
20
39.608023
30
0.0
11
6.295773
21
40.246146
31
0.0
0
LINE
8
top
10
6.295773
20
40.246146
30
0.0
11
4.223992
21
40.705449
31
0.0
0
LINE
8
top
10
4.223992
20
40.705449
30
0.0
11
2.120063
21
40.982436
31
0.0
0
LINE
8
top
10
2.120063
20
40.982436
30
0.0
11
-0.000000
21
41.075000
31
0.0
0
LINE
8
top
10
-0.000000
20
41.075000
30
0.0
11
-2.120063
21
40.982436
31
0.0
0
LINE
8
top
10
-2.120063
20
40.982436
30
0.0
11
-4.223992
21
40.705449
31
0.0
0
LINE
8
top
10
-4.223992
20
40.705449
30
0.0
11
-6.295773
21
40.246146
31
0.0
0
LINE
8
top
10
-6.295773
20
40.246146
30
0.0
11
-8.319640
21
39.608023
31
0.0
0
LINE
8
top
10
-8.319640
20
39.608023
30
0.0
11
-10.280189
21
38.795937
31
0.0
0
LINE
8
top
10
-10.280189
20
38.795937
30
0.0
11
-12.162500
21
37.816068
31
0.0
0
LINE
8
top
10
-12.162500
20
37.816068
30
0.0
11
-13.952247
21
36.675874
31
0.0
0
LINE
8
top
10
-13.952247
20
36.675874
30
0.0
11
-15.635809
21
35.384031
31
0.0
0
LINE
8
top
10
-15.635809
20
35.384031
30
0.0
11
-17.200373
21
33.950373
31
0.0
0
LINE
8
top
10
-17.200373
20
33.950373
30
0.0
11
-18.634031
21
32.385809
31
0.0
0
LINE
8
top
10
-18.634031
20
32.385809
30
0.0
11
-19.925874
21
30.702247
31
0.0
0
LINE
8
top
10
-19.925874
20
30.702247
30
0.0
11
-21.066068
21
28.912500
31
0.0
0
LINE
8
top
10
-21.066068
20
28.912500
30
0.0
11
-22.045937
21
27.030189
31
0.0
0
LINE
8
top
10
-22.045937
20
27.030189
30
0.0
11
-22.858023
21
25.069640
31
0.0
0
LINE
8
top
10
-22.858023
20
25.069640
30
0.0
11
-23.496146
21
23.045773
31
0.0
0
LINE
8
top
10
-23.496146
20
23.045773
30
0.0
11
-23.955449
21
20.973992
31
0.0
0
LINE
8
top
10
-23.955449
20
20.973992
30
0.0
11
-24.232436
21
18.870063
31
0.0
0
LINE
8
top
10
-24.232436
20
18.870063
30
0.0
11
-24.325000
21
16.750000
31
0.0
0
LINE
8
top
10
-24.325000
20
16.750000
30
0.0
11
-24.232436
21
14.629937
31
0.0
0
LINE
8
top
10
-24.232436
20
14.629937
30
0.0
11
-23.955449
21
12.526008
31
0.0
0
LINE
8
top
10
-23.955449
20
12.526008
30
0.0
11
-23.496146
21
10.454227
31
0.0
0
LINE
8
top
10
-23.496146
20
10.454227
30
0.0
11
-22.858023
21
8.430360
31
0.0
0
LINE
8
top
10
-22.858023
20
8.430360
30
0.0
11
-22.045937
21
6.469811
31
0.0
0
LINE
8
top
10
-22.045937
20
6.469811
30
0.0
11
-21.066068
21
4.587500
31
0.0
0
LINE
8
top
10
-21.066068
20
4.587500
30
0.0
11
-19.925874
21
2.797753
31
0.0
0
LINE
8
top
10
-19.925874
20
2.797753
30
0.0
11
-18.634031
21
1.114191
31
0.0
0
LINE
8
top
10
-18.634031
20
1.114191
30
0.0
11
-17.200373
21
-0.450373
31
0.0
0
LINE
8
top
10
-17.200373
20
-0.450373
30
0.0
11
-15.635809
21
-1.884031
31
0.0
0
LINE
8
top
10
-15.635809
20
-1.884031
30
0.0
11
-13.952247
21
-3.175874
31
0.0
0
LINE
8
top
10
-13.952247
20
-3.175874
30
0.0
11
-12.162500
21
-4.316068
31
0.0
0
LINE
8
top
10
-12.162500
20
-4.316068
30
0.0
11
-10.280189
21
-5.295937
31
0.0
0
LINE
8
top
10
-10.280189
20
-5.295937
30
0.0
11
-8.319640
21
-6.108023
31
0.0
0
LINE
8
top
10
-8.319640
20
-6.108023
30
0.0
11
-6.295773
21
-6.746146
31
0.0
0
LINE
8
top
10
-6.295773
20
-6.746146
30
0.0
11
-4.223992
21
-7.205449
31
0.0
0
LINE
8
top
10
-4.223992
20
-7.205449
30
0.0
11
-2.120063
21
-7.482436
31
0.0
0
LINE
8
top
10
-2.120063
20
-7.482436
30
0.0
11
0.0
21
-7.575000
31
0.0
0
LINE
8
right
10
94.007449
20
0.175000
30
0.0
11
92.217702
21
0.175000
31
0.0
0
LINE
8
right
10
92.217702
20
0.175000
30
0.0
11
90.335391
21
0.175000
31
0.0
0
LINE
8
right
10
90.335391
20
0.175000
30
0.0
11
88.374842
21
0.175000
31
0.0
0
LINE
8
right
10
88.374842
20
0.175000
30
0.0
11
86.350975
21
0.175000
31
0.0
0
LINE
8
right
10
86.350975
20
0.175000
30
0.0
11
84.279194
21
0.175000
31
0.0
0
LINE
8
right
10
84.279194
20
0.175000
30
0.0
11
82.175265
21
0.175000
31
0.0
0
LINE
8
right
10
82.175265
20
0.175000
30
0.0
11
80.055202
21
0.175000
31
0.0
0
LINE
8
right
10
80.055202
20
0.175000
30
0.0
11
77.935138
21
0.175000
31
0.0
0
LINE
8
right
10
77.935138
20
0.175000
30
0.0
11
75.831210
21
0.175000
31
0.0
0
LINE
8
right
10
75.831210
20
0.175000
30
0.0
11
73.759429
21
0.175000
31
0.0
0
LINE
8
right
10
73.759429
20
0.175000
30
0.0
11
71.735562
21
0.175000
31
0.0
0
LINE
8
right
10
71.735562
20
0.175000
30
0.0
11
69.775013
21
0.175000
31
0.0
0
LINE
8
right
10
69.775013
20
0.175000
30
0.0
11
67.892702
21
0.175000
31
0.0
0
LINE
8
right
10
67.892702
20
0.175000
30
0.0
11
66.102955
21
0.175000
31
0.0
0
LINE
8
right
10
66.102955
20
0.175000
30
0.0
11
64.419393
21
0.175000
31
0.0
0
LINE
8
right
10
64.419393
20
0.175000
30
0.0
11
62.854829
21
0.175000
31
0.0
0
LINE
8
right
10
62.854829
20
0.175000
30
0.0
11
61.421171
21
0.175000
31
0.0
0
LINE
8
right
10
61.421171
20
0.175000
30
0.0
11
60.129328
21
0.175000
31
0.0
0
LINE
8
right
10
60.129328
20
0.175000
30
0.0
11
58.989134
21
0.175000
31
0.0
0
LINE
8
right
10
58.989134
20
0.175000
30
0.0
11
58.009265
21
0.175000
31
0.0
0
LINE
8
right
10
58.009265
20
0.175000
30
0.0
11
57.197179
21
0.175000
31
0.0
0
LINE
8
right
10
57.197179
20
0.175000
30
0.0
11
56.559056
21
0.175000
31
0.0
0
LINE
8
right
10
56.559056
20
0.175000
30
0.0
11
56.099753
21
0.175000
31
0.0
0
LINE
8
right
10
56.099753
20
0.175000
30
0.0
11
55.822766
21
0.175000
31
0.0
0
LINE
8
right
10
55.822766
20
0.175000
30
0.0
11
55.730202
21
0.175000
31
0.0
0
LINE
8
right
10
55.730202
20
0.175000
30
0.0
11
55.822766
21
0.175000
31
0.0
0
LINE
8
right
10
55.822766
20
0.175000
30
0.0
11
56.099753
21
0.175000
31
0.0
0
LINE
8
right
10
56.099753
20
0.175000
30
0.0
11
56.559056
21
0.175000
31
0.0
0
LINE
8
right
10
56.559056
20
0.175000
30
0.0
11
57.197179
21
0.175000
31
0.0
0
LINE
8
right
10
57.197179
20
0.175000
30
0.0
11
58.009265
21
0.175000
31
0.0
0
LINE
8
right
10
58.009265
20
0.175000
30
0.0
11
58.989134
21
0.175000
31
0.0
0
LINE
8
right
10
58.989134
20
0.175000
30
0.0
11
60.129328
21
0.175000
31
0.0
0
LINE
8
right
10
60.129328
20
0.175000
30
0.0
11
61.421171
21
0.175000
31
0.0
0
LINE
8
right
10
61.421171
20
0.175000
30
0.0
11
62.854829
21
0.175000
31
0.0
0
LINE
8
right
10
62.854829
20
0.175000
30
0.0
11
64.419393
21
0.175000
31
0.0
0
LINE
8
right
10
64.419393
20
0.175000
30
0.0
11
66.102955
21
0.175000
31
0.0
0
LINE
8
right
10
66.102955
20
0.175000
30
0.0
11
67.892702
21
0.175000
31
0.0
0
LINE
8
right
10
67.892702
20
0.175000
30
0.0
11
69.775013
21
0.175000
31
0.0
0
LINE
8
right
10
69.775013
20
0.175000
30
0.0
11
71.735562
21
0.175000
31
0.0
0
LINE
8
right
10
71.735562
20
0.175000
30
0.0
11
73.759429
21
0.175000
31
0.0
0
LINE
8
right
10
73.759429
20
0.175000
30
0.0
11
75.831210
21
0.175000
31
0.0
0
LINE
8
right
10
75.831210
20
0.175000
30
0.0
11
77.935138
21
0.175000
31
0.0
0
LINE
8
right
10
77.935138
20
0.175000
30
0.0
11
80.055202
21
0.175000
31
0.0
0
LINE
8
right
10
80.055202
20
0.175000
30
0.0
11
82.175265
21
0.175000
31
0.0
0
LINE
8
right
10
82.175265
20
0.175000
30
0.0
11
84.279194
21
0.175000
31
0.0
0
LINE
8
right
10
84.279194
20
0.175000
30
0.0
11
86.350975
21
0.175000
31
0.0
0
LINE
8
right
10
86.350975
20
0.175000
30
0.0
11
88.374842
21
0.175000
31
0.0
0
LINE
8
right
10
88.374842
20
0.175000
30
0.0
11
90.335391
21
0.175000
31
0.0
0
LINE
8
right
10
90.335391
20
0.175000
30
0.0
11
92.217702
21
0.175000
31
0.0
0
LINE
8
right
10
92.217702
20
0.175000
30
0.0
11
94.007449
21
0.175000
31
0.0
0
LINE
8
right
10
94.007449
20
0.175000
30
0.0
11
95.691011
21
0.175000
31
0.0
0
LINE
8
right
10
95.691011
20
0.175000
30
0.0
11
97.255575
21
0.175000
31
0.0
0
LINE
8
right
10
97.255575
20
0.175000
30
0.0
11
98.689233
21
0.175000
31
0.0
0
LINE
8
right
10
98.689233
20
0.175000
30
0.0
11
99.981076
21
0.175000
31
0.0
0
LINE
8
right
10
99.981076
20
0.175000
30
0.0
11
101.121270
21
0.175000
31
0.0
0
LINE
8
right
10
101.121270
20
0.175000
30
0.0
11
102.101139
21
0.175000
31
0.0
0
LINE
8
right
10
102.101139
20
0.175000
30
0.0
11
102.913225
21
0.175000
31
0.0
0
LINE
8
right
10
102.913225
20
0.175000
30
0.0
11
103.551348
21
0.175000
31
0.0
0
LINE
8
right
10
103.551348
20
0.175000
30
0.0
11
104.010651
21
0.175000
31
0.0
0
LINE
8
right
10
104.010651
20
0.175000
30
0.0
11
104.287638
21
0.175000
31
0.0
0
LINE
8
right
10
104.287638
20
0.175000
30
0.0
11
104.380202
21
0.175000
31
0.0
0
LINE
8
front
10
19.925874
20
-3.000000
30
0.0
11
19.925874
21
0.175000
31
0.0
0
LINE
8
top
10
19.925874
20
2.797753
30
0.0
11
19.925874
21
2.797753
31
0.0
0
LINE
8
right
10
94.007449
20
-3.000000
30
0.0
11
94.007449
21
0.175000
31
0.0
0
LINE
8
front
10
19.925873
20
-3.000000
30
0.0
11
20.077808
21
-3.000000
31
0.0
0
LINE
8
front
10
20.077808
20
-3.000000
30
0.0
11
20.209021
21
-3.000000
31
0.0
0
LINE
8
front
10
20.209021
20
-3.000000
30
0.0
11
20.318567
21
-3.000000
31
0.0
0
LINE
8
front
10
20.318567
20
-3.000000
30
0.0
11
20.405656
21
-3.000000
31
0.0
0
LINE
8
front
10
20.405656
20
-3.000000
30
0.0
11
20.469661
21
-3.000000
31
0.0
0
LINE
8
front
10
20.469661
20
-3.000000
30
0.0
11
20.510120
21
-3.000000
31
0.0
0
LINE
8
front
10
20.510120
20
-3.000000
30
0.0
11
20.526742
21
-3.000000
31
0.0
0
LINE
8
front
10
20.526742
20
-3.000000
30
0.0
11
20.519407
21
-3.000000
31
0.0
0
LINE
8
front
10
20.519407
20
-3.000000
30
0.0
11
20.488169
21
-3.000000
31
0.0
0
LINE
8
front
10
20.488169
20
-3.000000
30
0.0
11
20.433251
21
-3.000000
31
0.0
0
LINE
8
front
10
20.433251
20
-3.000000
30
0.0
11
20.355050
21
-3.000000
31
0.0
0
LINE
8
front
10
20.355050
20
-3.000000
30
0.0
11
20.254129
21
-3.000000
31
0.0
0
LINE
8
front
10
20.254129
20
-3.000000
30
0.0
11
20.131217
21
-3.000000
31
0.0
0
LINE
8
front
10
20.131217
20
-3.000000
30
0.0
11
19.987197
21
-3.000000
31
0.0
0
LINE
8
front
10
19.987197
20
-3.000000
30
0.0
11
19.823109
21
-3.000000
31
0.0
0
LINE
8
front
10
19.823109
20
-3.000000
30
0.0
11
19.640134
21
-3.000000
31
0.0
0
LINE
8
front
10
19.640134
20
-3.000000
30
0.0
11
19.439591
21
-3.000000
31
0.0
0
LINE
8
front
10
19.439591
20
-3.000000
30
0.0
11
19.222925
21
-3.000000
31
0.0
0
LINE
8
front
10
19.222925
20
-3.000000
30
0.0
11
18.991698
21
-3.000000
31
0.0
0
LINE
8
front
10
18.991698
20
-3.000000
30
0.0
11
18.747576
21
-3.000000
31
0.0
0
LINE
8
front
10
18.747576
20
-3.000000
30
0.0
11
18.492317
21
-3.000000
31
0.0
0
LINE
8
front
10
18.492317
20
-3.000000
30
0.0
11
18.227762
21
-3.000000
31
0.0
0
LINE
8
front
10
18.227762
20
-3.000000
30
0.0
11
17.955817
21
-3.000000
31
0.0
0
LINE
8
front
10
17.955817
20
-3.000000
30
0.0
11
17.678441
21
-3.000000
31
0.0
0
LINE
8
front
10
17.678441
20
-3.000000
30
0.0
11
17.397633
21
-3.000000
31
0.0
0
LINE
8
front
10
17.397633
20
-3.000000
30
0.0
11
17.115416
21
-3.000000
31
0.0
0
LINE
8
front
10
17.115416
20
-3.000000
30
0.0
11
16.833825
21
-3.000000
31
0.0
0
LINE
8
front
10
16.833825
20
-3.000000
30
0.0
11
16.554889
21
-3.000000
31
0.0
0
LINE
8
front
10
16.554889
20
-3.000000
30
0.0
11
16.280617
21
-3.000000
31
0.0
0
LINE
8
front
10
16.280617
20
-3.000000
30
0.0
11
16.012986
21
-3.000000
31
0.0
0
LINE
8
front
10
16.012986
20
-3.000000
30
0.0
11
15.753924
21
-3.000000
31
0.0
0
LINE
8
front
10
15.753924
20
-3.000000
30
0.0
11
15.505299
21
-3.000000
31
0.0
0
LINE
8
front
10
15.505299
20
-3.000000
30
0.0
11
15.268901
21
-3.000000
31
0.0
0
LINE
8
front
10
15.268901
20
-3.000000
30
0.0
11
15.046435
21
-3.000000
31
0.0
0
LINE
8
front
10
15.046435
20
-3.000000
30
0.0
11
14.839504
21
-3.000000
31
0.0
0
LINE
8
front
10
14.839504
20
-3.000000
30
0.0
11
14.649598
21
-3.000000
31
0.0
0
LINE
8
front
10
14.649598
20
-3.000000
30
0.0
11
14.478086
21
-3.000000
31
0.0
0
LINE
8
top
10
19.925873
20
2.797753
30
0.0
11
20.077808
21
3.035625
31
0.0
0
LINE
8
top
10
20.077808
20
3.035625
30
0.0
11
20.209021
21
3.285526
31
0.0
0
LINE
8
top
10
20.209021
20
3.285526
30
0.0
11
20.318567
21
3.545655
31
0.0
0
LINE
8
top
10
20.318567
20
3.545655
30
0.0
11
20.405656
21
3.814138
31
0.0
0
LINE
8
top
10
20.405656
20
3.814138
30
0.0
11
20.469661
21
4.089039
31
0.0
0
LINE
8
top
10
20.469661
20
4.089039
30
0.0
11
20.510120
21
4.368378
31
0.0
0
LINE
8
top
10
20.510120
20
4.368378
30
0.0
11
20.526742
21
4.650143
31
0.0
0
LINE
8
top
10
20.526742
20
4.650143
30
0.0
11
20.519407
21
4.932301
31
0.0
0
LINE
8
top
10
20.519407
20
4.932301
30
0.0
11
20.488169
21
5.212821
31
0.0
0
LINE
8
top
10
20.488169
20
5.212821
30
0.0
11
20.433251
21
5.489681
31
0.0
0
LINE
8
top
10
20.433251
20
5.489681
30
0.0
11
20.355050
21
5.760886
31
0.0
0
LINE
8
top
10
20.355050
20
5.760886
30
0.0
11
20.254129
21
6.024481
31
0.0
0
LINE
8
top
10
20.254129
20
6.024481
30
0.0
11
20.131217
21
6.278567
31
0.0
0
LINE
8
top
10
20.131217
20
6.278567
30
0.0
11
19.987197
21
6.521314
31
0.0
0
LINE
8
top
10
19.987197
20
6.521314
30
0.0
11
19.823109
21
6.750971
31
0.0
0
LINE
8
top
10
19.823109
20
6.750971
30
0.0
11
19.640134
21
6.965884
31
0.0
0
LINE
8
top
10
19.640134
20
6.965884
30
0.0
11
19.439591
21
7.164504
31
0.0
0
LINE
8
top
10
19.439591
20
7.164504
30
0.0
11
19.222925
21
7.345400
31
0.0
0
LINE
8
top
10
19.222925
20
7.345400
30
0.0
11
18.991698
21
7.507268
31
0.0
0
LINE
8
top
10
18.991698
20
7.507268
30
0.0
11
18.747576
21
7.648943
31
0.0
0
LINE
8
top
10
18.747576
20
7.648943
30
0.0
11
18.492317
21
7.769402
31
0.0
0
LINE
8
top
10
18.492317
20
7.769402
30
0.0
11
18.227762
21
7.867778
31
0.0
0
LINE
8
top
10
18.227762
20
7.867778
30
0.0
11
17.955817
21
7.943363
31
0.0
0
LINE
8
top
10
17.955817
20
7.943363
30
0.0
11
17.678441
21
7.995611
31
0.0
0
LINE
8
top
10
17.678441
20
7.995611
30
0.0
11
17.397633
21
8.024146
31
0.0
0
LINE
8
top
10
17.397633
20
8.024146
30
0.0
11
17.115416
21
8.028762
31
0.0
0
LINE
8
top
10
17.115416
20
8.028762
30
0.0
11
16.833825
21
8.009427
31
0.0
0
LINE
8
top
10
16.833825
20
8.009427
30
0.0
11
16.554889
21
7.966278
31
0.0
0
LINE
8
top
10
16.554889
20
7.966278
30
0.0
11
16.280617
21
7.899628
31
0.0
0
LINE
8
top
10
16.280617
20
7.899628
30
0.0
11
16.012986
21
7.809957
31
0.0
0
LINE
8
top
10
16.012986
20
7.809957
30
0.0
11
15.753924
21
7.697910
31
0.0
0
LINE
8
top
10
15.753924
20
7.697910
30
0.0
11
15.505299
21
7.564296
31
0.0
0
LINE
8
top
10
15.505299
20
7.564296
30
0.0
11
15.268901
21
7.410077
31
0.0
0
LINE
8
top
10
15.268901
20
7.410077
30
0.0
11
15.046435
21
7.236363
31
0.0
0
LINE
8
top
10
15.046435
20
7.236363
30
0.0
11
14.839504
21
7.044409
31
0.0
0
LINE
8
top
10
14.839504
20
7.044409
30
0.0
11
14.649598
21
6.835595
31
0.0
0
LINE
8
top
10
14.649598
20
6.835595
30
0.0
11
14.478086
21
6.611427
31
0.0
0
LINE
8
right
10
94.007449
20
-3.000000
30
0.0
11
93.769577
21
-3.000000
31
0.0
0
LINE
8
right
10
93.769577
20
-3.000000
30
0.0
11
93.519676
21
-3.000000
31
0.0
0
LINE
8
right
10
93.519676
20
-3.000000
30
0.0
11
93.259547
21
-3.000000
31
0.0
0
LINE
8
right
10
93.259547
20
-3.000000
30
0.0
11
92.991064
21
-3.000000
31
0.0
0
LINE
8
right
10
92.991064
20
-3.000000
30
0.0
11
92.716163
21
-3.000000
31
0.0
0
LINE
8
right
10
92.716163
20
-3.000000
30
0.0
11
92.436823
21
-3.000000
31
0.0
0
LINE
8
right
10
92.436823
20
-3.000000
30
0.0
11
92.155059
21
-3.000000
31
0.0
0
LINE
8
right
10
92.155059
20
-3.000000
30
0.0
11
91.872900
21
-3.000000
31
0.0
0
LINE
8
right
10
91.872900
20
-3.000000
30
0.0
11
91.592380
21
-3.000000
31
0.0
0
LINE
8
right
10
91.592380
20
-3.000000
30
0.0
11
91.315520
21
-3.000000
31
0.0
0
LINE
8
right
10
91.315520
20
-3.000000
30
0.0
11
91.044316
21
-3.000000
31
0.0
0
LINE
8
right
10
91.044316
20
-3.000000
30
0.0
11
90.780721
21
-3.000000
31
0.0
0
LINE
8
right
10
90.780721
20
-3.000000
30
0.0
11
90.526634
21
-3.000000
31
0.0
0
LINE
8
right
10
90.526634
20
-3.000000
30
0.0
11
90.283888
21
-3.000000
31
0.0
0
LINE
8
right
10
90.283888
20
-3.000000
30
0.0
11
90.054231
21
-3.000000
31
0.0
0
LINE
8
right
10
90.054231
20
-3.000000
30
0.0
11
89.839318
21
-3.000000
31
0.0
0
LINE
8
right
10
89.839318
20
-3.000000
30
0.0
11
89.640698
21
-3.000000
31
0.0
0
LINE
8
right
10
89.640698
20
-3.000000
30
0.0
11
89.459802
21
-3.000000
31
0.0
0
LINE
8
right
10
89.459802
20
-3.000000
30
0.0
11
89.297934
21
-3.000000
31
0.0
0
LINE
8
right
10
89.297934
20
-3.000000
30
0.0
11
89.156259
21
-3.000000
31
0.0
0
LINE
8
right
10
89.156259
20
-3.000000
30
0.0
11
89.035800
21
-3.000000
31
0.0
0
LINE
8
right
10
89.035800
20
-3.000000
30
0.0
11
88.937423
21
-3.000000
31
0.0
0
LINE
8
right
10
88.937423
20
-3.000000
30
0.0
11
88.861839
21
-3.000000
31
0.0
0
LINE
8
right
10
88.861839
20
-3.000000
30
0.0
11
88.809591
21
-3.000000
31
0.0
0
LINE
8
right
10
88.809591
20
-3.000000
30
0.0
11
88.781056
21
-3.000000
31
0.0
0
LINE
8
right
10
88.781056
20
-3.000000
30
0.0
11
88.776440
21
-3.000000
31
0.0
0
LINE
8
right
10
88.776440
20
-3.000000
30
0.0
11
88.795775
21
-3.000000
31
0.0
0
LINE
8
right
10
88.795775
20
-3.000000
30
0.0
11
88.838924
21
-3.000000
31
0.0
0
LINE
8
right
10
88.838924
20
-3.000000
30
0.0
11
88.905574
21
-3.000000
31
0.0
0
LINE
8
right
10
88.905574
20
-3.000000
30
0.0
11
88.995245
21
-3.000000
31
0.0
0
LINE
8
right
10
88.995245
20
-3.000000
30
0.0
11
89.107292
21
-3.000000
31
0.0
0
LINE
8
right
10
89.107292
20
-3.000000
30
0.0
11
89.240906
21
-3.000000
31
0.0
0
LINE
8
right
10
89.240906
20
-3.000000
30
0.0
11
89.395125
21
-3.000000
31
0.0
0
LINE
8
right
10
89.395125
20
-3.000000
30
0.0
11
89.568838
21
-3.000000
31
0.0
0
LINE
8
right
10
89.568838
20
-3.000000
30
0.0
11
89.760793
21
-3.000000
31
0.0
0
LINE
8
right
10
89.760793
20
-3.000000
30
0.0
11
89.969607
21
-3.000000
31
0.0
0
LINE
8
right
10
89.969607
20
-3.000000
30
0.0
11
90.193774
21
-3.000000
31
0.0
0
LINE
8
front
10
14.478086
20
0.175000
30
0.0
11
14.322297
21
0.175000
31
0.0
0
LINE
8
front
10
14.322297
20
0.175000
30
0.0
11
14.188423
21
0.175000
31
0.0
0
LINE
8
front
10
14.188423
20
0.175000
30
0.0
11
14.077482
21
0.175000
31
0.0
0
LINE
8
front
10
14.077482
20
0.175000
30
0.0
11
13.990319
21
0.175000
31
0.0
0
LINE
8
front
10
13.990319
20
0.175000
30
0.0
11
13.927596
21
0.175000
31
0.0
0
LINE
8
front
10
13.927596
20
0.175000
30
0.0
11
13.889792
21
0.175000
31
0.0
0
LINE
8
front
10
13.889792
20
0.175000
30
0.0
11
13.877193
21
0.175000
31
0.0
0
LINE
8
front
10
13.877193
20
0.175000
30
0.0
11
13.889896
21
0.175000
31
0.0
0
LINE
8
front
10
13.889896
20
0.175000
30
0.0
11
13.927804
21
0.175000
31
0.0
0
LINE
8
front
10
13.927804
20
0.175000
30
0.0
11
13.990629
21
0.175000
31
0.0
0
LINE
8
front
10
13.990629
20
0.175000
30
0.0
11
14.077892
21
0.175000
31
0.0
0
LINE
8
front
10
14.077892
20
0.175000
30
0.0
11
14.188929
21
0.175000
31
0.0
0
LINE
8
front
10
14.188929
20
0.175000
30
0.0
11
14.322896
21
0.175000
31
0.0
0
LINE
8
front
10
14.322896
20
0.175000
30
0.0
11
14.478773
21
0.175000
31
0.0
0
LINE
8
front
10
14.478773
20
0.175000
30
0.0
11
14.655374
21
0.175000
31
0.0
0
LINE
8
front
10
14.655374
20
0.175000
30
0.0
11
14.851355
21
0.175000
31
0.0
0
LINE
8
front
10
14.851355
20
0.175000
30
0.0
11
15.065225
21
0.175000
31
0.0
0
LINE
8
front
10
15.065225
20
0.175000
30
0.0
11
15.295356
21
0.175000
31
0.0
0
LINE
8
front
10
15.295356
20
0.175000
30
0.0
11
15.539997
21
0.175000
31
0.0
0
LINE
8
front
10
15.539997
20
0.175000
30
0.0
11
15.797287
21
0.175000
31
0.0
0
LINE
8
front
10
15.797287
20
0.175000
30
0.0
11
16.065267
21
0.175000
31
0.0
0
LINE
8
front
10
16.065267
20
0.175000
30
0.0
11
16.341899
21
0.175000
31
0.0
0
LINE
8
front
10
16.341899
20
0.175000
30
0.0
11
16.625077
21
0.175000
31
0.0
0
LINE
8
front
10
16.625077
20
0.175000
30
0.0
11
16.912647
21
0.175000
31
0.0
0
LINE
8
front
10
16.912647
20
0.175000
30
0.0
11
17.202420
21
0.175000
31
0.0
0
LINE
8
front
10
17.202420
20
0.175000
30
0.0
11
17.492192
21
0.175000
31
0.0
0
LINE
8
front
10
17.492192
20
0.175000
30
0.0
11
17.779756
21
0.175000
31
0.0
0
LINE
8
front
10
17.779756
20
0.175000
30
0.0
11
18.062926
21
0.175000
31
0.0
0
LINE
8
front
10
18.062926
20
0.175000
30
0.0
11
18.339546
21
0.175000
31
0.0
0
LINE
8
front
10
18.339546
20
0.175000
30
0.0
11
18.607511
21
0.175000
31
0.0
0
LINE
8
front
10
18.607511
20
0.175000
30
0.0
11
18.864782
21
0.175000
31
0.0
0
LINE
8
front
10
18.864782
20
0.175000
30
0.0
11
19.109402
21
0.175000
31
0.0
0
LINE
8
front
10
19.109402
20
0.175000
30
0.0
11
19.339509
21
0.175000
31
0.0
0
LINE
8
front
10
19.339509
20
0.175000
30
0.0
11
19.553352
21
0.175000
31
0.0
0
LINE
8
front
10
19.553352
20
0.175000
30
0.0
11
19.749304
21
0.175000
31
0.0
0
LINE
8
front
10
19.749304
20
0.175000
30
0.0
11
19.925873
21
0.175000
31
0.0
0
LINE
8
top
10
14.478086
20
6.611427
30
0.0
11
14.322297
21
6.366769
31
0.0
0
LINE
8
top
10
14.322297
20
6.366769
30
0.0
11
14.188423
21
6.109464
31
0.0
0
LINE
8
top
10
14.188423
20
6.109464
30
0.0
11
14.077482
21
5.841471
31
0.0
0
LINE
8
top
10
14.077482
20
5.841471
30
0.0
11
13.990319
21
5.564830
31
0.0
0
LINE
8
top
10
13.990319
20
5.564830
30
0.0
11
13.927596
21
5.281645
31
0.0
0
LINE
8
top
10
13.927596
20
5.281645
30
0.0
11
13.889792
21
4.994070
31
0.0
0
LINE
8
top
10
13.889792
20
4.994070
30
0.0
11
13.877193
21
4.704296
31
0.0
0
LINE
8
top
10
13.877193
20
4.704296
30
0.0
11
13.889896
21
4.414526
31
0.0
0
LINE
8
top
10
13.889896
20
4.414526
30
0.0
11
13.927804
21
4.126965
31
0.0
0
LINE
8
top
10
13.927804
20
4.126965
30
0.0
11
13.990629
21
3.843803
31
0.0
0
LINE
8
top
10
13.990629
20
3.843803
30
0.0
11
14.077892
21
3.567193
31
0.0
0
LINE
8
top
10
14.077892
20
3.567193
30
0.0
11
14.188929
21
3.299240
31
0.0
0
LINE
8
top
10
14.188929
20
3.299240
30
0.0
11
14.322896
21
3.041983
31
0.0
0
LINE
8
top
10
14.322896
20
3.041983
30
0.0
11
14.478773
21
2.797381
31
0.0
0
LINE
8
top
10
14.478773
20
2.797381
30
0.0
11
14.655374
21
2.567294
31
0.0
0
LINE
8
top
10
14.655374
20
2.567294
30
0.0
11
14.851355
21
2.353473
31
0.0
0
LINE
8
top
10
14.851355
20
2.353473
30
0.0
11
15.065225
21
2.157545
31
0.0
0
LINE
8
top
10
15.065225
20
2.157545
30
0.0
11
15.295356
21
1.981001
31
0.0
0
LINE
8
top
10
15.295356
20
1.981001
30
0.0
11
15.539997
21
1.825185
31
0.0
0
LINE
8
top
10
15.539997
20
1.825185
30
0.0
11
15.797287
21
1.691282
31
0.0
0
LINE
8
top
10
15.797287
20
1.691282
30
0.0
11
16.065267
21
1.580311
31
0.0
0
LINE
8
top
10
16.065267
20
1.580311
30
0.0
11
16.341899
21
1.493117
31
0.0
0
LINE
8
top
10
16.341899
20
1.493117
30
0.0
11
16.625077
21
1.430362
31
0.0
0
LINE
8
top
10
16.625077
20
1.430362
30
0.0
11
16.912647
21
1.392526
31
0.0
0
LINE
8
top
10
16.912647
20
1.392526
30
0.0
11
17.202420
21
1.379895
31
0.0
0
LINE
8
top
10
17.202420
20
1.379895
30
0.0
11
17.492192
21
1.392565
31
0.0
0
LINE
8
top
10
17.492192
20
1.392565
30
0.0
11
17.779756
21
1.430441
31
0.0
0
LINE
8
top
10
17.779756
20
1.430441
30
0.0
11
18.062926
21
1.493234
31
0.0
0
LINE
8
top
10
18.062926
20
1.493234
30
0.0
11
18.339546
21
1.580466
31
0.0
0
LINE
8
top
10
18.339546
20
1.580466
30
0.0
11
18.607511
21
1.691474
31
0.0
0
LINE
8
top
10
18.607511
20
1.691474
30
0.0
11
18.864782
21
1.825412
31
0.0
0
LINE
8
top
10
18.864782
20
1.825412
30
0.0
11
19.109402
21
1.981262
31
0.0
0
LINE
8
top
10
19.109402
20
1.981262
30
0.0
11
19.339509
21
2.157837
31
0.0
0
LINE
8
top
10
19.339509
20
2.157837
30
0.0
11
19.553352
21
2.353794
31
0.0
0
LINE
8
top
10
19.553352
20
2.353794
30
0.0
11
19.749304
21
2.567642
31
0.0
0
LINE
8
top
10
19.749304
20
2.567642
30
0.0
11
19.925873
21
2.797753
31
0.0
0
LINE
8
right
10
90.193774
20
0.175000
30
0.0
11
90.438433
21
0.175000
31
0.0
0
LINE
8
right
10
90.438433
20
0.175000
30
0.0
11
90.695738
21
0.175000
31
0.0
0
LINE
8
right
10
90.695738
20
0.175000
30
0.0
11
90.963731
21
0.175000
31
0.0
0
LINE
8
right
10
90.963731
20
0.175000
30
0.0
11
91.240372
21
0.175000
31
0.0
0
LINE
8
right
10
91.240372
20
0.175000
30
0.0
11
91.523557
21
0.175000
31
0.0
0
LINE
8
right
10
91.523557
20
0.175000
30
0.0
11
91.811131
21
0.175000
31
0.0
0
LINE
8
right
10
91.811131
20
0.175000
30
0.0
11
92.100906
21
0.175000
31
0.0
0
LINE
8
right
10
92.100906
20
0.175000
30
0.0
11
92.390676
21
0.175000
31
0.0
0
LINE
8
right
10
92.390676
20
0.175000
30
0.0
11
92.678236
21
0.175000
31
0.0
0
LINE
8
right
10
92.678236
20
0.175000
30
0.0
11
92.961399
21
0.175000
31
0.0
0
LINE
8
right
10
92.961399
20
0.175000
30
0.0
11
93.238009
21
0.175000
31
0.0
0
LINE
8
right
10
93.238009
20
0.175000
30
0.0
11
93.505962
21
0.175000
31
0.0
0
LINE
8
right
10
93.505962
20
0.175000
30
0.0
11
93.763218
21
0.175000
31
0.0
0
LINE
8
right
10
93.763218
20
0.175000
30
0.0
11
94.007821
21
0.175000
31
0.0
0
LINE
8
right
10
94.007821
20
0.175000
30
0.0
11
94.237908
21
0.175000
31
0.0
0
LINE
8
right
10
94.237908
20
0.175000
30
0.0
11
94.451729
21
0.175000
31
0.0
0
LINE
8
right
10
94.451729
20
0.175000
30
0.0
11
94.647657
21
0.175000
31
0.0
0
LINE
8
right
10
94.647657
20
0.175000
30
0.0
11
94.824201
21
0.175000
31
0.0
0
LINE
8
right
10
94.824201
20
0.175000
30
0.0
11
94.980017
21
0.175000
31
0.0
0
LINE
8
right
10
94.980017
20
0.175000
30
0.0
11
95.113920
21
0.175000
31
0.0
0
LINE
8
right
10
95.113920
20
0.175000
30
0.0
11
95.224891
21
0.175000
31
0.0
0
LINE
8
right
10
95.224891
20
0.175000
30
0.0
11
95.312085
21
0.175000
31
0.0
0
LINE
8
right
10
95.312085
20
0.175000
30
0.0
11
95.374839
21
0.175000
31
0.0
0
LINE
8
right
10
95.374839
20
0.175000
30
0.0
11
95.412676
21
0.175000
31
0.0
0
LINE
8
right
10
95.412676
20
0.175000
30
0.0
11
95.425307
21
0.175000
31
0.0
0
LINE
8
right
10
95.425307
20
0.175000
30
0.0
11
95.412636
21
0.175000
31
0.0
0
LINE
8
right
10
95.412636
20
0.175000
30
0.0
11
95.374761
21
0.175000
31
0.0
0
LINE
8
right
10
95.374761
20
0.175000
30
0.0
11
95.311968
21
0.175000
31
0.0
0
LINE
8
right
10
95.311968
20
0.175000
30
0.0
11
95.224736
21
0.175000
31
0.0
0
LINE
8
right
10
95.224736
20
0.175000
30
0.0
11
95.113728
21
0.175000
31
0.0
0
LINE
8
right
10
95.113728
20
0.175000
30
0.0
11
94.979790
21
0.175000
31
0.0
0
LINE
8
right
10
94.979790
20
0.175000
30
0.0
11
94.823940
21
0.175000
31
0.0
0
LINE
8
right
10
94.823940
20
0.175000
30
0.0
11
94.647365
21
0.175000
31
0.0
0
LINE
8
right
10
94.647365
20
0.175000
30
0.0
11
94.451408
21
0.175000
31
0.0
0
LINE
8
right
10
94.451408
20
0.175000
30
0.0
11
94.237560
21
0.175000
31
0.0
0
LINE
8
right
10
94.237560
20
0.175000
30
0.0
11
94.007449
21
0.175000
31
0.0
0
LINE
8
front
10
3.400000
20
-3.000000
30
0.0
11
3.387062
21
-3.000000
31
0.0
0
LINE
8
front
10
3.387062
20
-3.000000
30
0.0
11
3.348346
21
-3.000000
31
0.0
0
LINE
8
front
10
3.348346
20
-3.000000
30
0.0
11
3.284148
21
-3.000000
31
0.0
0
LINE
8
front
10
3.284148
20
-3.000000
30
0.0
11
3.194955
21
-3.000000
31
0.0
0
LINE
8
front
10
3.194955
20
-3.000000
30
0.0
11
3.081446
21
-3.000000
31
0.0
0
LINE
8
front
10
3.081446
20
-3.000000
30
0.0
11
2.944486
21
-3.000000
31
0.0
0
LINE
8
front
10
2.944486
20
-3.000000
30
0.0
11
2.785117
21
-3.000000
31
0.0
0
LINE
8
front
10
2.785117
20
-3.000000
30
0.0
11
2.604551
21
-3.000000
31
0.0
0
LINE
8
front
10
2.604551
20
-3.000000
30
0.0
11
2.404163
21
-3.000000
31
0.0
0
LINE
8
front
10
2.404163
20
-3.000000
30
0.0
11
2.185478
21
-3.000000
31
0.0
0
LINE
8
front
10
2.185478
20
-3.000000
30
0.0
11
1.950160
21
-3.000000
31
0.0
0
LINE
8
front
10
1.950160
20
-3.000000
30
0.0
11
1.700000
21
-3.000000
31
0.0
0
LINE
8
front
10
1.700000
20
-3.000000
30
0.0
11
1.436902
21
-3.000000
31
0.0
0
LINE
8
front
10
1.436902
20
-3.000000
30
0.0
11
1.162868
21
-3.000000
31
0.0
0
LINE
8
front
10
1.162868
20
-3.000000
30
0.0
11
0.879985
21
-3.000000
31
0.0
0
LINE
8
front
10
0.879985
20
-3.000000
30
0.0
11
0.590404
21
-3.000000
31
0.0
0
LINE
8
front
10
0.590404
20
-3.000000
30
0.0
11
0.296330
21
-3.000000
31
0.0
0
LINE
8
front
10
0.296330
20
-3.000000
30
0.0
11
0.0
21
-3.000000
31
0.0
0
LINE
8
front
10
0.0
20
-3.000000
30
0.0
11
-0.296330
21
-3.000000
31
0.0
0
LINE
8
front
10
-0.296330
20
-3.000000
30
0.0
11
-0.590404
21
-3.000000
31
0.0
0
LINE
8
front
10
-0.590404
20
-3.000000
30
0.0
11
-0.879985
21
-3.000000
31
0.0
0
LINE
8
front
10
-0.879985
20
-3.000000
30
0.0
11
-1.162868
21
-3.000000
31
0.0
0
LINE
8
front
10
-1.162868
20
-3.000000
30
0.0
11
-1.436902
21
-3.000000
31
0.0
0
LINE
8
front
10
-1.436902
20
-3.000000
30
0.0
11
-1.700000
21
-3.000000
31
0.0
0
LINE
8
front
10
-1.700000
20
-3.000000
30
0.0
11
-1.950160
21
-3.000000
31
0.0
0
LINE
8
front
10
-1.950160
20
-3.000000
30
0.0
11
-2.185478
21
-3.000000
31
0.0
0
LINE
8
front
10
-2.185478
20
-3.000000
30
0.0
11
-2.404163
21
-3.000000
31
0.0
0
LINE
8
front
10
-2.404163
20
-3.000000
30
0.0
11
-2.604551
21
-3.000000
31
0.0
0
LINE
8
front
10
-2.604551
20
-3.000000
30
0.0
11
-2.785117
21
-3.000000
31
0.0
0
LINE
8
front
10
-2.785117
20
-3.000000
30
0.0
11
-2.944486
21
-3.000000
31
0.0
0
LINE
8
front
10
-2.944486
20
-3.000000
30
0.0
11
-3.081446
21
-3.000000
31
0.0
0
LINE
8
front
10
-3.081446
20
-3.000000
30
0.0
11
-3.194955
21
-3.000000
31
0.0
0
LINE
8
front
10
-3.194955
20
-3.000000
30
0.0
11
-3.284148
21
-3.000000
31
0.0
0
LINE
8
front
10
-3.284148
20
-3.000000
30
0.0
11
-3.348346
21
-3.000000
31
0.0
0
LINE
8
front
10
-3.348346
20
-3.000000
30
0.0
11
-3.387062
21
-3.000000
31
0.0
0
LINE
8
front
10
-3.387062
20
-3.000000
30
0.0
11
-3.400000
21
-3.000000
31
0.0
0
LINE
8
front
10
-3.400000
20
-3.000000
30
0.0
11
-3.387062
21
-3.000000
31
0.0
0
LINE
8
front
10
-3.387062
20
-3.000000
30
0.0
11
-3.348346
21
-3.000000
31
0.0
0
LINE
8
front
10
-3.348346
20
-3.000000
30
0.0
11
-3.284148
21
-3.000000
31
0.0
0
LINE
8
front
10
-3.284148
20
-3.000000
30
0.0
11
-3.194955
21
-3.000000
31
0.0
0
LINE
8
front
10
-3.194955
20
-3.000000
30
0.0
11
-3.081446
21
-3.000000
31
0.0
0
LINE
8
front
10
-3.081446
20
-3.000000
30
0.0
11
-2.944486
21
-3.000000
31
0.0
0
LINE
8
front
10
-2.944486
20
-3.000000
30
0.0
11
-2.785117
21
-3.000000
31
0.0
0
LINE
8
front
10
-2.785117
20
-3.000000
30
0.0
11
-2.604551
21
-3.000000
31
0.0
0
LINE
8
front
10
-2.604551
20
-3.000000
30
0.0
11
-2.404163
21
-3.000000
31
0.0
0
LINE
8
front
10
-2.404163
20
-3.000000
30
0.0
11
-2.185478
21
-3.000000
31
0.0
0
LINE
8
front
10
-2.185478
20
-3.000000
30
0.0
11
-1.950160
21
-3.000000
31
0.0
0
LINE
8
front
10
-1.950160
20
-3.000000
30
0.0
11
-1.700000
21
-3.000000
31
0.0
0
LINE
8
front
10
-1.700000
20
-3.000000
30
0.0
11
-1.436902
21
-3.000000
31
0.0
0
LINE
8
front
10
-1.436902
20
-3.000000
30
0.0
11
-1.162868
21
-3.000000
31
0.0
0
LINE
8
front
10
-1.162868
20
-3.000000
30
0.0
11
-0.879985
21
-3.000000
31
0.0
0
LINE
8
front
10
-0.879985
20
-3.000000
30
0.0
11
-0.590404
21
-3.000000
31
0.0
0
LINE
8
front
10
-0.590404
20
-3.000000
30
0.0
11
-0.296330
21
-3.000000
31
0.0
0
LINE
8
front
10
-0.296330
20
-3.000000
30
0.0
11
0.0
21
-3.000000
31
0.0
0
LINE
8
front
10
0.0
20
-3.000000
30
0.0
11
0.296330
21
-3.000000
31
0.0
0
LINE
8
front
10
0.296330
20
-3.000000
30
0.0
11
0.590404
21
-3.000000
31
0.0
0
LINE
8
front
10
0.590404
20
-3.000000
30
0.0
11
0.879985
21
-3.000000
31
0.0
0
LINE
8
front
10
0.879985
20
-3.000000
30
0.0
11
1.162868
21
-3.000000
31
0.0
0
LINE
8
front
10
1.162868
20
-3.000000
30
0.0
11
1.436902
21
-3.000000
31
0.0
0
LINE
8
front
10
1.436902
20
-3.000000
30
0.0
11
1.700000
21
-3.000000
31
0.0
0
LINE
8
front
10
1.700000
20
-3.000000
30
0.0
11
1.950160
21
-3.000000
31
0.0
0
LINE
8
front
10
1.950160
20
-3.000000
30
0.0
11
2.185478
21
-3.000000
31
0.0
0
LINE
8
front
10
2.185478
20
-3.000000
30
0.0
11
2.404163
21
-3.000000
31
0.0
0
LINE
8
front
10
2.404163
20
-3.000000
30
0.0
11
2.604551
21
-3.000000
31
0.0
0
LINE
8
front
10
2.604551
20
-3.000000
30
0.0
11
2.785117
21
-3.000000
31
0.0
0
LINE
8
front
10
2.785117
20
-3.000000
30
0.0
11
2.944486
21
-3.000000
31
0.0
0
LINE
8
front
10
2.944486
20
-3.000000
30
0.0
11
3.081446
21
-3.000000
31
0.0
0
LINE
8
front
10
3.081446
20
-3.000000
30
0.0
11
3.194955
21
-3.000000
31
0.0
0
LINE
8
front
10
3.194955
20
-3.000000
30
0.0
11
3.284148
21
-3.000000
31
0.0
0
LINE
8
front
10
3.284148
20
-3.000000
30
0.0
11
3.348346
21
-3.000000
31
0.0
0
LINE
8
front
10
3.348346
20
-3.000000
30
0.0
11
3.387062
21
-3.000000
31
0.0
0
LINE
8
front
10
3.387062
20
-3.000000
30
0.0
11
3.400000
21
-3.000000
31
0.0
0
LINE
8
top
10
3.400000
20
16.750000
30
0.0
11
3.387062
21
16.453670
31
0.0
0
LINE
8
top
10
3.387062
20
16.453670
30
0.0
11
3.348346
21
16.159596
31
0.0
0
LINE
8
top
10
3.348346
20
16.159596
30
0.0
11
3.284148
21
15.870015
31
0.0
0
LINE
8
top
10
3.284148
20
15.870015
30
0.0
11
3.194955
21
15.587132
31
0.0
0
LINE
8
top
10
3.194955
20
15.587132
30
0.0
11
3.081446
21
15.313098
31
0.0
0
LINE
8
top
10
3.081446
20
15.313098
30
0.0
11
2.944486
21
15.050000
31
0.0
0
LINE
8
top
10
2.944486
20
15.050000
30
0.0
11
2.785117
21
14.799840
31
0.0
0
LINE
8
top
10
2.785117
20
14.799840
30
0.0
11
2.604551
21
14.564522
31
0.0
0
LINE
8
top
10
2.604551
20
14.564522
30
0.0
11
2.404163
21
14.345837
31
0.0
0
LINE
8
top
10
2.404163
20
14.345837
30
0.0
11
2.185478
21
14.145449
31
0.0
0
LINE
8
top
10
2.185478
20
14.145449
30
0.0
11
1.950160
21
13.964883
31
0.0
0
LINE
8
top
10
1.950160
20
13.964883
30
0.0
11
1.700000
21
13.805514
31
0.0
0
LINE
8
top
10
1.700000
20
13.805514
30
0.0
11
1.436902
21
13.668554
31
0.0
0
LINE
8
top
10
1.436902
20
13.668554
30
0.0
11
1.162868
21
13.555045
31
0.0
0
LINE
8
top
10
1.162868
20
13.555045
30
0.0
11
0.879985
21
13.465852
31
0.0
0
LINE
8
top
10
0.879985
20
13.465852
30
0.0
11
0.590404
21
13.401654
31
0.0
0
LINE
8
top
10
0.590404
20
13.401654
30
0.0
11
0.296330
21
13.362938
31
0.0
0
LINE
8
top
10
0.296330
20
13.362938
30
0.0
11
0.0
21
13.350000
31
0.0
0
LINE
8
top
10
0.0
20
13.350000
30
0.0
11
-0.296330
21
13.362938
31
0.0
0
LINE
8
top
10
-0.296330
20
13.362938
30
0.0
11
-0.590404
21
13.401654
31
0.0
0
LINE
8
top
10
-0.590404
20
13.401654
30
0.0
11
-0.879985
21
13.465852
31
0.0
0
LINE
8
top
10
-0.879985
20
13.465852
30
0.0
11
-1.162868
21
13.555045
31
0.0
0
LINE
8
top
10
-1.162868
20
13.555045
30
0.0
11
-1.436902
21
13.668554
31
0.0
0
LINE
8
top
10
-1.436902
20
13.668554
30
0.0
11
-1.700000
21
13.805514
31
0.0
0
LINE
8
top
10
-1.700000
20
13.805514
30
0.0
11
-1.950160
21
13.964883
31
0.0
0
LINE
8
top
10
-1.950160
20
13.964883
30
0.0
11
-2.185478
21
14.145449
31
0.0
0
LINE
8
top
10
-2.185478
20
14.145449
30
0.0
11
-2.404163
21
14.345837
31
0.0
0
LINE
8
top
10
-2.404163
20
14.345837
30
0.0
11
-2.604551
21
14.564522
31
0.0
0
LINE
8
top
10
-2.604551
20
14.564522
30
0.0
11
-2.785117
21
14.799840
31
0.0
0
LINE
8
top
10
-2.785117
20
14.799840
30
0.0
11
-2.944486
21
15.050000
31
0.0
0
LINE
8
top
10
-2.944486
20
15.050000
30
0.0
11
-3.081446
21
15.313098
31
0.0
0
LINE
8
top
10
-3.081446
20
15.313098
30
0.0
11
-3.194955
21
15.587132
31
0.0
0
LINE
8
top
10
-3.194955
20
15.587132
30
0.0
11
-3.284148
21
15.870015
31
0.0
0
LINE
8
top
10
-3.284148
20
15.870015
30
0.0
11
-3.348346
21
16.159596
31
0.0
0
LINE
8
top
10
-3.348346
20
16.159596
30
0.0
11
-3.387062
21
16.453670
31
0.0
0
LINE
8
top
10
-3.387062
20
16.453670
30
0.0
11
-3.400000
21
16.750000
31
0.0
0
LINE
8
top
10
-3.400000
20
16.750000
30
0.0
11
-3.387062
21
17.046330
31
0.0
0
LINE
8
top
10
-3.387062
20
17.046330
30
0.0
11
-3.348346
21
17.340404
31
0.0
0
LINE
8
top
10
-3.348346
20
17.340404
30
0.0
11
-3.284148
21
17.629985
31
0.0
0
LINE
8
top
10
-3.284148
20
17.629985
30
0.0
11
-3.194955
21
17.912868
31
0.0
0
LINE
8
top
10
-3.194955
20
17.912868
30
0.0
11
-3.081446
21
18.186902
31
0.0
0
LINE
8
top
10
-3.081446
20
18.186902
30
0.0
11
-2.944486
21
18.450000
31
0.0
0
LINE
8
top
10
-2.944486
20
18.450000
30
0.0
11
-2.785117
21
18.700160
31
0.0
0
LINE
8
top
10
-2.785117
20
18.700160
30
0.0
11
-2.604551
21
18.935478
31
0.0
0
LINE
8
top
10
-2.604551
20
18.935478
30
0.0
11
-2.404163
21
19.154163
31
0.0
0
LINE
8
top
10
-2.404163
20
19.154163
30
0.0
11
-2.185478
21
19.354551
31
0.0
0
LINE
8
top
10
-2.185478
20
19.354551
30
0.0
11
-1.950160
21
19.535117
31
0.0
0
LINE
8
top
10
-1.950160
20
19.535117
30
0.0
11
-1.700000
21
19.694486
31
0.0
0
LINE
8
top
10
-1.700000
20
19.694486
30
0.0
11
-1.436902
21
19.831446
31
0.0
0
LINE
8
top
10
-1.436902
20
19.831446
30
0.0
11
-1.162868
21
19.944955
31
0.0
0
LINE
8
top
10
-1.162868
20
19.944955
30
0.0
11
-0.879985
21
20.034148
31
0.0
0
LINE
8
top
10
-0.879985
20
20.034148
30
0.0
11
-0.590404
21
20.098346
31
0.0
0
LINE
8
top
10
-0.590404
20
20.098346
30
0.0
11
-0.296330
21
20.137062
31
0.0
0
LINE
8
top
10
-0.296330
20
20.137062
30
0.0
11
0.0
21
20.150000
31
0.0
0
LINE
8
top
10
0.0
20
20.150000
30
0.0
11
0.296330
21
20.137062
31
0.0
0
LINE
8
top
10
0.296330
20
20.137062
30
0.0
11
0.590404
21
20.098346
31
0.0
0
LINE
8
top
10
0.590404
20
20.098346
30
0.0
11
0.879985
21
20.034148
31
0.0
0
LINE
8
top
10
0.879985
20
20.034148
30
0.0
11
1.162868
21
19.944955
31
0.0
0
LINE
8
top
10
1.162868
20
19.944955
30
0.0
11
1.436902
21
19.831446
31
0.0
0
LINE
8
top
10
1.436902
20
19.831446
30
0.0
11
1.700000
21
19.694486
31
0.0
0
LINE
8
top
10
1.700000
20
19.694486
30
0.0
11
1.950160
21
19.535117
31
0.0
0
LINE
8
top
10
1.950160
20
19.535117
30
0.0
11
2.185478
21
19.354551
31
0.0
0
LINE
8
top
10
2.185478
20
19.354551
30
0.0
11
2.404163
21
19.154163
31
0.0
0
LINE
8
top
10
2.404163
20
19.154163
30
0.0
11
2.604551
21
18.935478
31
0.0
0
LINE
8
top
10
2.604551
20
18.935478
30
0.0
11
2.785117
21
18.700160
31
0.0
0
LINE
8
top
10
2.785117
20
18.700160
30
0.0
11
2.944486
21
18.450000
31
0.0
0
LINE
8
top
10
2.944486
20
18.450000
30
0.0
11
3.081446
21
18.186902
31
0.0
0
LINE
8
top
10
3.081446
20
18.186902
30
0.0
11
3.194955
21
17.912868
31
0.0
0
LINE
8
top
10
3.194955
20
17.912868
30
0.0
11
3.284148
21
17.629985
31
0.0
0
LINE
8
top
10
3.284148
20
17.629985
30
0.0
11
3.348346
21
17.340404
31
0.0
0
LINE
8
top
10
3.348346
20
17.340404
30
0.0
11
3.387062
21
17.046330
31
0.0
0
LINE
8
top
10
3.387062
20
17.046330
30
0.0
11
3.400000
21
16.750000
31
0.0
0
LINE
8
right
10
80.055202
20
-3.000000
30
0.0
11
80.351531
21
-3.000000
31
0.0
0
LINE
8
right
10
80.351531
20
-3.000000
30
0.0
11
80.645606
21
-3.000000
31
0.0
0
LINE
8
right
10
80.645606
20
-3.000000
30
0.0
11
80.935187
21
-3.000000
31
0.0
0
LINE
8
right
10
80.935187
20
-3.000000
30
0.0
11
81.218070
21
-3.000000
31
0.0
0
LINE
8
right
10
81.218070
20
-3.000000
30
0.0
11
81.492104
21
-3.000000
31
0.0
0
LINE
8
right
10
81.492104
20
-3.000000
30
0.0
11
81.755202
21
-3.000000
31
0.0
0
LINE
8
right
10
81.755202
20
-3.000000
30
0.0
11
82.005362
21
-3.000000
31
0.0
0
LINE
8
right
10
82.005362
20
-3.000000
30
0.0
11
82.240680
21
-3.000000
31
0.0
0
LINE
8
right
10
82.240680
20
-3.000000
30
0.0
11
82.459365
21
-3.000000
31
0.0
0
LINE
8
right
10
82.459365
20
-3.000000
30
0.0
11
82.659753
21
-3.000000
31
0.0
0
LINE
8
right
10
82.659753
20
-3.000000
30
0.0
11
82.840319
21
-3.000000
31
0.0
0
LINE
8
right
10
82.840319
20
-3.000000
30
0.0
11
82.999688
21
-3.000000
31
0.0
0
LINE
8
right
10
82.999688
20
-3.000000
30
0.0
11
83.136648
21
-3.000000
31
0.0
0
LINE
8
right
10
83.136648
20
-3.000000
30
0.0
11
83.250157
21
-3.000000
31
0.0
0
LINE
8
right
10
83.250157
20
-3.000000
30
0.0
11
83.339350
21
-3.000000
31
0.0
0
LINE
8
right
10
83.339350
20
-3.000000
30
0.0
11
83.403548
21
-3.000000
31
0.0
0
LINE
8
right
10
83.403548
20
-3.000000
30
0.0
11
83.442264
21
-3.000000
31
0.0
0
LINE
8
right
10
83.442264
20
-3.000000
30
0.0
11
83.455202
21
-3.000000
31
0.0
0
LINE
8
right
10
83.455202
20
-3.000000
30
0.0
11
83.442264
21
-3.000000
31
0.0
0
LINE
8
right
10
83.442264
20
-3.000000
30
0.0
11
83.403548
21
-3.000000
31
0.0
0
LINE
8
right
10
83.403548
20
-3.000000
30
0.0
11
83.339350
21
-3.000000
31
0.0
0
LINE
8
right
10
83.339350
20
-3.000000
30
0.0
11
83.250157
21
-3.000000
31
0.0
0
LINE
8
right
10
83.250157
20
-3.000000
30
0.0
11
83.136648
21
-3.000000
31
0.0
0
LINE
8
right
10
83.136648
20
-3.000000
30
0.0
11
82.999688
21
-3.000000
31
0.0
0
LINE
8
right
10
82.999688
20
-3.000000
30
0.0
11
82.840319
21
-3.000000
31
0.0
0
LINE
8
right
10
82.840319
20
-3.000000
30
0.0
11
82.659753
21
-3.000000
31
0.0
0
LINE
8
right
10
82.659753
20
-3.000000
30
0.0
11
82.459365
21
-3.000000
31
0.0
0
LINE
8
right
10
82.459365
20
-3.000000
30
0.0
11
82.240680
21
-3.000000
31
0.0
0
LINE
8
right
10
82.240680
20
-3.000000
30
0.0
11
82.005362
21
-3.000000
31
0.0
0
LINE
8
right
10
82.005362
20
-3.000000
30
0.0
11
81.755202
21
-3.000000
31
0.0
0
LINE
8
right
10
81.755202
20
-3.000000
30
0.0
11
81.492104
21
-3.000000
31
0.0
0
LINE
8
right
10
81.492104
20
-3.000000
30
0.0
11
81.218070
21
-3.000000
31
0.0
0
LINE
8
right
10
81.218070
20
-3.000000
30
0.0
11
80.935187
21
-3.000000
31
0.0
0
LINE
8
right
10
80.935187
20
-3.000000
30
0.0
11
80.645606
21
-3.000000
31
0.0
0
LINE
8
right
10
80.645606
20
-3.000000
30
0.0
11
80.351531
21
-3.000000
31
0.0
0
LINE
8
right
10
80.351531
20
-3.000000
30
0.0
11
80.055202
21
-3.000000
31
0.0
0
LINE
8
right
10
80.055202
20
-3.000000
30
0.0
11
79.758872
21
-3.000000
31
0.0
0
LINE
8
right
10
79.758872
20
-3.000000
30
0.0
11
79.464798
21
-3.000000
31
0.0
0
LINE
8
right
10
79.464798
20
-3.000000
30
0.0
11
79.175217
21
-3.000000
31
0.0
0
LINE
8
right
10
79.175217
20
-3.000000
30
0.0
11
78.892333
21
-3.000000
31
0.0
0
LINE
8
right
10
78.892333
20
-3.000000
30
0.0
11
78.618300
21
-3.000000
31
0.0
0
LINE
8
right
10
78.618300
20
-3.000000
30
0.0
11
78.355202
21
-3.000000
31
0.0
0
LINE
8
right
10
78.355202
20
-3.000000
30
0.0
11
78.105042
21
-3.000000
31
0.0
0
LINE
8
right
10
78.105042
20
-3.000000
30
0.0
11
77.869724
21
-3.000000
31
0.0
0
LINE
8
right
10
77.869724
20
-3.000000
30
0.0
11
77.651039
21
-3.000000
31
0.0
0
LINE
8
right
10
77.651039
20
-3.000000
30
0.0
11
77.450651
21
-3.000000
31
0.0
0
LINE
8
right
10
77.450651
20
-3.000000
30
0.0
11
77.270085
21
-3.000000
31
0.0
0
LINE
8
right
10
77.270085
20
-3.000000
30
0.0
11
77.110716
21
-3.000000
31
0.0
0
LINE
8
right
10
77.110716
20
-3.000000
30
0.0
11
76.973755
21
-3.000000
31
0.0
0
LINE
8
right
10
76.973755
20
-3.000000
30
0.0
11
76.860247
21
-3.000000
31
0.0
0
LINE
8
right
10
76.860247
20
-3.000000
30
0.0
11
76.771054
21
-3.000000
31
0.0
0
LINE
8
right
10
76.771054
20
-3.000000
30
0.0
11
76.706856
21
-3.000000
31
0.0
0
LINE
8
right
10
76.706856
20
-3.000000
30
0.0
11
76.668140
21
-3.000000
31
0.0
0
LINE
8
right
10
76.668140
20
-3.000000
30
0.0
11
76.655202
21
-3.000000
31
0.0
0
LINE
8
right
10
76.655202
20
-3.000000
30
0.0
11
76.668140
21
-3.000000
31
0.0
0
LINE
8
right
10
76.668140
20
-3.000000
30
0.0
11
76.706856
21
-3.000000
31
0.0
0
LINE
8
right
10
76.706856
20
-3.000000
30
0.0
11
76.771054
21
-3.000000
31
0.0
0
LINE
8
right
10
76.771054
20
-3.000000
30
0.0
11
76.860247
21
-3.000000
31
0.0
0
LINE
8
right
10
76.860247
20
-3.000000
30
0.0
11
76.973755
21
-3.000000
31
0.0
0
LINE
8
right
10
76.973755
20
-3.000000
30
0.0
11
77.110716
21
-3.000000
31
0.0
0
LINE
8
right
10
77.110716
20
-3.000000
30
0.0
11
77.270085
21
-3.000000
31
0.0
0
LINE
8
right
10
77.270085
20
-3.000000
30
0.0
11
77.450651
21
-3.000000
31
0.0
0
LINE
8
right
10
77.450651
20
-3.000000
30
0.0
11
77.651039
21
-3.000000
31
0.0
0
LINE
8
right
10
77.651039
20
-3.000000
30
0.0
11
77.869724
21
-3.000000
31
0.0
0
LINE
8
right
10
77.869724
20
-3.000000
30
0.0
11
78.105042
21
-3.000000
31
0.0
0
LINE
8
right
10
78.105042
20
-3.000000
30
0.0
11
78.355202
21
-3.000000
31
0.0
0
LINE
8
right
10
78.355202
20
-3.000000
30
0.0
11
78.618300
21
-3.000000
31
0.0
0
LINE
8
right
10
78.618300
20
-3.000000
30
0.0
11
78.892333
21
-3.000000
31
0.0
0
LINE
8
right
10
78.892333
20
-3.000000
30
0.0
11
79.175217
21
-3.000000
31
0.0
0
LINE
8
right
10
79.175217
20
-3.000000
30
0.0
11
79.464798
21
-3.000000
31
0.0
0
LINE
8
right
10
79.464798
20
-3.000000
30
0.0
11
79.758872
21
-3.000000
31
0.0
0
LINE
8
right
10
79.758872
20
-3.000000
30
0.0
11
80.055202
21
-3.000000
31
0.0
0
LINE
8
front
10
-3.400000
20
-3.000000
30
0.0
11
-3.400000
21
0.175000
31
0.0
0
LINE
8
top
10
-3.400000
20
16.750000
30
0.0
11
-3.400000
21
16.750000
31
0.0
0
LINE
8
right
10
80.055202
20
-3.000000
30
0.0
11
80.055202
21
0.175000
31
0.0
0
LINE
8
front
10
3.400000
20
0.175000
30
0.0
11
3.387062
21
0.175000
31
0.0
0
LINE
8
front
10
3.387062
20
0.175000
30
0.0
11
3.348346
21
0.175000
31
0.0
0
LINE
8
front
10
3.348346
20
0.175000
30
0.0
11
3.284148
21
0.175000
31
0.0
0
LINE
8
front
10
3.284148
20
0.175000
30
0.0
11
3.194955
21
0.175000
31
0.0
0
LINE
8
front
10
3.194955
20
0.175000
30
0.0
11
3.081446
21
0.175000
31
0.0
0
LINE
8
front
10
3.081446
20
0.175000
30
0.0
11
2.944486
21
0.175000
31
0.0
0
LINE
8
front
10
2.944486
20
0.175000
30
0.0
11
2.785117
21
0.175000
31
0.0
0
LINE
8
front
10
2.785117
20
0.175000
30
0.0
11
2.604551
21
0.175000
31
0.0
0
LINE
8
front
10
2.604551
20
0.175000
30
0.0
11
2.404163
21
0.175000
31
0.0
0
LINE
8
front
10
2.404163
20
0.175000
30
0.0
11
2.185478
21
0.175000
31
0.0
0
LINE
8
front
10
2.185478
20
0.175000
30
0.0
11
1.950160
21
0.175000
31
0.0
0
LINE
8
front
10
1.950160
20
0.175000
30
0.0
11
1.700000
21
0.175000
31
0.0
0
LINE
8
front
10
1.700000
20
0.175000
30
0.0
11
1.436902
21
0.175000
31
0.0
0
LINE
8
front
10
1.436902
20
0.175000
30
0.0
11
1.162868
21
0.175000
31
0.0
0
LINE
8
front
10
1.162868
20
0.175000
30
0.0
11
0.879985
21
0.175000
31
0.0
0
LINE
8
front
10
0.879985
20
0.175000
30
0.0
11
0.590404
21
0.175000
31
0.0
0
LINE
8
front
10
0.590404
20
0.175000
30
0.0
11
0.296330
21
0.175000
31
0.0
0
LINE
8
front
10
0.296330
20
0.175000
30
0.0
11
0.0
21
0.175000
31
0.0
0
LINE
8
front
10
0.0
20
0.175000
30
0.0
11
-0.296330
21
0.175000
31
0.0
0
LINE
8
front
10
-0.296330
20
0.175000
30
0.0
11
-0.590404
21
0.175000
31
0.0
0
LINE
8
front
10
-0.590404
20
0.175000
30
0.0
11
-0.879985
21
0.175000
31
0.0
0
LINE
8
front
10
-0.879985
20
0.175000
30
0.0
11
-1.162868
21
0.175000
31
0.0
0
LINE
8
front
10
-1.162868
20
0.175000
30
0.0
11
-1.436902
21
0.175000
31
0.0
0
LINE
8
front
10
-1.436902
20
0.175000
30
0.0
11
-1.700000
21
0.175000
31
0.0
0
LINE
8
front
10
-1.700000
20
0.175000
30
0.0
11
-1.950160
21
0.175000
31
0.0
0
LINE
8
front
10
-1.950160
20
0.175000
30
0.0
11
-2.185478
21
0.175000
31
0.0
0
LINE
8
front
10
-2.185478
20
0.175000
30
0.0
11
-2.404163
21
0.175000
31
0.0
0
LINE
8
front
10
-2.404163
20
0.175000
30
0.0
11
-2.604551
21
0.175000
31
0.0
0
LINE
8
front
10
-2.604551
20
0.175000
30
0.0
11
-2.785117
21
0.175000
31
0.0
0
LINE
8
front
10
-2.785117
20
0.175000
30
0.0
11
-2.944486
21
0.175000
31
0.0
0
LINE
8
front
10
-2.944486
20
0.175000
30
0.0
11
-3.081446
21
0.175000
31
0.0
0
LINE
8
front
10
-3.081446
20
0.175000
30
0.0
11
-3.194955
21
0.175000
31
0.0
0
LINE
8
front
10
-3.194955
20
0.175000
30
0.0
11
-3.284148
21
0.175000
31
0.0
0
LINE
8
front
10
-3.284148
20
0.175000
30
0.0
11
-3.348346
21
0.175000
31
0.0
0
LINE
8
front
10
-3.348346
20
0.175000
30
0.0
11
-3.387062
21
0.175000
31
0.0
0
LINE
8
front
10
-3.387062
20
0.175000
30
0.0
11
-3.400000
21
0.175000
31
0.0
0
LINE
8
front
10
-3.400000
20
0.175000
30
0.0
11
-3.387062
21
0.175000
31
0.0
0
LINE
8
front
10
-3.387062
20
0.175000
30
0.0
11
-3.348346
21
0.175000
31
0.0
0
LINE
8
front
10
-3.348346
20
0.175000
30
0.0
11
-3.284148
21
0.175000
31
0.0
0
LINE
8
front
10
-3.284148
20
0.175000
30
0.0
11
-3.194955
21
0.175000
31
0.0
0
LINE
8
front
10
-3.194955
20
0.175000
30
0.0
11
-3.081446
21
0.175000
31
0.0
0
LINE
8
front
10
-3.081446
20
0.175000
30
0.0
11
-2.944486
21
0.175000
31
0.0
0
LINE
8
front
10
-2.944486
20
0.175000
30
0.0
11
-2.785117
21
0.175000
31
0.0
0
LINE
8
front
10
-2.785117
20
0.175000
30
0.0
11
-2.604551
21
0.175000
31
0.0
0
LINE
8
front
10
-2.604551
20
0.175000
30
0.0
11
-2.404163
21
0.175000
31
0.0
0
LINE
8
front
10
-2.404163
20
0.175000
30
0.0
11
-2.185478
21
0.175000
31
0.0
0
LINE
8
front
10
-2.185478
20
0.175000
30
0.0
11
-1.950160
21
0.175000
31
0.0
0
LINE
8
front
10
-1.950160
20
0.175000
30
0.0
11
-1.700000
21
0.175000
31
0.0
0
LINE
8
front
10
-1.700000
20
0.175000
30
0.0
11
-1.436902
21
0.175000
31
0.0
0
LINE
8
front
10
-1.436902
20
0.175000
30
0.0
11
-1.162868
21
0.175000
31
0.0
0
LINE
8
front
10
-1.162868
20
0.175000
30
0.0
11
-0.879985
21
0.175000
31
0.0
0
LINE
8
front
10
-0.879985
20
0.175000
30
0.0
11
-0.590404
21
0.175000
31
0.0
0
LINE
8
front
10
-0.590404
20
0.175000
30
0.0
11
-0.296330
21
0.175000
31
0.0
0
LINE
8
front
10
-0.296330
20
0.175000
30
0.0
11
0.0
21
0.175000
31
0.0
0
LINE
8
front
10
0.0
20
0.175000
30
0.0
11
0.296330
21
0.175000
31
0.0
0
LINE
8
front
10
0.296330
20
0.175000
30
0.0
11
0.590404
21
0.175000
31
0.0
0
LINE
8
front
10
0.590404
20
0.175000
30
0.0
11
0.879985
21
0.175000
31
0.0
0
LINE
8
front
10
0.879985
20
0.175000
30
0.0
11
1.162868
21
0.175000
31
0.0
0
LINE
8
front
10
1.162868
20
0.175000
30
0.0
11
1.436902
21
0.175000
31
0.0
0
LINE
8
front
10
1.436902
20
0.175000
30
0.0
11
1.700000
21
0.175000
31
0.0
0
LINE
8
front
10
1.700000
20
0.175000
30
0.0
11
1.950160
21
0.175000
31
0.0
0
LINE
8
front
10
1.950160
20
0.175000
30
0.0
11
2.185478
21
0.175000
31
0.0
0
LINE
8
front
10
2.185478
20
0.175000
30
0.0
11
2.404163
21
0.175000
31
0.0
0
LINE
8
front
10
2.404163
20
0.175000
30
0.0
11
2.604551
21
0.175000
31
0.0
0
LINE
8
front
10
2.604551
20
0.175000
30
0.0
11
2.785117
21
0.175000
31
0.0
0
LINE
8
front
10
2.785117
20
0.175000
30
0.0
11
2.944486
21
0.175000
31
0.0
0
LINE
8
front
10
2.944486
20
0.175000
30
0.0
11
3.081446
21
0.175000
31
0.0
0
LINE
8
front
10
3.081446
20
0.175000
30
0.0
11
3.194955
21
0.175000
31
0.0
0
LINE
8
front
10
3.194955
20
0.175000
30
0.0
11
3.284148
21
0.175000
31
0.0
0
LINE
8
front
10
3.284148
20
0.175000
30
0.0
11
3.348346
21
0.175000
31
0.0
0
LINE
8
front
10
3.348346
20
0.175000
30
0.0
11
3.387062
21
0.175000
31
0.0
0
LINE
8
front
10
3.387062
20
0.175000
30
0.0
11
3.400000
21
0.175000
31
0.0
0
LINE
8
top
10
3.400000
20
16.750000
30
0.0
11
3.387062
21
16.453670
31
0.0
0
LINE
8
top
10
3.387062
20
16.453670
30
0.0
11
3.348346
21
16.159596
31
0.0
0
LINE
8
top
10
3.348346
20
16.159596
30
0.0
11
3.284148
21
15.870015
31
0.0
0
LINE
8
top
10
3.284148
20
15.870015
30
0.0
11
3.194955
21
15.587132
31
0.0
0
LINE
8
top
10
3.194955
20
15.587132
30
0.0
11
3.081446
21
15.313098
31
0.0
0
LINE
8
top
10
3.081446
20
15.313098
30
0.0
11
2.944486
21
15.050000
31
0.0
0
LINE
8
top
10
2.944486
20
15.050000
30
0.0
11
2.785117
21
14.799840
31
0.0
0
LINE
8
top
10
2.785117
20
14.799840
30
0.0
11
2.604551
21
14.564522
31
0.0
0
LINE
8
top
10
2.604551
20
14.564522
30
0.0
11
2.404163
21
14.345837
31
0.0
0
LINE
8
top
10
2.404163
20
14.345837
30
0.0
11
2.185478
21
14.145449
31
0.0
0
LINE
8
top
10
2.185478
20
14.145449
30
0.0
11
1.950160
21
13.964883
31
0.0
0
LINE
8
top
10
1.950160
20
13.964883
30
0.0
11
1.700000
21
13.805514
31
0.0
0
LINE
8
top
10
1.700000
20
13.805514
30
0.0
11
1.436902
21
13.668554
31
0.0
0
LINE
8
top
10
1.436902
20
13.668554
30
0.0
11
1.162868
21
13.555045
31
0.0
0
LINE
8
top
10
1.162868
20
13.555045
30
0.0
11
0.879985
21
13.465852
31
0.0
0
LINE
8
top
10
0.879985
20
13.465852
30
0.0
11
0.590404
21
13.401654
31
0.0
0
LINE
8
top
10
0.590404
20
13.401654
30
0.0
11
0.296330
21
13.362938
31
0.0
0
LINE
8
top
10
0.296330
20
13.362938
30
0.0
11
0.0
21
13.350000
31
0.0
0
LINE
8
top
10
0.0
20
13.350000
30
0.0
11
-0.296330
21
13.362938
31
0.0
0
LINE
8
top
10
-0.296330
20
13.362938
30
0.0
11
-0.590404
21
13.401654
31
0.0
0
LINE
8
top
10
-0.590404
20
13.401654
30
0.0
11
-0.879985
21
13.465852
31
0.0
0
LINE
8
top
10
-0.879985
20
13.465852
30
0.0
11
-1.162868
21
13.555045
31
0.0
0
LINE
8
top
10
-1.162868
20
13.555045
30
0.0
11
-1.436902
21
13.668554
31
0.0
0
LINE
8
top
10
-1.436902
20
13.668554
30
0.0
11
-1.700000
21
13.805514
31
0.0
0
LINE
8
top
10
-1.700000
20
13.805514
30
0.0
11
-1.950160
21
13.964883
31
0.0
0
LINE
8
top
10
-1.950160
20
13.964883
30
0.0
11
-2.185478
21
14.145449
31
0.0
0
LINE
8
top
10
-2.185478
20
14.145449
30
0.0
11
-2.404163
21
14.345837
31
0.0
0
LINE
8
top
10
-2.404163
20
14.345837
30
0.0
11
-2.604551
21
14.564522
31
0.0
0
LINE
8
top
10
-2.604551
20
14.564522
30
0.0
11
-2.785117
21
14.799840
31
0.0
0
LINE
8
top
10
-2.785117
20
14.799840
30
0.0
11
-2.944486
21
15.050000
31
0.0
0
LINE
8
top
10
-2.944486
20
15.050000
30
0.0
11
-3.081446
21
15.313098
31
0.0
0
LINE
8
top
10
-3.081446
20
15.313098
30
0.0
11
-3.194955
21
15.587132
31
0.0
0
LINE
8
top
10
-3.194955
20
15.587132
30
0.0
11
-3.284148
21
15.870015
31
0.0
0
LINE
8
top
10
-3.284148
20
15.870015
30
0.0
11
-3.348346
21
16.159596
31
0.0
0
LINE
8
top
10
-3.348346
20
16.159596
30
0.0
11
-3.387062
21
16.453670
31
0.0
0
LINE
8
top
10
-3.387062
20
16.453670
30
0.0
11
-3.400000
21
16.750000
31
0.0
0
LINE
8
top
10
-3.400000
20
16.750000
30
0.0
11
-3.387062
21
17.046330
31
0.0
0
LINE
8
top
10
-3.387062
20
17.046330
30
0.0
11
-3.348346
21
17.340404
31
0.0
0
LINE
8
top
10
-3.348346
20
17.340404
30
0.0
11
-3.284148
21
17.629985
31
0.0
0
LINE
8
top
10
-3.284148
20
17.629985
30
0.0
11
-3.194955
21
17.912868
31
0.0
0
LINE
8
top
10
-3.194955
20
17.912868
30
0.0
11
-3.081446
21
18.186902
31
0.0
0
LINE
8
top
10
-3.081446
20
18.186902
30
0.0
11
-2.944486
21
18.450000
31
0.0
0
LINE
8
top
10
-2.944486
20
18.450000
30
0.0
11
-2.785117
21
18.700160
31
0.0
0
LINE
8
top
10
-2.785117
20
18.700160
30
0.0
11
-2.604551
21
18.935478
31
0.0
0
LINE
8
top
10
-2.604551
20
18.935478
30
0.0
11
-2.404163
21
19.154163
31
0.0
0
LINE
8
top
10
-2.404163
20
19.154163
30
0.0
11
-2.185478
21
19.354551
31
0.0
0
LINE
8
top
10
-2.185478
20
19.354551
30
0.0
11
-1.950160
21
19.535117
31
0.0
0
LINE
8
top
10
-1.950160
20
19.535117
30
0.0
11
-1.700000
21
19.694486
31
0.0
0
LINE
8
top
10
-1.700000
20
19.694486
30
0.0
11
-1.436902
21
19.831446
31
0.0
0
LINE
8
top
10
-1.436902
20
19.831446
30
0.0
11
-1.162868
21
19.944955
31
0.0
0
LINE
8
top
10
-1.162868
20
19.944955
30
0.0
11
-0.879985
21
20.034148
31
0.0
0
LINE
8
top
10
-0.879985
20
20.034148
30
0.0
11
-0.590404
21
20.098346
31
0.0
0
LINE
8
top
10
-0.590404
20
20.098346
30
0.0
11
-0.296330
21
20.137062
31
0.0
0
LINE
8
top
10
-0.296330
20
20.137062
30
0.0
11
0.0
21
20.150000
31
0.0
0
LINE
8
top
10
0.0
20
20.150000
30
0.0
11
0.296330
21
20.137062
31
0.0
0
LINE
8
top
10
0.296330
20
20.137062
30
0.0
11
0.590404
21
20.098346
31
0.0
0
LINE
8
top
10
0.590404
20
20.098346
30
0.0
11
0.879985
21
20.034148
31
0.0
0
LINE
8
top
10
0.879985
20
20.034148
30
0.0
11
1.162868
21
19.944955
31
0.0
0
LINE
8
top
10
1.162868
20
19.944955
30
0.0
11
1.436902
21
19.831446
31
0.0
0
LINE
8
top
10
1.436902
20
19.831446
30
0.0
11
1.700000
21
19.694486
31
0.0
0
LINE
8
top
10
1.700000
20
19.694486
30
0.0
11
1.950160
21
19.535117
31
0.0
0
LINE
8
top
10
1.950160
20
19.535117
30
0.0
11
2.185478
21
19.354551
31
0.0
0
LINE
8
top
10
2.185478
20
19.354551
30
0.0
11
2.404163
21
19.154163
31
0.0
0
LINE
8
top
10
2.404163
20
19.154163
30
0.0
11
2.604551
21
18.935478
31
0.0
0
LINE
8
top
10
2.604551
20
18.935478
30
0.0
11
2.785117
21
18.700160
31
0.0
0
LINE
8
top
10
2.785117
20
18.700160
30
0.0
11
2.944486
21
18.450000
31
0.0
0
LINE
8
top
10
2.944486
20
18.450000
30
0.0
11
3.081446
21
18.186902
31
0.0
0
LINE
8
top
10
3.081446
20
18.186902
30
0.0
11
3.194955
21
17.912868
31
0.0
0
LINE
8
top
10
3.194955
20
17.912868
30
0.0
11
3.284148
21
17.629985
31
0.0
0
LINE
8
top
10
3.284148
20
17.629985
30
0.0
11
3.348346
21
17.340404
31
0.0
0
LINE
8
top
10
3.348346
20
17.340404
30
0.0
11
3.387062
21
17.046330
31
0.0
0
LINE
8
top
10
3.387062
20
17.046330
30
0.0
11
3.400000
21
16.750000
31
0.0
0
LINE
8
right
10
80.055202
20
0.175000
30
0.0
11
80.351531
21
0.175000
31
0.0
0
LINE
8
right
10
80.351531
20
0.175000
30
0.0
11
80.645606
21
0.175000
31
0.0
0
LINE
8
right
10
80.645606
20
0.175000
30
0.0
11
80.935187
21
0.175000
31
0.0
0
LINE
8
right
10
80.935187
20
0.175000
30
0.0
11
81.218070
21
0.175000
31
0.0
0
LINE
8
right
10
81.218070
20
0.175000
30
0.0
11
81.492104
21
0.175000
31
0.0
0
LINE
8
right
10
81.492104
20
0.175000
30
0.0
11
81.755202
21
0.175000
31
0.0
0
LINE
8
right
10
81.755202
20
0.175000
30
0.0
11
82.005362
21
0.175000
31
0.0
0
LINE
8
right
10
82.005362
20
0.175000
30
0.0
11
82.240680
21
0.175000
31
0.0
0
LINE
8
right
10
82.240680
20
0.175000
30
0.0
11
82.459365
21
0.175000
31
0.0
0
LINE
8
right
10
82.459365
20
0.175000
30
0.0
11
82.659753
21
0.175000
31
0.0
0
LINE
8
right
10
82.659753
20
0.175000
30
0.0
11
82.840319
21
0.175000
31
0.0
0
LINE
8
right
10
82.840319
20
0.175000
30
0.0
11
82.999688
21
0.175000
31
0.0
0
LINE
8
right
10
82.999688
20
0.175000
30
0.0
11
83.136648
21
0.175000
31
0.0
0
LINE
8
right
10
83.136648
20
0.175000
30
0.0
11
83.250157
21
0.175000
31
0.0
0
LINE
8
right
10
83.250157
20
0.175000
30
0.0
11
83.339350
21
0.175000
31
0.0
0
LINE
8
right
10
83.339350
20
0.175000
30
0.0
11
83.403548
21
0.175000
31
0.0
0
LINE
8
right
10
83.403548
20
0.175000
30
0.0
11
83.442264
21
0.175000
31
0.0
0
LINE
8
right
10
83.442264
20
0.175000
30
0.0
11
83.455202
21
0.175000
31
0.0
0
LINE
8
right
10
83.455202
20
0.175000
30
0.0
11
83.442264
21
0.175000
31
0.0
0
LINE
8
right
10
83.442264
20
0.175000
30
0.0
11
83.403548
21
0.175000
31
0.0
0
LINE
8
right
10
83.403548
20
0.175000
30
0.0
11
83.339350
21
0.175000
31
0.0
0
LINE
8
right
10
83.339350
20
0.175000
30
0.0
11
83.250157
21
0.175000
31
0.0
0
LINE
8
right
10
83.250157
20
0.175000
30
0.0
11
83.136648
21
0.175000
31
0.0
0
LINE
8
right
10
83.136648
20
0.175000
30
0.0
11
82.999688
21
0.175000
31
0.0
0
LINE
8
right
10
82.999688
20
0.175000
30
0.0
11
82.840319
21
0.175000
31
0.0
0
LINE
8
right
10
82.840319
20
0.175000
30
0.0
11
82.659753
21
0.175000
31
0.0
0
LINE
8
right
10
82.659753
20
0.175000
30
0.0
11
82.459365
21
0.175000
31
0.0
0
LINE
8
right
10
82.459365
20
0.175000
30
0.0
11
82.240680
21
0.175000
31
0.0
0
LINE
8
right
10
82.240680
20
0.175000
30
0.0
11
82.005362
21
0.175000
31
0.0
0
LINE
8
right
10
82.005362
20
0.175000
30
0.0
11
81.755202
21
0.175000
31
0.0
0
LINE
8
right
10
81.755202
20
0.175000
30
0.0
11
81.492104
21
0.175000
31
0.0
0
LINE
8
right
10
81.492104
20
0.175000
30
0.0
11
81.218070
21
0.175000
31
0.0
0
LINE
8
right
10
81.218070
20
0.175000
30
0.0
11
80.935187
21
0.175000
31
0.0
0
LINE
8
right
10
80.935187
20
0.175000
30
0.0
11
80.645606
21
0.175000
31
0.0
0
LINE
8
right
10
80.645606
20
0.175000
30
0.0
11
80.351531
21
0.175000
31
0.0
0
LINE
8
right
10
80.351531
20
0.175000
30
0.0
11
80.055202
21
0.175000
31
0.0
0
LINE
8
right
10
80.055202
20
0.175000
30
0.0
11
79.758872
21
0.175000
31
0.0
0
LINE
8
right
10
79.758872
20
0.175000
30
0.0
11
79.464798
21
0.175000
31
0.0
0
LINE
8
right
10
79.464798
20
0.175000
30
0.0
11
79.175217
21
0.175000
31
0.0
0
LINE
8
right
10
79.175217
20
0.175000
30
0.0
11
78.892333
21
0.175000
31
0.0
0
LINE
8
right
10
78.892333
20
0.175000
30
0.0
11
78.618300
21
0.175000
31
0.0
0
LINE
8
right
10
78.618300
20
0.175000
30
0.0
11
78.355202
21
0.175000
31
0.0
0
LINE
8
right
10
78.355202
20
0.175000
30
0.0
11
78.105042
21
0.175000
31
0.0
0
LINE
8
right
10
78.105042
20
0.175000
30
0.0
11
77.869724
21
0.175000
31
0.0
0
LINE
8
right
10
77.869724
20
0.175000
30
0.0
11
77.651039
21
0.175000
31
0.0
0
LINE
8
right
10
77.651039
20
0.175000
30
0.0
11
77.450651
21
0.175000
31
0.0
0
LINE
8
right
10
77.450651
20
0.175000
30
0.0
11
77.270085
21
0.175000
31
0.0
0
LINE
8
right
10
77.270085
20
0.175000
30
0.0
11
77.110716
21
0.175000
31
0.0
0
LINE
8
right
10
77.110716
20
0.175000
30
0.0
11
76.973755
21
0.175000
31
0.0
0
LINE
8
right
10
76.973755
20
0.175000
30
0.0
11
76.860247
21
0.175000
31
0.0
0
LINE
8
right
10
76.860247
20
0.175000
30
0.0
11
76.771054
21
0.175000
31
0.0
0
LINE
8
right
10
76.771054
20
0.175000
30
0.0
11
76.706856
21
0.175000
31
0.0
0
LINE
8
right
10
76.706856
20
0.175000
30
0.0
11
76.668140
21
0.175000
31
0.0
0
LINE
8
right
10
76.668140
20
0.175000
30
0.0
11
76.655202
21
0.175000
31
0.0
0
LINE
8
right
10
76.655202
20
0.175000
30
0.0
11
76.668140
21
0.175000
31
0.0
0
LINE
8
right
10
76.668140
20
0.175000
30
0.0
11
76.706856
21
0.175000
31
0.0
0
LINE
8
right
10
76.706856
20
0.175000
30
0.0
11
76.771054
21
0.175000
31
0.0
0
LINE
8
right
10
76.771054
20
0.175000
30
0.0
11
76.860247
21
0.175000
31
0.0
0
LINE
8
right
10
76.860247
20
0.175000
30
0.0
11
76.973755
21
0.175000
31
0.0
0
LINE
8
right
10
76.973755
20
0.175000
30
0.0
11
77.110716
21
0.175000
31
0.0
0
LINE
8
right
10
77.110716
20
0.175000
30
0.0
11
77.270085
21
0.175000
31
0.0
0
LINE
8
right
10
77.270085
20
0.175000
30
0.0
11
77.450651
21
0.175000
31
0.0
0
LINE
8
right
10
77.450651
20
0.175000
30
0.0
11
77.651039
21
0.175000
31
0.0
0
LINE
8
right
10
77.651039
20
0.175000
30
0.0
11
77.869724
21
0.175000
31
0.0
0
LINE
8
right
10
77.869724
20
0.175000
30
0.0
11
78.105042
21
0.175000
31
0.0
0
LINE
8
right
10
78.105042
20
0.175000
30
0.0
11
78.355202
21
0.175000
31
0.0
0
LINE
8
right
10
78.355202
20
0.175000
30
0.0
11
78.618300
21
0.175000
31
0.0
0
LINE
8
right
10
78.618300
20
0.175000
30
0.0
11
78.892333
21
0.175000
31
0.0
0
LINE
8
right
10
78.892333
20
0.175000
30
0.0
11
79.175217
21
0.175000
31
0.0
0
LINE
8
right
10
79.175217
20
0.175000
30
0.0
11
79.464798
21
0.175000
31
0.0
0
LINE
8
right
10
79.464798
20
0.175000
30
0.0
11
79.758872
21
0.175000
31
0.0
0
LINE
8
right
10
79.758872
20
0.175000
30
0.0
11
80.055202
21
0.175000
31
0.0
0
LINE
8
front
10
-2.000000
20
-3.000000
30
0.0
11
-4.642539
21
-3.000000
31
0.0
0
LINE
8
front
10
-4.642539
20
-3.000000
30
0.0
11
-7.267027
21
-3.000000
31
0.0
0
LINE
8
front
10
-7.267027
20
-3.000000
30
0.0
11
-9.855536
21
-3.000000
31
0.0
0
LINE
8
front
10
-9.855536
20
-3.000000
30
0.0
11
-12.390383
21
-3.000000
31
0.0
0
LINE
8
front
10
-12.390383
20
-3.000000
30
0.0
11
-14.854254
21
-3.000000
31
0.0
0
LINE
8
front
10
-14.854254
20
-3.000000
30
0.0
11
-17.230317
21
-3.000000
31
0.0
0
LINE
8
front
10
-17.230317
20
-3.000000
30
0.0
11
-19.502341
21
-3.000000
31
0.0
0
LINE
8
front
10
-19.502341
20
-3.000000
30
0.0
11
-21.654807
21
-3.000000
31
0.0
0
LINE
8
front
10
-21.654807
20
-3.000000
30
0.0
11
-23.673010
21
-3.000000
31
0.0
0
LINE
8
front
10
-23.673010
20
-3.000000
30
0.0
11
-25.543165
21
-3.000000
31
0.0
0
LINE
8
front
10
-25.543165
20
-3.000000
30
0.0
11
-27.252496
21
-3.000000
31
0.0
0
LINE
8
front
10
-27.252496
20
-3.000000
30
0.0
11
-28.789327
21
-3.000000
31
0.0
0
LINE
8
front
10
-28.789327
20
-3.000000
30
0.0
11
-30.143160
21
-3.000000
31
0.0
0
LINE
8
front
10
-30.143160
20
-3.000000
30
0.0
11
-31.304746
21
-3.000000
31
0.0
0
LINE
8
front
10
-31.304746
20
-3.000000
30
0.0
11
-32.266152
21
-3.000000
31
0.0
0
LINE
8
front
10
-32.266152
20
-3.000000
30
0.0
11
-33.020809
21
-3.000000
31
0.0
0
LINE
8
front
10
-33.020809
20
-3.000000
30
0.0
11
-33.563562
21
-3.000000
31
0.0
0
LINE
8
front
10
-33.563562
20
-3.000000
30
0.0
11
-33.890704
21
-3.000000
31
0.0
0
LINE
8
front
10
-33.890704
20
-3.000000
30
0.0
11
-34.000000
21
-3.000000
31
0.0
0
LINE
8
top
10
-2.000000
20
49.250000
30
0.0
11
-4.642539
21
49.140704
31
0.0
0
LINE
8
top
10
-4.642539
20
49.140704
30
0.0
11
-7.267027
21
48.813562
31
0.0
0
LINE
8
top
10
-7.267027
20
48.813562
30
0.0
11
-9.855536
21
48.270809
31
0.0
0
LINE
8
top
10
-9.855536
20
48.270809
30
0.0
11
-12.390383
21
47.516152
31
0.0
0
LINE
8
top
10
-12.390383
20
47.516152
30
0.0
11
-14.854254
21
46.554746
31
0.0
0
LINE
8
top
10
-14.854254
20
46.554746
30
0.0
11
-17.230317
21
45.393160
31
0.0
0
LINE
8
top
10
-17.230317
20
45.393160
30
0.0
11
-19.502341
21
44.039327
31
0.0
0
LINE
8
top
10
-19.502341
20
44.039327
30
0.0
11
-21.654807
21
42.502496
31
0.0
0
LINE
8
top
10
-21.654807
20
42.502496
30
0.0
11
-23.673010
21
40.793165
31
0.0
0
LINE
8
top
10
-23.673010
20
40.793165
30
0.0
11
-25.543165
21
38.923010
31
0.0
0
LINE
8
top
10
-25.543165
20
38.923010
30
0.0
11
-27.252496
21
36.904807
31
0.0
0
LINE
8
top
10
-27.252496
20
36.904807
30
0.0
11
-28.789327
21
34.752341
31
0.0
0
LINE
8
top
10
-28.789327
20
34.752341
30
0.0
11
-30.143160
21
32.480317
31
0.0
0
LINE
8
top
10
-30.143160
20
32.480317
30
0.0
11
-31.304746
21
30.104254
31
0.0
0
LINE
8
top
10
-31.304746
20
30.104254
30
0.0
11
-32.266152
21
27.640383
31
0.0
0
LINE
8
top
10
-32.266152
20
27.640383
30
0.0
11
-33.020809
21
25.105536
31
0.0
0
LINE
8
top
10
-33.020809
20
25.105536
30
0.0
11
-33.563562
21
22.517027
31
0.0
0
LINE
8
top
10
-33.563562
20
22.517027
30
0.0
11
-33.890704
21
19.892539
31
0.0
0
LINE
8
top
10
-33.890704
20
19.892539
30
0.0
11
-34.000000
21
17.250000
31
0.0
0
LINE
8
right
10
47.555202
20
-3.000000
30
0.0
11
47.664498
21
-3.000000
31
0.0
0
LINE
8
right
10
47.664498
20
-3.000000
30
0.0
11
47.991640
21
-3.000000
31
0.0
0
LINE
8
right
10
47.991640
20
-3.000000
30
0.0
11
48.534393
21
-3.000000
31
0.0
0
LINE
8
right
10
48.534393
20
-3.000000
30
0.0
11
49.289050
21
-3.000000
31
0.0
0
LINE
8
right
10
49.289050
20
-3.000000
30
0.0
11
50.250455
21
-3.000000
31
0.0
0
LINE
8
right
10
50.250455
20
-3.000000
30
0.0
11
51.412042
21
-3.000000
31
0.0
0
LINE
8
right
10
51.412042
20
-3.000000
30
0.0
11
52.765875
21
-3.000000
31
0.0
0
LINE
8
right
10
52.765875
20
-3.000000
30
0.0
11
54.302706
21
-3.000000
31
0.0
0
LINE
8
right
10
54.302706
20
-3.000000
30
0.0
11
56.012037
21
-3.000000
31
0.0
0
LINE
8
right
10
56.012037
20
-3.000000
30
0.0
11
57.882192
21
-3.000000
31
0.0
0
LINE
8
right
10
57.882192
20
-3.000000
30
0.0
11
59.900395
21
-3.000000
31
0.0
0
LINE
8
right
10
59.900395
20
-3.000000
30
0.0
11
62.052861
21
-3.000000
31
0.0
0
LINE
8
right
10
62.052861
20
-3.000000
30
0.0
11
64.324885
21
-3.000000
31
0.0
0
LINE
8
right
10
64.324885
20
-3.000000
30
0.0
11
66.700948
21
-3.000000
31
0.0
0
LINE
8
right
10
66.700948
20
-3.000000
30
0.0
11
69.164819
21
-3.000000
31
0.0
0
LINE
8
right
10
69.164819
20
-3.000000
30
0.0
11
71.699666
21
-3.000000
31
0.0
0
LINE
8
right
10
71.699666
20
-3.000000
30
0.0
11
74.288175
21
-3.000000
31
0.0
0
LINE
8
right
10
74.288175
20
-3.000000
30
0.0
11
76.912663
21
-3.000000
31
0.0
0
LINE
8
right
10
76.912663
20
-3.000000
30
0.0
11
79.555202
21
-3.000000
31
0.0
0
LINE
8
front
10
-34.000000
20
-3.000000
30
0.0
11
-34.000000
21
0.175000
31
0.0
0
LINE
8
top
10
-34.000000
20
17.250000
30
0.0
11
-34.000000
21
17.250000
31
0.0
0
LINE
8
right
10
79.555202
20
-3.000000
30
0.0
11
79.555202
21
0.175000
31
0.0
0
LINE
8
front
10
-34.000000
20
0.175000
30
0.0
11
-33.890704
21
0.175000
31
0.0
0
LINE
8
front
10
-33.890704
20
0.175000
30
0.0
11
-33.563562
21
0.175000
31
0.0
0
LINE
8
front
10
-33.563562
20
0.175000
30
0.0
11
-33.020809
21
0.175000
31
0.0
0
LINE
8
front
10
-33.020809
20
0.175000
30
0.0
11
-32.266152
21
0.175000
31
0.0
0
LINE
8
front
10
-32.266152
20
0.175000
30
0.0
11
-31.304746
21
0.175000
31
0.0
0
LINE
8
front
10
-31.304746
20
0.175000
30
0.0
11
-30.143160
21
0.175000
31
0.0
0
LINE
8
front
10
-30.143160
20
0.175000
30
0.0
11
-28.789327
21
0.175000
31
0.0
0
LINE
8
front
10
-28.789327
20
0.175000
30
0.0
11
-27.252496
21
0.175000
31
0.0
0
LINE
8
front
10
-27.252496
20
0.175000
30
0.0
11
-25.543165
21
0.175000
31
0.0
0
LINE
8
front
10
-25.543165
20
0.175000
30
0.0
11
-23.673010
21
0.175000
31
0.0
0
LINE
8
front
10
-23.673010
20
0.175000
30
0.0
11
-21.654807
21
0.175000
31
0.0
0
LINE
8
front
10
-21.654807
20
0.175000
30
0.0
11
-19.502341
21
0.175000
31
0.0
0
LINE
8
front
10
-19.502341
20
0.175000
30
0.0
11
-17.230317
21
0.175000
31
0.0
0
LINE
8
front
10
-17.230317
20
0.175000
30
0.0
11
-14.854254
21
0.175000
31
0.0
0
LINE
8
front
10
-14.854254
20
0.175000
30
0.0
11
-12.390383
21
0.175000
31
0.0
0
LINE
8
front
10
-12.390383
20
0.175000
30
0.0
11
-9.855536
21
0.175000
31
0.0
0
LINE
8
front
10
-9.855536
20
0.175000
30
0.0
11
-7.267027
21
0.175000
31
0.0
0
LINE
8
front
10
-7.267027
20
0.175000
30
0.0
11
-4.642539
21
0.175000
31
0.0
0
LINE
8
front
10
-4.642539
20
0.175000
30
0.0
11
-2.000000
21
0.175000
31
0.0
0
LINE
8
top
10
-34.000000
20
17.250000
30
0.0
11
-33.890704
21
19.892539
31
0.0
0
LINE
8
top
10
-33.890704
20
19.892539
30
0.0
11
-33.563562
21
22.517027
31
0.0
0
LINE
8
top
10
-33.563562
20
22.517027
30
0.0
11
-33.020809
21
25.105536
31
0.0
0
LINE
8
top
10
-33.020809
20
25.105536
30
0.0
11
-32.266152
21
27.640383
31
0.0
0
LINE
8
top
10
-32.266152
20
27.640383
30
0.0
11
-31.304746
21
30.104254
31
0.0
0
LINE
8
top
10
-31.304746
20
30.104254
30
0.0
11
-30.143160
21
32.480317
31
0.0
0
LINE
8
top
10
-30.143160
20
32.480317
30
0.0
11
-28.789327
21
34.752341
31
0.0
0
LINE
8
top
10
-28.789327
20
34.752341
30
0.0
11
-27.252496
21
36.904807
31
0.0
0
LINE
8
top
10
-27.252496
20
36.904807
30
0.0
11
-25.543165
21
38.923010
31
0.0
0
LINE
8
top
10
-25.543165
20
38.923010
30
0.0
11
-23.673010
21
40.793165
31
0.0
0
LINE
8
top
10
-23.673010
20
40.793165
30
0.0
11
-21.654807
21
42.502496
31
0.0
0
LINE
8
top
10
-21.654807
20
42.502496
30
0.0
11
-19.502341
21
44.039327
31
0.0
0
LINE
8
top
10
-19.502341
20
44.039327
30
0.0
11
-17.230317
21
45.393160
31
0.0
0
LINE
8
top
10
-17.230317
20
45.393160
30
0.0
11
-14.854254
21
46.554746
31
0.0
0
LINE
8
top
10
-14.854254
20
46.554746
30
0.0
11
-12.390383
21
47.516152
31
0.0
0
LINE
8
top
10
-12.390383
20
47.516152
30
0.0
11
-9.855536
21
48.270809
31
0.0
0
LINE
8
top
10
-9.855536
20
48.270809
30
0.0
11
-7.267027
21
48.813562
31
0.0
0
LINE
8
top
10
-7.267027
20
48.813562
30
0.0
11
-4.642539
21
49.140704
31
0.0
0
LINE
8
top
10
-4.642539
20
49.140704
30
0.0
11
-2.000000
21
49.250000
31
0.0
0
LINE
8
right
10
79.555202
20
0.175000
30
0.0
11
76.912663
21
0.175000
31
0.0
0
LINE
8
right
10
76.912663
20
0.175000
30
0.0
11
74.288175
21
0.175000
31
0.0
0
LINE
8
right
10
74.288175
20
0.175000
30
0.0
11
71.699666
21
0.175000
31
0.0
0
LINE
8
right
10
71.699666
20
0.175000
30
0.0
11
69.164819
21
0.175000
31
0.0
0
LINE
8
right
10
69.164819
20
0.175000
30
0.0
11
66.700948
21
0.175000
31
0.0
0
LINE
8
right
10
66.700948
20
0.175000
30
0.0
11
64.324885
21
0.175000
31
0.0
0
LINE
8
right
10
64.324885
20
0.175000
30
0.0
11
62.052861
21
0.175000
31
0.0
0
LINE
8
right
10
62.052861
20
0.175000
30
0.0
11
59.900395
21
0.175000
31
0.0
0
LINE
8
right
10
59.900395
20
0.175000
30
0.0
11
57.882192
21
0.175000
31
0.0
0
LINE
8
right
10
57.882192
20
0.175000
30
0.0
11
56.012037
21
0.175000
31
0.0
0
LINE
8
right
10
56.012037
20
0.175000
30
0.0
11
54.302706
21
0.175000
31
0.0
0
LINE
8
right
10
54.302706
20
0.175000
30
0.0
11
52.765875
21
0.175000
31
0.0
0
LINE
8
right
10
52.765875
20
0.175000
30
0.0
11
51.412042
21
0.175000
31
0.0
0
LINE
8
right
10
51.412042
20
0.175000
30
0.0
11
50.250455
21
0.175000
31
0.0
0
LINE
8
right
10
50.250455
20
0.175000
30
0.0
11
49.289050
21
0.175000
31
0.0
0
LINE
8
right
10
49.289050
20
0.175000
30
0.0
11
48.534393
21
0.175000
31
0.0
0
LINE
8
right
10
48.534393
20
0.175000
30
0.0
11
47.991640
21
0.175000
31
0.0
0
LINE
8
right
10
47.991640
20
0.175000
30
0.0
11
47.664498
21
0.175000
31
0.0
0
LINE
8
right
10
47.664498
20
0.175000
30
0.0
11
47.555202
21
0.175000
31
0.0
0
LINE
8
front
10
-2.000000
20
0.175000
30
0.0
11
-2.000000
21
-3.000000
31
0.0
0
LINE
8
top
10
-2.000000
20
49.250000
30
0.0
11
-2.000000
21
49.250000
31
0.0
0
LINE
8
right
10
47.555202
20
0.175000
30
0.0
11
47.555202
21
-3.000000
31
0.0
0
LINE
8
front
10
-34.000000
20
-3.000000
30
0.0
11
-34.000000
21
-3.000000
31
0.0
0
LINE
8
top
10
-34.000000
20
17.250000
30
0.0
11
-34.000000
21
-37.250000
31
0.0
0
LINE
8
right
10
79.555202
20
-3.000000
30
0.0
11
134.055202
21
-3.000000
31
0.0
0
LINE
8
front
10
-34.000000
20
0.175000
30
0.0
11
-34.000000
21
-3.000000
31
0.0
0
LINE
8
top
10
-34.000000
20
-37.250000
30
0.0
11
-34.000000
21
-37.250000
31
0.0
0
LINE
8
right
10
134.055202
20
0.175000
30
0.0
11
134.055202
21
-3.000000
31
0.0
0
LINE
8
front
10
-34.000000
20
0.175000
30
0.0
11
-34.000000
21
0.175000
31
0.0
0
LINE
8
top
10
-34.000000
20
17.250000
30
0.0
11
-34.000000
21
-37.250000
31
0.0
0
LINE
8
right
10
79.555202
20
0.175000
30
0.0
11
134.055202
21
0.175000
31
0.0
0
LINE
8
front
10
0.0
20
-3.000000
30
0.0
11
-2.000000
21
-3.000000
31
0.0
0
LINE
8
top
10
0.0
20
49.250000
30
0.0
11
-2.000000
21
49.250000
31
0.0
0
LINE
8
right
10
47.555202
20
-3.000000
30
0.0
11
47.555202
21
-3.000000
31
0.0
0
LINE
8
front
10
0.0
20
0.175000
30
0.0
11
-2.000000
21
0.175000
31
0.0
0
LINE
8
top
10
0.0
20
49.250000
30
0.0
11
-2.000000
21
49.250000
31
0.0
0
LINE
8
right
10
47.555202
20
0.175000
30
0.0
11
47.555202
21
0.175000
31
0.0
0
LINE
8
front
10
0.0
20
-3.000000
30
0.0
11
0.0
21
0.175000
31
0.0
0
LINE
8
top
10
0.0
20
49.250000
30
0.0
11
0.0
21
49.250000
31
0.0
0
LINE
8
right
10
47.555202
20
-3.000000
30
0.0
11
47.555202
21
0.175000
31
0.0
0
LINE
8
front
10
-21.583148
20
-3.000000
30
0.0
11
-21.304510
21
-3.000000
31
0.0
0
LINE
8
front
10
-21.304510
20
-3.000000
30
0.0
11
-20.958048
21
-3.000000
31
0.0
0
LINE
8
front
10
-20.958048
20
-3.000000
30
0.0
11
-20.546289
21
-3.000000
31
0.0
0
LINE
8
front
10
-20.546289
20
-3.000000
30
0.0
11
-20.072234
21
-3.000000
31
0.0
0
LINE
8
front
10
-20.072234
20
-3.000000
30
0.0
11
-19.539339
21
-3.000000
31
0.0
0
LINE
8
front
10
-19.539339
20
-3.000000
30
0.0
11
-18.951487
21
-3.000000
31
0.0
0
LINE
8
front
10
-18.951487
20
-3.000000
30
0.0
11
-18.312965
21
-3.000000
31
0.0
0
LINE
8
front
10
-18.312965
20
-3.000000
30
0.0
11
-17.628426
21
-3.000000
31
0.0
0
LINE
8
front
10
-17.628426
20
-3.000000
30
0.0
11
-16.902860
21
-3.000000
31
0.0
0
LINE
8
front
10
-16.902860
20
-3.000000
30
0.0
11
-16.141556
21
-3.000000
31
0.0
0
LINE
8
front
10
-16.141556
20
-3.000000
30
0.0
11
-15.350063
21
-3.000000
31
0.0
0
LINE
8
front
10
-15.350063
20
-3.000000
30
0.0
11
-14.534151
21
-3.000000
31
0.0
0
LINE
8
front
10
-14.534151
20
-3.000000
30
0.0
11
-13.699766
21
-3.000000
31
0.0
0
LINE
8
front
10
-13.699766
20
-3.000000
30
0.0
11
-12.852992
21
-3.000000
31
0.0
0
LINE
8
front
10
-12.852992
20
-3.000000
30
0.0
11
-12.000000
21
-3.000000
31
0.0
0
LINE
8
front
10
-12.000000
20
-3.000000
30
0.0
11
-11.147008
21
-3.000000
31
0.0
0
LINE
8
front
10
-11.147008
20
-3.000000
30
0.0
11
-10.300234
21
-3.000000
31
0.0
0
LINE
8
front
10
-10.300234
20
-3.000000
30
0.0
11
-9.465849
21
-3.000000
31
0.0
0
LINE
8
front
10
-9.465849
20
-3.000000
30
0.0
11
-8.649937
21
-3.000000
31
0.0
0
LINE
8
front
10
-8.649937
20
-3.000000
30
0.0
11
-7.858444
21
-3.000000
31
0.0
0
LINE
8
front
10
-7.858444
20
-3.000000
30
0.0
11
-7.097140
21
-3.000000
31
0.0
0
LINE
8
front
10
-7.097140
20
-3.000000
30
0.0
11
-6.371574
21
-3.000000
31
0.0
0
LINE
8
front
10
-6.371574
20
-3.000000
30
0.0
11
-5.687035
21
-3.000000
31
0.0
0
LINE
8
front
10
-5.687035
20
-3.000000
30
0.0
11
-5.048513
21
-3.000000
31
0.0
0
LINE
8
front
10
-5.048513
20
-3.000000
30
0.0
11
-4.460661
21
-3.000000
31
0.0
0
LINE
8
front
10
-4.460661
20
-3.000000
30
0.0
11
-3.927766
21
-3.000000
31
0.0
0
LINE
8
front
10
-3.927766
20
-3.000000
30
0.0
11
-3.453711
21
-3.000000
31
0.0
0
LINE
8
front
10
-3.453711
20
-3.000000
30
0.0
11
-3.041952
21
-3.000000
31
0.0
0
LINE
8
front
10
-3.041952
20
-3.000000
30
0.0
11
-2.695490
21
-3.000000
31
0.0
0
LINE
8
front
10
-2.695490
20
-3.000000
30
0.0
11
-2.416852
21
-3.000000
31
0.0
0
LINE
8
top
10
-21.583148
20
-38.392857
30
0.0
11
-21.304510
21
-37.585835
31
0.0
0
LINE
8
top
10
-21.304510
20
-37.585835
30
0.0
11
-20.958048
21
-36.805523
31
0.0
0
LINE
8
top
10
-20.958048
20
-36.805523
30
0.0
11
-20.546289
21
-36.057607
31
0.0
0
LINE
8
top
10
-20.546289
20
-36.057607
30
0.0
11
-20.072234
21
-35.347540
31
0.0
0
LINE
8
top
10
-20.072234
20
-35.347540
30
0.0
11
-19.539339
21
-34.680497
31
0.0
0
LINE
8
top
10
-19.539339
20
-34.680497
30
0.0
11
-18.951487
21
-34.061341
31
0.0
0
LINE
8
top
10
-18.951487
20
-34.061341
30
0.0
11
-18.312965
21
-33.494584
31
0.0
0
LINE
8
top
10
-18.312965
20
-33.494584
30
0.0
11
-17.628426
21
-32.984359
31
0.0
0
LINE
8
top
10
-17.628426
20
-32.984359
30
0.0
11
-16.902860
21
-32.534384
31
0.0
0
LINE
8
top
10
-16.902860
20
-32.534384
30
0.0
11
-16.141556
21
-32.147939
31
0.0
0
LINE
8
top
10
-16.141556
20
-32.147939
30
0.0
11
-15.350063
21
-31.827841
31
0.0
0
LINE
8
top
10
-15.350063
20
-31.827841
30
0.0
11
-14.534151
21
-31.576424
31
0.0
0
LINE
8
top
10
-14.534151
20
-31.576424
30
0.0
11
-13.699766
21
-31.395519
31
0.0
0
LINE
8
top
10
-13.699766
20
-31.395519
30
0.0
11
-12.852992
21
-31.286446
31
0.0
0
LINE
8
top
10
-12.852992
20
-31.286446
30
0.0
11
-12.000000
21
-31.250000
31
0.0
0
LINE
8
top
10
-12.000000
20
-31.250000
30
0.0
11
-11.147008
21
-31.286446
31
0.0
0
LINE
8
top
10
-11.147008
20
-31.286446
30
0.0
11
-10.300234
21
-31.395519
31
0.0
0
LINE
8
top
10
-10.300234
20
-31.395519
30
0.0
11
-9.465849
21
-31.576424
31
0.0
0
LINE
8
top
10
-9.465849
20
-31.576424
30
0.0
11
-8.649937
21
-31.827841
31
0.0
0
LINE
8
top
10
-8.649937
20
-31.827841
30
0.0
11
-7.858444
21
-32.147939
31
0.0
0
LINE
8
top
10
-7.858444
20
-32.147939
30
0.0
11
-7.097140
21
-32.534384
31
0.0
0
LINE
8
top
10
-7.097140
20
-32.534384
30
0.0
11
-6.371574
21
-32.984359
31
0.0
0
LINE
8
top
10
-6.371574
20
-32.984359
30
0.0
11
-5.687035
21
-33.494584
31
0.0
0
LINE
8
top
10
-5.687035
20
-33.494584
30
0.0
11
-5.048513
21
-34.061341
31
0.0
0
LINE
8
top
10
-5.048513
20
-34.061341
30
0.0
11
-4.460661
21
-34.680497
31
0.0
0
LINE
8
top
10
-4.460661
20
-34.680497
30
0.0
11
-3.927766
21
-35.347540
31
0.0
0
LINE
8
top
10
-3.927766
20
-35.347540
30
0.0
11
-3.453711
21
-36.057607
31
0.0
0
LINE
8
top
10
-3.453711
20
-36.057607
30
0.0
11
-3.041952
21
-36.805523
31
0.0
0
LINE
8
top
10
-3.041952
20
-36.805523
30
0.0
11
-2.695490
21
-37.585835
31
0.0
0
LINE
8
top
10
-2.695490
20
-37.585835
30
0.0
11
-2.416852
21
-38.392857
31
0.0
0
LINE
8
right
10
135.198059
20
-3.000000
30
0.0
11
134.391037
21
-3.000000
31
0.0
0
LINE
8
right
10
134.391037
20
-3.000000
30
0.0
11
133.610725
21
-3.000000
31
0.0
0
LINE
8
right
10
133.610725
20
-3.000000
30
0.0
11
132.862809
21
-3.000000
31
0.0
0
LINE
8
right
10
132.862809
20
-3.000000
30
0.0
11
132.152742
21
-3.000000
31
0.0
0
LINE
8
right
10
132.152742
20
-3.000000
30
0.0
11
131.485699
21
-3.000000
31
0.0
0
LINE
8
right
10
131.485699
20
-3.000000
30
0.0
11
130.866542
21
-3.000000
31
0.0
0
LINE
8
right
10
130.866542
20
-3.000000
30
0.0
11
130.299786
21
-3.000000
31
0.0
0
LINE
8
right
10
130.299786
20
-3.000000
30
0.0
11
129.789561
21
-3.000000
31
0.0
0
LINE
8
right
10
129.789561
20
-3.000000
30
0.0
11
129.339586
21
-3.000000
31
0.0
0
LINE
8
right
10
129.339586
20
-3.000000
30
0.0
11
128.953141
21
-3.000000
31
0.0
0
LINE
8
right
10
128.953141
20
-3.000000
30
0.0
11
128.633043
21
-3.000000
31
0.0
0
LINE
8
right
10
128.633043
20
-3.000000
30
0.0
11
128.381625
21
-3.000000
31
0.0
0
LINE
8
right
10
128.381625
20
-3.000000
30
0.0
11
128.200721
21
-3.000000
31
0.0
0
LINE
8
right
10
128.200721
20
-3.000000
30
0.0
11
128.091648
21
-3.000000
31
0.0
0
LINE
8
right
10
128.091648
20
-3.000000
30
0.0
11
128.055202
21
-3.000000
31
0.0
0
LINE
8
right
10
128.055202
20
-3.000000
30
0.0
11
128.091648
21
-3.000000
31
0.0
0
LINE
8
right
10
128.091648
20
-3.000000
30
0.0
11
128.200721
21
-3.000000
31
0.0
0
LINE
8
right
10
128.200721
20
-3.000000
30
0.0
11
128.381625
21
-3.000000
31
0.0
0
LINE
8
right
10
128.381625
20
-3.000000
30
0.0
11
128.633043
21
-3.000000
31
0.0
0
LINE
8
right
10
128.633043
20
-3.000000
30
0.0
11
128.953141
21
-3.000000
31
0.0
0
LINE
8
right
10
128.953141
20
-3.000000
30
0.0
11
129.339586
21
-3.000000
31
0.0
0
LINE
8
right
10
129.339586
20
-3.000000
30
0.0
11
129.789561
21
-3.000000
31
0.0
0
LINE
8
right
10
129.789561
20
-3.000000
30
0.0
11
130.299786
21
-3.000000
31
0.0
0
LINE
8
right
10
130.299786
20
-3.000000
30
0.0
11
130.866542
21
-3.000000
31
0.0
0
LINE
8
right
10
130.866542
20
-3.000000
30
0.0
11
131.485699
21
-3.000000
31
0.0
0
LINE
8
right
10
131.485699
20
-3.000000
30
0.0
11
132.152742
21
-3.000000
31
0.0
0
LINE
8
right
10
132.152742
20
-3.000000
30
0.0
11
132.862809
21
-3.000000
31
0.0
0
LINE
8
right
10
132.862809
20
-3.000000
30
0.0
11
133.610725
21
-3.000000
31
0.0
0
LINE
8
right
10
133.610725
20
-3.000000
30
0.0
11
134.391037
21
-3.000000
31
0.0
0
LINE
8
right
10
134.391037
20
-3.000000
30
0.0
11
135.198059
21
-3.000000
31
0.0
0
LINE
8
front
10
-2.416852
20
0.175000
30
0.0
11
-2.416852
21
-3.000000
31
0.0
0
LINE
8
top
10
-2.416852
20
-38.392857
30
0.0
11
-2.416852
21
-38.392857
31
0.0
0
LINE
8
right
10
135.198059
20
0.175000
30
0.0
11
135.198059
21
-3.000000
31
0.0
0
LINE
8
front
10
-21.583148
20
0.175000
30
0.0
11
-21.304510
21
0.175000
31
0.0
0
LINE
8
front
10
-21.304510
20
0.175000
30
0.0
11
-20.958048
21
0.175000
31
0.0
0
LINE
8
front
10
-20.958048
20
0.175000
30
0.0
11
-20.546289
21
0.175000
31
0.0
0
LINE
8
front
10
-20.546289
20
0.175000
30
0.0
11
-20.072234
21
0.175000
31
0.0
0
LINE
8
front
10
-20.072234
20
0.175000
30
0.0
11
-19.539339
21
0.175000
31
0.0
0
LINE
8
front
10
-19.539339
20
0.175000
30
0.0
11
-18.951487
21
0.175000
31
0.0
0
LINE
8
front
10
-18.951487
20
0.175000
30
0.0
11
-18.312965
21
0.175000
31
0.0
0
LINE
8
front
10
-18.312965
20
0.175000
30
0.0
11
-17.628426
21
0.175000
31
0.0
0
LINE
8
front
10
-17.628426
20
0.175000
30
0.0
11
-16.902860
21
0.175000
31
0.0
0
LINE
8
front
10
-16.902860
20
0.175000
30
0.0
11
-16.141556
21
0.175000
31
0.0
0
LINE
8
front
10
-16.141556
20
0.175000
30
0.0
11
-15.350063
21
0.175000
31
0.0
0
LINE
8
front
10
-15.350063
20
0.175000
30
0.0
11
-14.534151
21
0.175000
31
0.0
0
LINE
8
front
10
-14.534151
20
0.175000
30
0.0
11
-13.699766
21
0.175000
31
0.0
0
LINE
8
front
10
-13.699766
20
0.175000
30
0.0
11
-12.852992
21
0.175000
31
0.0
0
LINE
8
front
10
-12.852992
20
0.175000
30
0.0
11
-12.000000
21
0.175000
31
0.0
0
LINE
8
front
10
-12.000000
20
0.175000
30
0.0
11
-11.147008
21
0.175000
31
0.0
0
LINE
8
front
10
-11.147008
20
0.175000
30
0.0
11
-10.300234
21
0.175000
31
0.0
0
LINE
8
front
10
-10.300234
20
0.175000
30
0.0
11
-9.465849
21
0.175000
31
0.0
0
LINE
8
front
10
-9.465849
20
0.175000
30
0.0
11
-8.649937
21
0.175000
31
0.0
0
LINE
8
front
10
-8.649937
20
0.175000
30
0.0
11
-7.858444
21
0.175000
31
0.0
0
LINE
8
front
10
-7.858444
20
0.175000
30
0.0
11
-7.097140
21
0.175000
31
0.0
0
LINE
8
front
10
-7.097140
20
0.175000
30
0.0
11
-6.371574
21
0.175000
31
0.0
0
LINE
8
front
10
-6.371574
20
0.175000
30
0.0
11
-5.687035
21
0.175000
31
0.0
0
LINE
8
front
10
-5.687035
20
0.175000
30
0.0
11
-5.048513
21
0.175000
31
0.0
0
LINE
8
front
10
-5.048513
20
0.175000
30
0.0
11
-4.460661
21
0.175000
31
0.0
0
LINE
8
front
10
-4.460661
20
0.175000
30
0.0
11
-3.927766
21
0.175000
31
0.0
0
LINE
8
front
10
-3.927766
20
0.175000
30
0.0
11
-3.453711
21
0.175000
31
0.0
0
LINE
8
front
10
-3.453711
20
0.175000
30
0.0
11
-3.041952
21
0.175000
31
0.0
0
LINE
8
front
10
-3.041952
20
0.175000
30
0.0
11
-2.695490
21
0.175000
31
0.0
0
LINE
8
front
10
-2.695490
20
0.175000
30
0.0
11
-2.416852
21
0.175000
31
0.0
0
LINE
8
top
10
-21.583148
20
-38.392857
30
0.0
11
-21.304510
21
-37.585835
31
0.0
0
LINE
8
top
10
-21.304510
20
-37.585835
30
0.0
11
-20.958048
21
-36.805523
31
0.0
0
LINE
8
top
10
-20.958048
20
-36.805523
30
0.0
11
-20.546289
21
-36.057607
31
0.0
0
LINE
8
top
10
-20.546289
20
-36.057607
30
0.0
11
-20.072234
21
-35.347540
31
0.0
0
LINE
8
top
10
-20.072234
20
-35.347540
30
0.0
11
-19.539339
21
-34.680497
31
0.0
0
LINE
8
top
10
-19.539339
20
-34.680497
30
0.0
11
-18.951487
21
-34.061341
31
0.0
0
LINE
8
top
10
-18.951487
20
-34.061341
30
0.0
11
-18.312965
21
-33.494584
31
0.0
0
LINE
8
top
10
-18.312965
20
-33.494584
30
0.0
11
-17.628426
21
-32.984359
31
0.0
0
LINE
8
top
10
-17.628426
20
-32.984359
30
0.0
11
-16.902860
21
-32.534384
31
0.0
0
LINE
8
top
10
-16.902860
20
-32.534384
30
0.0
11
-16.141556
21
-32.147939
31
0.0
0
LINE
8
top
10
-16.141556
20
-32.147939
30
0.0
11
-15.350063
21
-31.827841
31
0.0
0
LINE
8
top
10
-15.350063
20
-31.827841
30
0.0
11
-14.534151
21
-31.576424
31
0.0
0
LINE
8
top
10
-14.534151
20
-31.576424
30
0.0
11
-13.699766
21
-31.395519
31
0.0
0
LINE
8
top
10
-13.699766
20
-31.395519
30
0.0
11
-12.852992
21
-31.286446
31
0.0
0
LINE
8
top
10
-12.852992
20
-31.286446
30
0.0
11
-12.000000
21
-31.250000
31
0.0
0
LINE
8
top
10
-12.000000
20
-31.250000
30
0.0
11
-11.147008
21
-31.286446
31
0.0
0
LINE
8
top
10
-11.147008
20
-31.286446
30
0.0
11
-10.300234
21
-31.395519
31
0.0
0
LINE
8
top
10
-10.300234
20
-31.395519
30
0.0
11
-9.465849
21
-31.576424
31
0.0
0
LINE
8
top
10
-9.465849
20
-31.576424
30
0.0
11
-8.649937
21
-31.827841
31
0.0
0
LINE
8
top
10
-8.649937
20
-31.827841
30
0.0
11
-7.858444
21
-32.147939
31
0.0
0
LINE
8
top
10
-7.858444
20
-32.147939
30
0.0
11
-7.097140
21
-32.534384
31
0.0
0
LINE
8
top
10
-7.097140
20
-32.534384
30
0.0
11
-6.371574
21
-32.984359
31
0.0
0
LINE
8
top
10
-6.371574
20
-32.984359
30
0.0
11
-5.687035
21
-33.494584
31
0.0
0
LINE
8
top
10
-5.687035
20
-33.494584
30
0.0
11
-5.048513
21
-34.061341
31
0.0
0
LINE
8
top
10
-5.048513
20
-34.061341
30
0.0
11
-4.460661
21
-34.680497
31
0.0
0
LINE
8
top
10
-4.460661
20
-34.680497
30
0.0
11
-3.927766
21
-35.347540
31
0.0
0
LINE
8
top
10
-3.927766
20
-35.347540
30
0.0
11
-3.453711
21
-36.057607
31
0.0
0
LINE
8
top
10
-3.453711
20
-36.057607
30
0.0
11
-3.041952
21
-36.805523
31
0.0
0
LINE
8
top
10
-3.041952
20
-36.805523
30
0.0
11
-2.695490
21
-37.585835
31
0.0
0
LINE
8
top
10
-2.695490
20
-37.585835
30
0.0
11
-2.416852
21
-38.392857
31
0.0
0
LINE
8
right
10
135.198059
20
0.175000
30
0.0
11
134.391037
21
0.175000
31
0.0
0
LINE
8
right
10
134.391037
20
0.175000
30
0.0
11
133.610725
21
0.175000
31
0.0
0
LINE
8
right
10
133.610725
20
0.175000
30
0.0
11
132.862809
21
0.175000
31
0.0
0
LINE
8
right
10
132.862809
20
0.175000
30
0.0
11
132.152742
21
0.175000
31
0.0
0
LINE
8
right
10
132.152742
20
0.175000
30
0.0
11
131.485699
21
0.175000
31
0.0
0
LINE
8
right
10
131.485699
20
0.175000
30
0.0
11
130.866542
21
0.175000
31
0.0
0
LINE
8
right
10
130.866542
20
0.175000
30
0.0
11
130.299786
21
0.175000
31
0.0
0
LINE
8
right
10
130.299786
20
0.175000
30
0.0
11
129.789561
21
0.175000
31
0.0
0
LINE
8
right
10
129.789561
20
0.175000
30
0.0
11
129.339586
21
0.175000
31
0.0
0
LINE
8
right
10
129.339586
20
0.175000
30
0.0
11
128.953141
21
0.175000
31
0.0
0
LINE
8
right
10
128.953141
20
0.175000
30
0.0
11
128.633043
21
0.175000
31
0.0
0
LINE
8
right
10
128.633043
20
0.175000
30
0.0
11
128.381625
21
0.175000
31
0.0
0
LINE
8
right
10
128.381625
20
0.175000
30
0.0
11
128.200721
21
0.175000
31
0.0
0
LINE
8
right
10
128.200721
20
0.175000
30
0.0
11
128.091648
21
0.175000
31
0.0
0
LINE
8
right
10
128.091648
20
0.175000
30
0.0
11
128.055202
21
0.175000
31
0.0
0
LINE
8
right
10
128.055202
20
0.175000
30
0.0
11
128.091648
21
0.175000
31
0.0
0
LINE
8
right
10
128.091648
20
0.175000
30
0.0
11
128.200721
21
0.175000
31
0.0
0
LINE
8
right
10
128.200721
20
0.175000
30
0.0
11
128.381625
21
0.175000
31
0.0
0
LINE
8
right
10
128.381625
20
0.175000
30
0.0
11
128.633043
21
0.175000
31
0.0
0
LINE
8
right
10
128.633043
20
0.175000
30
0.0
11
128.953141
21
0.175000
31
0.0
0
LINE
8
right
10
128.953141
20
0.175000
30
0.0
11
129.339586
21
0.175000
31
0.0
0
LINE
8
right
10
129.339586
20
0.175000
30
0.0
11
129.789561
21
0.175000
31
0.0
0
LINE
8
right
10
129.789561
20
0.175000
30
0.0
11
130.299786
21
0.175000
31
0.0
0
LINE
8
right
10
130.299786
20
0.175000
30
0.0
11
130.866542
21
0.175000
31
0.0
0
LINE
8
right
10
130.866542
20
0.175000
30
0.0
11
131.485699
21
0.175000
31
0.0
0
LINE
8
right
10
131.485699
20
0.175000
30
0.0
11
132.152742
21
0.175000
31
0.0
0
LINE
8
right
10
132.152742
20
0.175000
30
0.0
11
132.862809
21
0.175000
31
0.0
0
LINE
8
right
10
132.862809
20
0.175000
30
0.0
11
133.610725
21
0.175000
31
0.0
0
LINE
8
right
10
133.610725
20
0.175000
30
0.0
11
134.391037
21
0.175000
31
0.0
0
LINE
8
right
10
134.391037
20
0.175000
30
0.0
11
135.198059
21
0.175000
31
0.0
0
LINE
8
front
10
-21.583148
20
-3.000000
30
0.0
11
-21.583148
21
0.175000
31
0.0
0
LINE
8
top
10
-21.583148
20
-38.392857
30
0.0
11
-21.583148
21
-38.392857
31
0.0
0
LINE
8
right
10
135.198059
20
-3.000000
30
0.0
11
135.198059
21
0.175000
31
0.0
0
LINE
8
front
10
-25.416408
20
-3.000000
30
0.0
11
-25.075211
21
-3.000000
31
0.0
0
LINE
8
front
10
-25.075211
20
-3.000000
30
0.0
11
-24.736501
21
-3.000000
31
0.0
0
LINE
8
front
10
-24.736501
20
-3.000000
30
0.0
11
-24.402748
21
-3.000000
31
0.0
0
LINE
8
front
10
-24.402748
20
-3.000000
30
0.0
11
-24.076383
21
-3.000000
31
0.0
0
LINE
8
front
10
-24.076383
20
-3.000000
30
0.0
11
-23.759786
21
-3.000000
31
0.0
0
LINE
8
front
10
-23.759786
20
-3.000000
30
0.0
11
-23.455264
21
-3.000000
31
0.0
0
LINE
8
front
10
-23.455264
20
-3.000000
30
0.0
11
-23.165038
21
-3.000000
31
0.0
0
LINE
8
front
10
-23.165038
20
-3.000000
30
0.0
11
-22.891222
21
-3.000000
31
0.0
0
LINE
8
front
10
-22.891222
20
-3.000000
30
0.0
11
-22.635813
21
-3.000000
31
0.0
0
LINE
8
front
10
-22.635813
20
-3.000000
30
0.0
11
-22.400672
21
-3.000000
31
0.0
0
LINE
8
front
10
-22.400672
20
-3.000000
30
0.0
11
-22.187514
21
-3.000000
31
0.0
0
LINE
8
front
10
-22.187514
20
-3.000000
30
0.0
11
-21.997892
21
-3.000000
31
0.0
0
LINE
8
front
10
-21.997892
20
-3.000000
30
0.0
11
-21.833189
21
-3.000000
31
0.0
0
LINE
8
front
10
-21.833189
20
-3.000000
30
0.0
11
-21.694604
21
-3.000000
31
0.0
0
LINE
8
front
10
-21.694604
20
-3.000000
30
0.0
11
-21.583148
21
-3.000000
31
0.0
0
LINE
8
top
10
-25.416408
20
-41.250000
30
0.0
11
-25.075211
21
-41.235422
31
0.0
0
LINE
8
top
10
-25.075211
20
-41.235422
30
0.0
11
-24.736501
21
-41.191792
31
0.0
0
LINE
8
top
10
-24.736501
20
-41.191792
30
0.0
11
-24.402748
21
-41.119431
31
0.0
0
LINE
8
top
10
-24.402748
20
-41.119431
30
0.0
11
-24.076383
21
-41.018864
31
0.0
0
LINE
8
top
10
-24.076383
20
-41.018864
30
0.0
11
-23.759786
21
-40.890824
31
0.0
0
LINE
8
top
10
-23.759786
20
-40.890824
30
0.0
11
-23.455264
21
-40.736246
31
0.0
0
LINE
8
top
10
-23.455264
20
-40.736246
30
0.0
11
-23.165038
21
-40.556256
31
0.0
0
LINE
8
top
10
-23.165038
20
-40.556256
30
0.0
11
-22.891222
21
-40.352166
31
0.0
0
LINE
8
top
10
-22.891222
20
-40.352166
30
0.0
11
-22.635813
21
-40.125464
31
0.0
0
LINE
8
top
10
-22.635813
20
-40.125464
30
0.0
11
-22.400672
21
-39.877801
31
0.0
0
LINE
8
top
10
-22.400672
20
-39.877801
30
0.0
11
-22.187514
21
-39.610984
31
0.0
0
LINE
8
top
10
-22.187514
20
-39.610984
30
0.0
11
-21.997892
21
-39.326957
31
0.0
0
LINE
8
top
10
-21.997892
20
-39.326957
30
0.0
11
-21.833189
21
-39.027791
31
0.0
0
LINE
8
top
10
-21.833189
20
-39.027791
30
0.0
11
-21.694604
21
-38.715666
31
0.0
0
LINE
8
top
10
-21.694604
20
-38.715666
30
0.0
11
-21.583148
21
-38.392857
31
0.0
0
LINE
8
right
10
138.055202
20
-3.000000
30
0.0
11
138.040623
21
-3.000000
31
0.0
0
LINE
8
right
10
138.040623
20
-3.000000
30
0.0
11
137.996994
21
-3.000000
31
0.0
0
LINE
8
right
10
137.996994
20
-3.000000
30
0.0
11
137.924632
21
-3.000000
31
0.0
0
LINE
8
right
10
137.924632
20
-3.000000
30
0.0
11
137.824065
21
-3.000000
31
0.0
0
LINE
8
right
10
137.824065
20
-3.000000
30
0.0
11
137.696026
21
-3.000000
31
0.0
0
LINE
8
right
10
137.696026
20
-3.000000
30
0.0
11
137.541448
21
-3.000000
31
0.0
0
LINE
8
right
10
137.541448
20
-3.000000
30
0.0
11
137.361458
21
-3.000000
31
0.0
0
LINE
8
right
10
137.361458
20
-3.000000
30
0.0
11
137.157368
21
-3.000000
31
0.0
0
LINE
8
right
10
137.157368
20
-3.000000
30
0.0
11
136.930666
21
-3.000000
31
0.0
0
LINE
8
right
10
136.930666
20
-3.000000
30
0.0
11
136.683003
21
-3.000000
31
0.0
0
LINE
8
right
10
136.683003
20
-3.000000
30
0.0
11
136.416186
21
-3.000000
31
0.0
0
LINE
8
right
10
136.416186
20
-3.000000
30
0.0
11
136.132159
21
-3.000000
31
0.0
0
LINE
8
right
10
136.132159
20
-3.000000
30
0.0
11
135.832993
21
-3.000000
31
0.0
0
LINE
8
right
10
135.832993
20
-3.000000
30
0.0
11
135.520868
21
-3.000000
31
0.0
0
LINE
8
right
10
135.520868
20
-3.000000
30
0.0
11
135.198059
21
-3.000000
31
0.0
0
LINE
8
front
10
-21.583148
20
0.175000
30
0.0
11
-21.694604
21
0.175000
31
0.0
0
LINE
8
front
10
-21.694604
20
0.175000
30
0.0
11
-21.833189
21
0.175000
31
0.0
0
LINE
8
front
10
-21.833189
20
0.175000
30
0.0
11
-21.997892
21
0.175000
31
0.0
0
LINE
8
front
10
-21.997892
20
0.175000
30
0.0
11
-22.187514
21
0.175000
31
0.0
0
LINE
8
front
10
-22.187514
20
0.175000
30
0.0
11
-22.400672
21
0.175000
31
0.0
0
LINE
8
front
10
-22.400672
20
0.175000
30
0.0
11
-22.635813
21
0.175000
31
0.0
0
LINE
8
front
10
-22.635813
20
0.175000
30
0.0
11
-22.891222
21
0.175000
31
0.0
0
LINE
8
front
10
-22.891222
20
0.175000
30
0.0
11
-23.165038
21
0.175000
31
0.0
0
LINE
8
front
10
-23.165038
20
0.175000
30
0.0
11
-23.455264
21
0.175000
31
0.0
0
LINE
8
front
10
-23.455264
20
0.175000
30
0.0
11
-23.759786
21
0.175000
31
0.0
0
LINE
8
front
10
-23.759786
20
0.175000
30
0.0
11
-24.076383
21
0.175000
31
0.0
0
LINE
8
front
10
-24.076383
20
0.175000
30
0.0
11
-24.402748
21
0.175000
31
0.0
0
LINE
8
front
10
-24.402748
20
0.175000
30
0.0
11
-24.736501
21
0.175000
31
0.0
0
LINE
8
front
10
-24.736501
20
0.175000
30
0.0
11
-25.075211
21
0.175000
31
0.0
0
LINE
8
front
10
-25.075211
20
0.175000
30
0.0
11
-25.416408
21
0.175000
31
0.0
0
LINE
8
top
10
-21.583148
20
-38.392857
30
0.0
11
-21.694604
21
-38.715666
31
0.0
0
LINE
8
top
10
-21.694604
20
-38.715666
30
0.0
11
-21.833189
21
-39.027791
31
0.0
0
LINE
8
top
10
-21.833189
20
-39.027791
30
0.0
11
-21.997892
21
-39.326957
31
0.0
0
LINE
8
top
10
-21.997892
20
-39.326957
30
0.0
11
-22.187514
21
-39.610984
31
0.0
0
LINE
8
top
10
-22.187514
20
-39.610984
30
0.0
11
-22.400672
21
-39.877801
31
0.0
0
LINE
8
top
10
-22.400672
20
-39.877801
30
0.0
11
-22.635813
21
-40.125464
31
0.0
0
LINE
8
top
10
-22.635813
20
-40.125464
30
0.0
11
-22.891222
21
-40.352166
31
0.0
0
LINE
8
top
10
-22.891222
20
-40.352166
30
0.0
11
-23.165038
21
-40.556256
31
0.0
0
LINE
8
top
10
-23.165038
20
-40.556256
30
0.0
11
-23.455264
21
-40.736246
31
0.0
0
LINE
8
top
10
-23.455264
20
-40.736246
30
0.0
11
-23.759786
21
-40.890824
31
0.0
0
LINE
8
top
10
-23.759786
20
-40.890824
30
0.0
11
-24.076383
21
-41.018864
31
0.0
0
LINE
8
top
10
-24.076383
20
-41.018864
30
0.0
11
-24.402748
21
-41.119431
31
0.0
0
LINE
8
top
10
-24.402748
20
-41.119431
30
0.0
11
-24.736501
21
-41.191792
31
0.0
0
LINE
8
top
10
-24.736501
20
-41.191792
30
0.0
11
-25.075211
21
-41.235422
31
0.0
0
LINE
8
top
10
-25.075211
20
-41.235422
30
0.0
11
-25.416408
21
-41.250000
31
0.0
0
LINE
8
right
10
135.198059
20
0.175000
30
0.0
11
135.520868
21
0.175000
31
0.0
0
LINE
8
right
10
135.520868
20
0.175000
30
0.0
11
135.832993
21
0.175000
31
0.0
0
LINE
8
right
10
135.832993
20
0.175000
30
0.0
11
136.132159
21
0.175000
31
0.0
0
LINE
8
right
10
136.132159
20
0.175000
30
0.0
11
136.416186
21
0.175000
31
0.0
0
LINE
8
right
10
136.416186
20
0.175000
30
0.0
11
136.683003
21
0.175000
31
0.0
0
LINE
8
right
10
136.683003
20
0.175000
30
0.0
11
136.930666
21
0.175000
31
0.0
0
LINE
8
right
10
136.930666
20
0.175000
30
0.0
11
137.157368
21
0.175000
31
0.0
0
LINE
8
right
10
137.157368
20
0.175000
30
0.0
11
137.361458
21
0.175000
31
0.0
0
LINE
8
right
10
137.361458
20
0.175000
30
0.0
11
137.541448
21
0.175000
31
0.0
0
LINE
8
right
10
137.541448
20
0.175000
30
0.0
11
137.696026
21
0.175000
31
0.0
0
LINE
8
right
10
137.696026
20
0.175000
30
0.0
11
137.824065
21
0.175000
31
0.0
0
LINE
8
right
10
137.824065
20
0.175000
30
0.0
11
137.924632
21
0.175000
31
0.0
0
LINE
8
right
10
137.924632
20
0.175000
30
0.0
11
137.996994
21
0.175000
31
0.0
0
LINE
8
right
10
137.996994
20
0.175000
30
0.0
11
138.040623
21
0.175000
31
0.0
0
LINE
8
right
10
138.040623
20
0.175000
30
0.0
11
138.055202
21
0.175000
31
0.0
0
LINE
8
front
10
-25.416408
20
0.175000
30
0.0
11
-25.416408
21
-3.000000
31
0.0
0
LINE
8
top
10
-25.416408
20
-41.250000
30
0.0
11
-25.416408
21
-41.250000
31
0.0
0
LINE
8
right
10
138.055202
20
0.175000
30
0.0
11
138.055202
21
-3.000000
31
0.0
0
LINE
8
front
10
-30.000000
20
-3.000000
30
0.0
11
-25.416408
21
-3.000000
31
0.0
0
LINE
8
top
10
-30.000000
20
-41.250000
30
0.0
11
-25.416408
21
-41.250000
31
0.0
0
LINE
8
right
10
138.055202
20
-3.000000
30
0.0
11
138.055202
21
-3.000000
31
0.0
0
LINE
8
front
10
-30.000000
20
0.175000
30
0.0
11
-25.416408
21
0.175000
31
0.0
0
LINE
8
top
10
-30.000000
20
-41.250000
30
0.0
11
-25.416408
21
-41.250000
31
0.0
0
LINE
8
right
10
138.055202
20
0.175000
30
0.0
11
138.055202
21
0.175000
31
0.0
0
LINE
8
front
10
-30.000000
20
-3.000000
30
0.0
11
-30.000000
21
0.175000
31
0.0
0
LINE
8
top
10
-30.000000
20
-41.250000
30
0.0
11
-30.000000
21
-41.250000
31
0.0
0
LINE
8
right
10
138.055202
20
-3.000000
30
0.0
11
138.055202
21
0.175000
31
0.0
0
LINE
8
front
10
-34.000000
20
-3.000000
30
0.0
11
-33.986338
21
-3.000000
31
0.0
0
LINE
8
front
10
-33.986338
20
-3.000000
30
0.0
11
-33.945445
21
-3.000000
31
0.0
0
LINE
8
front
10
-33.945445
20
-3.000000
30
0.0
11
-33.877601
21
-3.000000
31
0.0
0
LINE
8
front
10
-33.877601
20
-3.000000
30
0.0
11
-33.783269
21
-3.000000
31
0.0
0
LINE
8
front
10
-33.783269
20
-3.000000
30
0.0
11
-33.663093
21
-3.000000
31
0.0
0
LINE
8
front
10
-33.663093
20
-3.000000
30
0.0
11
-33.517895
21
-3.000000
31
0.0
0
LINE
8
front
10
-33.517895
20
-3.000000
30
0.0
11
-33.348666
21
-3.000000
31
0.0
0
LINE
8
front
10
-33.348666
20
-3.000000
30
0.0
11
-33.156562
21
-3.000000
31
0.0
0
LINE
8
front
10
-33.156562
20
-3.000000
30
0.0
11
-32.942896
21
-3.000000
31
0.0
0
LINE
8
front
10
-32.942896
20
-3.000000
30
0.0
11
-32.709126
21
-3.000000
31
0.0
0
LINE
8
front
10
-32.709126
20
-3.000000
30
0.0
11
-32.456851
21
-3.000000
31
0.0
0
LINE
8
front
10
-32.456851
20
-3.000000
30
0.0
11
-32.187793
21
-3.000000
31
0.0
0
LINE
8
front
10
-32.187793
20
-3.000000
30
0.0
11
-31.903790
21
-3.000000
31
0.0
0
LINE
8
front
10
-31.903790
20
-3.000000
30
0.0
11
-31.606782
21
-3.000000
31
0.0
0
LINE
8
front
10
-31.606782
20
-3.000000
30
0.0
11
-31.298798
21
-3.000000
31
0.0
0
LINE
8
front
10
-31.298798
20
-3.000000
30
0.0
11
-30.981942
21
-3.000000
31
0.0
0
LINE
8
front
10
-30.981942
20
-3.000000
30
0.0
11
-30.658378
21
-3.000000
31
0.0
0
LINE
8
front
10
-30.658378
20
-3.000000
30
0.0
11
-30.330317
21
-3.000000
31
0.0
0
LINE
8
front
10
-30.330317
20
-3.000000
30
0.0
11
-30.000000
21
-3.000000
31
0.0
0
LINE
8
top
10
-34.000000
20
-37.250000
30
0.0
11
-33.986338
21
-37.580317
31
0.0
0
LINE
8
top
10
-33.986338
20
-37.580317
30
0.0
11
-33.945445
21
-37.908378
31
0.0
0
LINE
8
top
10
-33.945445
20
-37.908378
30
0.0
11
-33.877601
21
-38.231942
31
0.0
0
LINE
8
top
10
-33.877601
20
-38.231942
30
0.0
11
-33.783269
21
-38.548798
31
0.0
0
LINE
8
top
10
-33.783269
20
-38.548798
30
0.0
11
-33.663093
21
-38.856782
31
0.0
0
LINE
8
top
10
-33.663093
20
-38.856782
30
0.0
11
-33.517895
21
-39.153790
31
0.0
0
LINE
8
top
10
-33.517895
20
-39.153790
30
0.0
11
-33.348666
21
-39.437793
31
0.0
0
LINE
8
top
10
-33.348666
20
-39.437793
30
0.0
11
-33.156562
21
-39.706851
31
0.0
0
LINE
8
top
10
-33.156562
20
-39.706851
30
0.0
11
-32.942896
21
-39.959126
31
0.0
0
LINE
8
top
10
-32.942896
20
-39.959126
30
0.0
11
-32.709126
21
-40.192896
31
0.0
0
LINE
8
top
10
-32.709126
20
-40.192896
30
0.0
11
-32.456851
21
-40.406562
31
0.0
0
LINE
8
top
10
-32.456851
20
-40.406562
30
0.0
11
-32.187793
21
-40.598666
31
0.0
0
LINE
8
top
10
-32.187793
20
-40.598666
30
0.0
11
-31.903790
21
-40.767895
31
0.0
0
LINE
8
top
10
-31.903790
20
-40.767895
30
0.0
11
-31.606782
21
-40.913093
31
0.0
0
LINE
8
top
10
-31.606782
20
-40.913093
30
0.0
11
-31.298798
21
-41.033269
31
0.0
0
LINE
8
top
10
-31.298798
20
-41.033269
30
0.0
11
-30.981942
21
-41.127601
31
0.0
0
LINE
8
top
10
-30.981942
20
-41.127601
30
0.0
11
-30.658378
21
-41.195445
31
0.0
0
LINE
8
top
10
-30.658378
20
-41.195445
30
0.0
11
-30.330317
21
-41.236338
31
0.0
0
LINE
8
top
10
-30.330317
20
-41.236338
30
0.0
11
-30.000000
21
-41.250000
31
0.0
0
LINE
8
right
10
134.055202
20
-3.000000
30
0.0
11
134.385519
21
-3.000000
31
0.0
0
LINE
8
right
10
134.385519
20
-3.000000
30
0.0
11
134.713580
21
-3.000000
31
0.0
0
LINE
8
right
10
134.713580
20
-3.000000
30
0.0
11
135.037144
21
-3.000000
31
0.0
0
LINE
8
right
10
135.037144
20
-3.000000
30
0.0
11
135.354000
21
-3.000000
31
0.0
0
LINE
8
right
10
135.354000
20
-3.000000
30
0.0
11
135.661984
21
-3.000000
31
0.0
0
LINE
8
right
10
135.661984
20
-3.000000
30
0.0
11
135.958991
21
-3.000000
31
0.0
0
LINE
8
right
10
135.958991
20
-3.000000
30
0.0
11
136.242995
21
-3.000000
31
0.0
0
LINE
8
right
10
136.242995
20
-3.000000
30
0.0
11
136.512053
21
-3.000000
31
0.0
0
LINE
8
right
10
136.512053
20
-3.000000
30
0.0
11
136.764328
21
-3.000000
31
0.0
0
LINE
8
right
10
136.764328
20
-3.000000
30
0.0
11
136.998098
21
-3.000000
31
0.0
0
LINE
8
right
10
136.998098
20
-3.000000
30
0.0
11
137.211764
21
-3.000000
31
0.0
0
LINE
8
right
10
137.211764
20
-3.000000
30
0.0
11
137.403868
21
-3.000000
31
0.0
0
LINE
8
right
10
137.403868
20
-3.000000
30
0.0
11
137.573097
21
-3.000000
31
0.0
0
LINE
8
right
10
137.573097
20
-3.000000
30
0.0
11
137.718295
21
-3.000000
31
0.0
0
LINE
8
right
10
137.718295
20
-3.000000
30
0.0
11
137.838471
21
-3.000000
31
0.0
0
LINE
8
right
10
137.838471
20
-3.000000
30
0.0
11
137.932803
21
-3.000000
31
0.0
0
LINE
8
right
10
137.932803
20
-3.000000
30
0.0
11
138.000647
21
-3.000000
31
0.0
0
LINE
8
right
10
138.000647
20
-3.000000
30
0.0
11
138.041540
21
-3.000000
31
0.0
0
LINE
8
right
10
138.041540
20
-3.000000
30
0.0
11
138.055202
21
-3.000000
31
0.0
0
LINE
8
front
10
-30.000000
20
0.175000
30
0.0
11
-30.330317
21
0.175000
31
0.0
0
LINE
8
front
10
-30.330317
20
0.175000
30
0.0
11
-30.658378
21
0.175000
31
0.0
0
LINE
8
front
10
-30.658378
20
0.175000
30
0.0
11
-30.981942
21
0.175000
31
0.0
0
LINE
8
front
10
-30.981942
20
0.175000
30
0.0
11
-31.298798
21
0.175000
31
0.0
0
LINE
8
front
10
-31.298798
20
0.175000
30
0.0
11
-31.606782
21
0.175000
31
0.0
0
LINE
8
front
10
-31.606782
20
0.175000
30
0.0
11
-31.903790
21
0.175000
31
0.0
0
LINE
8
front
10
-31.903790
20
0.175000
30
0.0
11
-32.187793
21
0.175000
31
0.0
0
LINE
8
front
10
-32.187793
20
0.175000
30
0.0
11
-32.456851
21
0.175000
31
0.0
0
LINE
8
front
10
-32.456851
20
0.175000
30
0.0
11
-32.709126
21
0.175000
31
0.0
0
LINE
8
front
10
-32.709126
20
0.175000
30
0.0
11
-32.942896
21
0.175000
31
0.0
0
LINE
8
front
10
-32.942896
20
0.175000
30
0.0
11
-33.156562
21
0.175000
31
0.0
0
LINE
8
front
10
-33.156562
20
0.175000
30
0.0
11
-33.348666
21
0.175000
31
0.0
0
LINE
8
front
10
-33.348666
20
0.175000
30
0.0
11
-33.517895
21
0.175000
31
0.0
0
LINE
8
front
10
-33.517895
20
0.175000
30
0.0
11
-33.663093
21
0.175000
31
0.0
0
LINE
8
front
10
-33.663093
20
0.175000
30
0.0
11
-33.783269
21
0.175000
31
0.0
0
LINE
8
front
10
-33.783269
20
0.175000
30
0.0
11
-33.877601
21
0.175000
31
0.0
0
LINE
8
front
10
-33.877601
20
0.175000
30
0.0
11
-33.945445
21
0.175000
31
0.0
0
LINE
8
front
10
-33.945445
20
0.175000
30
0.0
11
-33.986338
21
0.175000
31
0.0
0
LINE
8
front
10
-33.986338
20
0.175000
30
0.0
11
-34.000000
21
0.175000
31
0.0
0
LINE
8
top
10
-30.000000
20
-41.250000
30
0.0
11
-30.330317
21
-41.236338
31
0.0
0
LINE
8
top
10
-30.330317
20
-41.236338
30
0.0
11
-30.658378
21
-41.195445
31
0.0
0
LINE
8
top
10
-30.658378
20
-41.195445
30
0.0
11
-30.981942
21
-41.127601
31
0.0
0
LINE
8
top
10
-30.981942
20
-41.127601
30
0.0
11
-31.298798
21
-41.033269
31
0.0
0
LINE
8
top
10
-31.298798
20
-41.033269
30
0.0
11
-31.606782
21
-40.913093
31
0.0
0
LINE
8
top
10
-31.606782
20
-40.913093
30
0.0
11
-31.903790
21
-40.767895
31
0.0
0
LINE
8
top
10
-31.903790
20
-40.767895
30
0.0
11
-32.187793
21
-40.598666
31
0.0
0
LINE
8
top
10
-32.187793
20
-40.598666
30
0.0
11
-32.456851
21
-40.406562
31
0.0
0
LINE
8
top
10
-32.456851
20
-40.406562
30
0.0
11
-32.709126
21
-40.192896
31
0.0
0
LINE
8
top
10
-32.709126
20
-40.192896
30
0.0
11
-32.942896
21
-39.959126
31
0.0
0
LINE
8
top
10
-32.942896
20
-39.959126
30
0.0
11
-33.156562
21
-39.706851
31
0.0
0
LINE
8
top
10
-33.156562
20
-39.706851
30
0.0
11
-33.348666
21
-39.437793
31
0.0
0
LINE
8
top
10
-33.348666
20
-39.437793
30
0.0
11
-33.517895
21
-39.153790
31
0.0
0
LINE
8
top
10
-33.517895
20
-39.153790
30
0.0
11
-33.663093
21
-38.856782
31
0.0
0
LINE
8
top
10
-33.663093
20
-38.856782
30
0.0
11
-33.783269
21
-38.548798
31
0.0
0
LINE
8
top
10
-33.783269
20
-38.548798
30
0.0
11
-33.877601
21
-38.231942
31
0.0
0
LINE
8
top
10
-33.877601
20
-38.231942
30
0.0
11
-33.945445
21
-37.908378
31
0.0
0
LINE
8
top
10
-33.945445
20
-37.908378
30
0.0
11
-33.986338
21
-37.580317
31
0.0
0
LINE
8
top
10
-33.986338
20
-37.580317
30
0.0
11
-34.000000
21
-37.250000
31
0.0
0
LINE
8
right
10
138.055202
20
0.175000
30
0.0
11
138.041540
21
0.175000
31
0.0
0
LINE
8
right
10
138.041540
20
0.175000
30
0.0
11
138.000647
21
0.175000
31
0.0
0
LINE
8
right
10
138.000647
20
0.175000
30
0.0
11
137.932803
21
0.175000
31
0.0
0
LINE
8
right
10
137.932803
20
0.175000
30
0.0
11
137.838471
21
0.175000
31
0.0
0
LINE
8
right
10
137.838471
20
0.175000
30
0.0
11
137.718295
21
0.175000
31
0.0
0
LINE
8
right
10
137.718295
20
0.175000
30
0.0
11
137.573097
21
0.175000
31
0.0
0
LINE
8
right
10
137.573097
20
0.175000
30
0.0
11
137.403868
21
0.175000
31
0.0
0
LINE
8
right
10
137.403868
20
0.175000
30
0.0
11
137.211764
21
0.175000
31
0.0
0
LINE
8
right
10
137.211764
20
0.175000
30
0.0
11
136.998098
21
0.175000
31
0.0
0
LINE
8
right
10
136.998098
20
0.175000
30
0.0
11
136.764328
21
0.175000
31
0.0
0
LINE
8
right
10
136.764328
20
0.175000
30
0.0
11
136.512053
21
0.175000
31
0.0
0
LINE
8
right
10
136.512053
20
0.175000
30
0.0
11
136.242995
21
0.175000
31
0.0
0
LINE
8
right
10
136.242995
20
0.175000
30
0.0
11
135.958991
21
0.175000
31
0.0
0
LINE
8
right
10
135.958991
20
0.175000
30
0.0
11
135.661984
21
0.175000
31
0.0
0
LINE
8
right
10
135.661984
20
0.175000
30
0.0
11
135.354000
21
0.175000
31
0.0
0
LINE
8
right
10
135.354000
20
0.175000
30
0.0
11
135.037144
21
0.175000
31
0.0
0
LINE
8
right
10
135.037144
20
0.175000
30
0.0
11
134.713580
21
0.175000
31
0.0
0
LINE
8
right
10
134.713580
20
0.175000
30
0.0
11
134.385519
21
0.175000
31
0.0
0
LINE
8
right
10
134.385519
20
0.175000
30
0.0
11
134.055202
21
0.175000
31
0.0
0
LINE
8
front
10
32.480202
20
-3.000000
30
0.0
11
32.460024
21
-3.000000
31
0.0
0
LINE
8
front
10
32.460024
20
-3.000000
30
0.0
11
32.208153
21
-3.000000
31
0.0
0
LINE
8
front
10
32.208153
20
-3.000000
30
0.0
11
31.726386
21
-3.000000
31
0.0
0
LINE
8
front
10
31.726386
20
-3.000000
30
0.0
11
31.018163
21
-3.000000
31
0.0
0
LINE
8
front
10
31.018163
20
-3.000000
30
0.0
11
30.088537
21
-3.000000
31
0.0
0
LINE
8
front
10
30.088537
20
-3.000000
30
0.0
11
28.944146
21
-3.000000
31
0.0
0
LINE
8
front
10
28.944146
20
-3.000000
30
0.0
11
27.593157
21
-3.000000
31
0.0
0
LINE
8
front
10
27.593157
20
-3.000000
30
0.0
11
26.045214
21
-3.000000
31
0.0
0
LINE
8
front
10
26.045214
20
-3.000000
30
0.0
11
24.311365
21
-3.000000
31
0.0
0
LINE
8
front
10
24.311365
20
-3.000000
30
0.0
11
22.403986
21
-3.000000
31
0.0
0
LINE
8
front
10
22.403986
20
-3.000000
30
0.0
11
20.336692
21
-3.000000
31
0.0
0
LINE
8
front
10
20.336692
20
-3.000000
30
0.0
11
18.124238
21
-3.000000
31
0.0
0
LINE
8
front
10
18.124238
20
-3.000000
30
0.0
11
15.782417
21
-3.000000
31
0.0
0
LINE
8
front
10
15.782417
20
-3.000000
30
0.0
11
13.327945
21
-3.000000
31
0.0
0
LINE
8
front
10
13.327945
20
-3.000000
30
0.0
11
10.778340
21
-3.000000
31
0.0
0
LINE
8
front
10
10.778340
20
-3.000000
30
0.0
11
8.151801
21
-3.000000
31
0.0
0
LINE
8
front
10
8.151801
20
-3.000000
30
0.0
11
5.467076
21
-3.000000
31
0.0
0
LINE
8
front
10
5.467076
20
-3.000000
30
0.0
11
2.743329
21
-3.000000
31
0.0
0
LINE
8
front
10
2.743329
20
-3.000000
30
0.0
11
0.0
21
-3.000000
31
0.0
0
LINE
8
top
10
32.480202
20
15.615766
30
0.0
11
32.460024
21
18.361472
31
0.0
0
LINE
8
top
10
32.460024
20
18.361472
30
0.0
11
32.208153
21
21.095675
31
0.0
0
LINE
8
top
10
32.208153
20
21.095675
30
0.0
11
31.726386
21
23.798860
31
0.0
0
LINE
8
top
10
31.726386
20
23.798860
30
0.0
11
31.018163
21
26.451731
31
0.0
0
LINE
8
top
10
31.018163
20
26.451731
30
0.0
11
30.088537
21
29.035354
31
0.0
0
LINE
8
top
10
30.088537
20
29.035354
30
0.0
11
28.944146
21
31.531285
31
0.0
0
LINE
8
top
10
28.944146
20
31.531285
30
0.0
11
27.593157
21
33.921711
31
0.0
0
LINE
8
top
10
27.593157
20
33.921711
30
0.0
11
26.045214
21
36.189569
31
0.0
0
LINE
8
top
10
26.045214
20
36.189569
30
0.0
11
24.311365
21
38.318670
31
0.0
0
LINE
8
top
10
24.311365
20
38.318670
30
0.0
11
22.403986
21
40.293819
31
0.0
0
LINE
8
top
10
22.403986
20
40.293819
30
0.0
11
20.336692
21
42.100917
31
0.0
0
LINE
8
top
10
20.336692
20
42.100917
30
0.0
11
18.124238
21
43.727064
31
0.0
0
LINE
8
top
10
18.124238
20
43.727064
30
0.0
11
15.782417
21
45.160655
31
0.0
0
LINE
8
top
10
15.782417
20
45.160655
30
0.0
11
13.327945
21
46.391456
31
0.0
0
LINE
8
top
10
13.327945
20
46.391456
30
0.0
11
10.778340
21
47.410682
31
0.0
0
LINE
8
top
10
10.778340
20
47.410682
30
0.0
11
8.151801
21
48.211058
31
0.0
0
LINE
8
top
10
8.151801
20
48.211058
30
0.0
11
5.467076
21
48.786871
31
0.0
0
LINE
8
top
10
5.467076
20
48.786871
30
0.0
11
2.743329
21
49.134011
31
0.0
0
LINE
8
top
10
2.743329
20
49.134011
30
0.0
11
0.0
21
49.250000
31
0.0
0
LINE
8
right
10
81.189436
20
-3.000000
30
0.0
11
78.443730
21
-3.000000
31
0.0
0
LINE
8
right
10
78.443730
20
-3.000000
30
0.0
11
75.709527
21
-3.000000
31
0.0
0
LINE
8
right
10
75.709527
20
-3.000000
30
0.0
11
73.006342
21
-3.000000
31
0.0
0
LINE
8
right
10
73.006342
20
-3.000000
30
0.0
11
70.353471
21
-3.000000
31
0.0
0
LINE
8
right
10
70.353471
20
-3.000000
30
0.0
11
67.769848
21
-3.000000
31
0.0
0
LINE
8
right
10
67.769848
20
-3.000000
30
0.0
11
65.273916
21
-3.000000
31
0.0
0
LINE
8
right
10
65.273916
20
-3.000000
30
0.0
11
62.883491
21
-3.000000
31
0.0
0
LINE
8
right
10
62.883491
20
-3.000000
30
0.0
11
60.615633
21
-3.000000
31
0.0
0
LINE
8
right
10
60.615633
20
-3.000000
30
0.0
11
58.486531
21
-3.000000
31
0.0
0
LINE
8
right
10
58.486531
20
-3.000000
30
0.0
11
56.511383
21
-3.000000
31
0.0
0
LINE
8
right
10
56.511383
20
-3.000000
30
0.0
11
54.704285
21
-3.000000
31
0.0
0
LINE
8
right
10
54.704285
20
-3.000000
30
0.0
11
53.078138
21
-3.000000
31
0.0
0
LINE
8
right
10
53.078138
20
-3.000000
30
0.0
11
51.644547
21
-3.000000
31
0.0
0
LINE
8
right
10
51.644547
20
-3.000000
30
0.0
11
50.413746
21
-3.000000
31
0.0
0
LINE
8
right
10
50.413746
20
-3.000000
30
0.0
11
49.394520
21
-3.000000
31
0.0
0
LINE
8
right
10
49.394520
20
-3.000000
30
0.0
11
48.594144
21
-3.000000
31
0.0
0
LINE
8
right
10
48.594144
20
-3.000000
30
0.0
11
48.018331
21
-3.000000
31
0.0
0
LINE
8
right
10
48.018331
20
-3.000000
30
0.0
11
47.671191
21
-3.000000
31
0.0
0
LINE
8
right
10
47.671191
20
-3.000000
30
0.0
11
47.555202
21
-3.000000
31
0.0
0
LINE
8
front
10
32.480202
20
0.175000
30
0.0
11
32.460024
21
0.175000
31
0.0
0
LINE
8
front
10
32.460024
20
0.175000
30
0.0
11
32.208153
21
0.175000
31
0.0
0
LINE
8
front
10
32.208153
20
0.175000
30
0.0
11
31.726386
21
0.175000
31
0.0
0
LINE
8
front
10
31.726386
20
0.175000
30
0.0
11
31.018163
21
0.175000
31
0.0
0
LINE
8
front
10
31.018163
20
0.175000
30
0.0
11
30.088537
21
0.175000
31
0.0
0
LINE
8
front
10
30.088537
20
0.175000
30
0.0
11
28.944146
21
0.175000
31
0.0
0
LINE
8
front
10
28.944146
20
0.175000
30
0.0
11
27.593157
21
0.175000
31
0.0
0
LINE
8
front
10
27.593157
20
0.175000
30
0.0
11
26.045214
21
0.175000
31
0.0
0
LINE
8
front
10
26.045214
20
0.175000
30
0.0
11
24.311365
21
0.175000
31
0.0
0
LINE
8
front
10
24.311365
20
0.175000
30
0.0
11
22.403986
21
0.175000
31
0.0
0
LINE
8
front
10
22.403986
20
0.175000
30
0.0
11
20.336692
21
0.175000
31
0.0
0
LINE
8
front
10
20.336692
20
0.175000
30
0.0
11
18.124238
21
0.175000
31
0.0
0
LINE
8
front
10
18.124238
20
0.175000
30
0.0
11
15.782417
21
0.175000
31
0.0
0
LINE
8
front
10
15.782417
20
0.175000
30
0.0
11
13.327945
21
0.175000
31
0.0
0
LINE
8
front
10
13.327945
20
0.175000
30
0.0
11
10.778340
21
0.175000
31
0.0
0
LINE
8
front
10
10.778340
20
0.175000
30
0.0
11
8.151801
21
0.175000
31
0.0
0
LINE
8
front
10
8.151801
20
0.175000
30
0.0
11
5.467076
21
0.175000
31
0.0
0
LINE
8
front
10
5.467076
20
0.175000
30
0.0
11
2.743329
21
0.175000
31
0.0
0
LINE
8
front
10
2.743329
20
0.175000
30
0.0
11
0.0
21
0.175000
31
0.0
0
LINE
8
top
10
32.480202
20
15.615766
30
0.0
11
32.460024
21
18.361472
31
0.0
0
LINE
8
top
10
32.460024
20
18.361472
30
0.0
11
32.208153
21
21.095675
31
0.0
0
LINE
8
top
10
32.208153
20
21.095675
30
0.0
11
31.726386
21
23.798860
31
0.0
0
LINE
8
top
10
31.726386
20
23.798860
30
0.0
11
31.018163
21
26.451731
31
0.0
0
LINE
8
top
10
31.018163
20
26.451731
30
0.0
11
30.088537
21
29.035354
31
0.0
0
LINE
8
top
10
30.088537
20
29.035354
30
0.0
11
28.944146
21
31.531285
31
0.0
0
LINE
8
top
10
28.944146
20
31.531285
30
0.0
11
27.593157
21
33.921711
31
0.0
0
LINE
8
top
10
27.593157
20
33.921711
30
0.0
11
26.045214
21
36.189569
31
0.0
0
LINE
8
top
10
26.045214
20
36.189569
30
0.0
11
24.311365
21
38.318670
31
0.0
0
LINE
8
top
10
24.311365
20
38.318670
30
0.0
11
22.403986
21
40.293819
31
0.0
0
LINE
8
top
10
22.403986
20
40.293819
30
0.0
11
20.336692
21
42.100917
31
0.0
0
LINE
8
top
10
20.336692
20
42.100917
30
0.0
11
18.124238
21
43.727064
31
0.0
0
LINE
8
top
10
18.124238
20
43.727064
30
0.0
11
15.782417
21
45.160655
31
0.0
0
LINE
8
top
10
15.782417
20
45.160655
30
0.0
11
13.327945
21
46.391456
31
0.0
0
LINE
8
top
10
13.327945
20
46.391456
30
0.0
11
10.778340
21
47.410682
31
0.0
0
LINE
8
top
10
10.778340
20
47.410682
30
0.0
11
8.151801
21
48.211058
31
0.0
0
LINE
8
top
10
8.151801
20
48.211058
30
0.0
11
5.467076
21
48.786871
31
0.0
0
LINE
8
top
10
5.467076
20
48.786871
30
0.0
11
2.743329
21
49.134011
31
0.0
0
LINE
8
top
10
2.743329
20
49.134011
30
0.0
11
0.0
21
49.250000
31
0.0
0
LINE
8
right
10
81.189436
20
0.175000
30
0.0
11
78.443730
21
0.175000
31
0.0
0
LINE
8
right
10
78.443730
20
0.175000
30
0.0
11
75.709527
21
0.175000
31
0.0
0
LINE
8
right
10
75.709527
20
0.175000
30
0.0
11
73.006342
21
0.175000
31
0.0
0
LINE
8
right
10
73.006342
20
0.175000
30
0.0
11
70.353471
21
0.175000
31
0.0
0
LINE
8
right
10
70.353471
20
0.175000
30
0.0
11
67.769848
21
0.175000
31
0.0
0
LINE
8
right
10
67.769848
20
0.175000
30
0.0
11
65.273916
21
0.175000
31
0.0
0
LINE
8
right
10
65.273916
20
0.175000
30
0.0
11
62.883491
21
0.175000
31
0.0
0
LINE
8
right
10
62.883491
20
0.175000
30
0.0
11
60.615633
21
0.175000
31
0.0
0
LINE
8
right
10
60.615633
20
0.175000
30
0.0
11
58.486531
21
0.175000
31
0.0
0
LINE
8
right
10
58.486531
20
0.175000
30
0.0
11
56.511383
21
0.175000
31
0.0
0
LINE
8
right
10
56.511383
20
0.175000
30
0.0
11
54.704285
21
0.175000
31
0.0
0
LINE
8
right
10
54.704285
20
0.175000
30
0.0
11
53.078138
21
0.175000
31
0.0
0
LINE
8
right
10
53.078138
20
0.175000
30
0.0
11
51.644547
21
0.175000
31
0.0
0
LINE
8
right
10
51.644547
20
0.175000
30
0.0
11
50.413746
21
0.175000
31
0.0
0
LINE
8
right
10
50.413746
20
0.175000
30
0.0
11
49.394520
21
0.175000
31
0.0
0
LINE
8
right
10
49.394520
20
0.175000
30
0.0
11
48.594144
21
0.175000
31
0.0
0
LINE
8
right
10
48.594144
20
0.175000
30
0.0
11
48.018331
21
0.175000
31
0.0
0
LINE
8
right
10
48.018331
20
0.175000
30
0.0
11
47.671191
21
0.175000
31
0.0
0
LINE
8
right
10
47.671191
20
0.175000
30
0.0
11
47.555202
21
0.175000
31
0.0
0
LINE
8
front
10
32.480202
20
-3.000000
30
0.0
11
32.480202
21
0.175000
31
0.0
0
LINE
8
top
10
32.480202
20
15.615766
30
0.0
11
32.480202
21
15.615766
31
0.0
0
LINE
8
right
10
81.189436
20
-3.000000
30
0.0
11
81.189436
21
0.175000
31
0.0
0
LINE
8
front
10
31.998471
20
-3.000000
30
0.0
11
32.480202
21
-3.000000
31
0.0
0
LINE
8
top
10
31.998471
20
1.820788
30
0.0
11
32.480202
21
15.615766
31
0.0
0
LINE
8
right
10
94.984414
20
-3.000000
30
0.0
11
81.189436
21
-3.000000
31
0.0
0
LINE
8
front
10
31.998471
20
0.175000
30
0.0
11
32.480202
21
0.175000
31
0.0
0
LINE
8
top
10
31.998471
20
1.820788
30
0.0
11
32.480202
21
15.615766
31
0.0
0
LINE
8
right
10
94.984414
20
0.175000
30
0.0
11
81.189436
21
0.175000
31
0.0
0
LINE
8
front
10
31.998471
20
-3.000000
30
0.0
11
31.998471
21
0.175000
31
0.0
0
LINE
8
top
10
31.998471
20
1.820788
30
0.0
11
31.998471
21
1.820788
31
0.0
0
LINE
8
right
10
94.984414
20
-3.000000
30
0.0
11
94.984414
21
0.175000
31
0.0
0
LINE
8
front
10
24.565056
20
-3.000000
30
0.0
11
26.176945
21
-3.000000
31
0.0
0
LINE
8
front
10
26.176945
20
-3.000000
30
0.0
11
27.610035
21
-3.000000
31
0.0
0
LINE
8
front
10
27.610035
20
-3.000000
30
0.0
11
28.854529
21
-3.000000
31
0.0
0
LINE
8
front
10
28.854529
20
-3.000000
30
0.0
11
29.901923
21
-3.000000
31
0.0
0
LINE
8
front
10
29.901923
20
-3.000000
30
0.0
11
30.745056
21
-3.000000
31
0.0
0
LINE
8
front
10
30.745056
20
-3.000000
30
0.0
11
31.378165
21
-3.000000
31
0.0
0
LINE
8
front
10
31.378165
20
-3.000000
30
0.0
11
31.796924
21
-3.000000
31
0.0
0
LINE
8
front
10
31.796924
20
-3.000000
30
0.0
11
31.998471
21
-3.000000
31
0.0
0
LINE
8
top
10
24.565056
20
-17.591439
30
0.0
11
26.176945
21
-15.493589
31
0.0
0
LINE
8
top
10
26.176945
20
-15.493589
30
0.0
11
27.610035
21
-13.269761
31
0.0
0
LINE
8
top
10
27.610035
20
-13.269761
30
0.0
11
28.854529
21
-10.935153
31
0.0
0
LINE
8
top
10
28.854529
20
-10.935153
30
0.0
11
29.901923
21
-8.505724
31
0.0
0
LINE
8
top
10
29.901923
20
-8.505724
30
0.0
11
30.745056
21
-5.998078
31
0.0
0
LINE
8
top
10
30.745056
20
-5.998078
30
0.0
11
31.378165
21
-3.429356
31
0.0
0
LINE
8
top
10
31.378165
20
-3.429356
30
0.0
11
31.796924
21
-0.817116
31
0.0
0
LINE
8
top
10
31.796924
20
-0.817116
30
0.0
11
31.998471
21
1.820788
31
0.0
0
LINE
8
right
10
114.396641
20
-3.000000
30
0.0
11
112.298791
21
-3.000000
31
0.0
0
LINE
8
right
10
112.298791
20
-3.000000
30
0.0
11
110.074963
21
-3.000000
31
0.0
0
LINE
8
right
10
110.074963
20
-3.000000
30
0.0
11
107.740355
21
-3.000000
31
0.0
0
LINE
8
right
10
107.740355
20
-3.000000
30
0.0
11
105.310926
21
-3.000000
31
0.0
0
LINE
8
right
10
105.310926
20
-3.000000
30
0.0
11
102.803280
21
-3.000000
31
0.0
0
LINE
8
right
10
102.803280
20
-3.000000
30
0.0
11
100.234558
21
-3.000000
31
0.0
0
LINE
8
right
10
100.234558
20
-3.000000
30
0.0
11
97.622318
21
-3.000000
31
0.0
0
LINE
8
right
10
97.622318
20
-3.000000
30
0.0
11
94.984414
21
-3.000000
31
0.0
0
LINE
8
front
10
31.998471
20
0.175000
30
0.0
11
31.796924
21
0.175000
31
0.0
0
LINE
8
front
10
31.796924
20
0.175000
30
0.0
11
31.378165
21
0.175000
31
0.0
0
LINE
8
front
10
31.378165
20
0.175000
30
0.0
11
30.745056
21
0.175000
31
0.0
0
LINE
8
front
10
30.745056
20
0.175000
30
0.0
11
29.901923
21
0.175000
31
0.0
0
LINE
8
front
10
29.901923
20
0.175000
30
0.0
11
28.854529
21
0.175000
31
0.0
0
LINE
8
front
10
28.854529
20
0.175000
30
0.0
11
27.610035
21
0.175000
31
0.0
0
LINE
8
front
10
27.610035
20
0.175000
30
0.0
11
26.176945
21
0.175000
31
0.0
0
LINE
8
front
10
26.176945
20
0.175000
30
0.0
11
24.565056
21
0.175000
31
0.0
0
LINE
8
top
10
31.998471
20
1.820788
30
0.0
11
31.796924
21
-0.817116
31
0.0
0
LINE
8
top
10
31.796924
20
-0.817116
30
0.0
11
31.378165
21
-3.429356
31
0.0
0
LINE
8
top
10
31.378165
20
-3.429356
30
0.0
11
30.745056
21
-5.998078
31
0.0
0
LINE
8
top
10
30.745056
20
-5.998078
30
0.0
11
29.901923
21
-8.505724
31
0.0
0
LINE
8
top
10
29.901923
20
-8.505724
30
0.0
11
28.854529
21
-10.935153
31
0.0
0
LINE
8
top
10
28.854529
20
-10.935153
30
0.0
11
27.610035
21
-13.269761
31
0.0
0
LINE
8
top
10
27.610035
20
-13.269761
30
0.0
11
26.176945
21
-15.493589
31
0.0
0
LINE
8
top
10
26.176945
20
-15.493589
30
0.0
11
24.565056
21
-17.591439
31
0.0
0
LINE
8
right
10
94.984414
20
0.175000
30
0.0
11
97.622318
21
0.175000
31
0.0
0
LINE
8
right
10
97.622318
20
0.175000
30
0.0
11
100.234558
21
0.175000
31
0.0
0
LINE
8
right
10
100.234558
20
0.175000
30
0.0
11
102.803280
21
0.175000
31
0.0
0
LINE
8
right
10
102.803280
20
0.175000
30
0.0
11
105.310926
21
0.175000
31
0.0
0
LINE
8
right
10
105.310926
20
0.175000
30
0.0
11
107.740355
21
0.175000
31
0.0
0
LINE
8
right
10
107.740355
20
0.175000
30
0.0
11
110.074963
21
0.175000
31
0.0
0
LINE
8
right
10
110.074963
20
0.175000
30
0.0
11
112.298791
21
0.175000
31
0.0
0
LINE
8
right
10
112.298791
20
0.175000
30
0.0
11
114.396641
21
0.175000
31
0.0
0
LINE
8
front
10
24.565056
20
0.175000
30
0.0
11
24.565056
21
-3.000000
31
0.0
0
LINE
8
top
10
24.565056
20
-17.591439
30
0.0
11
24.565056
21
-17.591439
31
0.0
0
LINE
8
right
10
114.396641
20
0.175000
30
0.0
11
114.396641
21
-3.000000
31
0.0
0
LINE
8
front
10
13.033321
20
-3.000000
30
0.0
11
14.682879
21
-3.000000
31
0.0
0
LINE
8
front
10
14.682879
20
-3.000000
30
0.0
11
16.673536
21
-3.000000
31
0.0
0
LINE
8
front
10
16.673536
20
-3.000000
30
0.0
11
18.993552
21
-3.000000
31
0.0
0
LINE
8
front
10
18.993552
20
-3.000000
30
0.0
11
21.629241
21
-3.000000
31
0.0
0
LINE
8
front
10
21.629241
20
-3.000000
30
0.0
11
24.565056
21
-3.000000
31
0.0
0
LINE
8
top
10
13.033321
20
-38.479303
30
0.0
11
14.682879
21
-33.971418
31
0.0
0
LINE
8
top
10
14.682879
20
-33.971418
30
0.0
11
16.673536
21
-29.603426
31
0.0
0
LINE
8
top
10
16.673536
20
-29.603426
30
0.0
11
18.993552
21
-25.401094
31
0.0
0
LINE
8
top
10
18.993552
20
-25.401094
30
0.0
11
21.629241
21
-21.389210
31
0.0
0
LINE
8
top
10
21.629241
20
-21.389210
30
0.0
11
24.565056
21
-17.591439
31
0.0
0
LINE
8
right
10
135.284505
20
-3.000000
30
0.0
11
130.776619
21
-3.000000
31
0.0
0
LINE
8
right
10
130.776619
20
-3.000000
30
0.0
11
126.408628
21
-3.000000
31
0.0
0
LINE
8
right
10
126.408628
20
-3.000000
30
0.0
11
122.206296
21
-3.000000
31
0.0
0
LINE
8
right
10
122.206296
20
-3.000000
30
0.0
11
118.194411
21
-3.000000
31
0.0
0
LINE
8
right
10
118.194411
20
-3.000000
30
0.0
11
114.396641
21
-3.000000
31
0.0
0
LINE
8
front
10
24.565056
20
0.175000
30
0.0
11
21.629241
21
0.175000
31
0.0
0
LINE
8
front
10
21.629241
20
0.175000
30
0.0
11
18.993552
21
0.175000
31
0.0
0
LINE
8
front
10
18.993552
20
0.175000
30
0.0
11
16.673536
21
0.175000
31
0.0
0
LINE
8
front
10
16.673536
20
0.175000
30
0.0
11
14.682879
21
0.175000
31
0.0
0
LINE
8
front
10
14.682879
20
0.175000
30
0.0
11
13.033321
21
0.175000
31
0.0
0
LINE
8
top
10
24.565056
20
-17.591439
30
0.0
11
21.629241
21
-21.389210
31
0.0
0
LINE
8
top
10
21.629241
20
-21.389210
30
0.0
11
18.993552
21
-25.401094
31
0.0
0
LINE
8
top
10
18.993552
20
-25.401094
30
0.0
11
16.673536
21
-29.603426
31
0.0
0
LINE
8
top
10
16.673536
20
-29.603426
30
0.0
11
14.682879
21
-33.971418
31
0.0
0
LINE
8
top
10
14.682879
20
-33.971418
30
0.0
11
13.033321
21
-38.479303
31
0.0
0
LINE
8
right
10
114.396641
20
0.175000
30
0.0
11
118.194411
21
0.175000
31
0.0
0
LINE
8
right
10
118.194411
20
0.175000
30
0.0
11
122.206296
21
0.175000
31
0.0
0
LINE
8
right
10
122.206296
20
0.175000
30
0.0
11
126.408628
21
0.175000
31
0.0
0
LINE
8
right
10
126.408628
20
0.175000
30
0.0
11
130.776619
21
0.175000
31
0.0
0
LINE
8
right
10
130.776619
20
0.175000
30
0.0
11
135.284505
21
0.175000
31
0.0
0
LINE
8
front
10
13.033321
20
-3.000000
30
0.0
11
13.033321
21
0.175000
31
0.0
0
LINE
8
top
10
13.033321
20
-38.479303
30
0.0
11
13.033321
21
-38.479303
31
0.0
0
LINE
8
right
10
135.284505
20
-3.000000
30
0.0
11
135.284505
21
0.175000
31
0.0
0
LINE
8
front
10
9.226904
20
-3.000000
30
0.0
11
9.562088
21
-3.000000
31
0.0
0
LINE
8
front
10
9.562088
20
-3.000000
30
0.0
11
9.894914
21
-3.000000
31
0.0
0
LINE
8
front
10
9.894914
20
-3.000000
30
0.0
11
10.223041
21
-3.000000
31
0.0
0
LINE
8
front
10
10.223041
20
-3.000000
30
0.0
11
10.544161
21
-3.000000
31
0.0
0
LINE
8
front
10
10.544161
20
-3.000000
30
0.0
11
10.856016
21
-3.000000
31
0.0
0
LINE
8
front
10
10.856016
20
-3.000000
30
0.0
11
11.156411
21
-3.000000
31
0.0
0
LINE
8
front
10
11.156411
20
-3.000000
30
0.0
11
11.443233
21
-3.000000
31
0.0
0
LINE
8
front
10
11.443233
20
-3.000000
30
0.0
11
11.714466
21
-3.000000
31
0.0
0
LINE
8
front
10
11.714466
20
-3.000000
30
0.0
11
11.968201
21
-3.000000
31
0.0
0
LINE
8
front
10
11.968201
20
-3.000000
30
0.0
11
12.202653
21
-3.000000
31
0.0
0
LINE
8
front
10
12.202653
20
-3.000000
30
0.0
11
12.416174
21
-3.000000
31
0.0
0
LINE
8
front
10
12.416174
20
-3.000000
30
0.0
11
12.607260
21
-3.000000
31
0.0
0
LINE
8
front
10
12.607260
20
-3.000000
30
0.0
11
12.774569
21
-3.000000
31
0.0
0
LINE
8
front
10
12.774569
20
-3.000000
30
0.0
11
12.916923
21
-3.000000
31
0.0
0
LINE
8
front
10
12.916923
20
-3.000000
30
0.0
11
13.033321
21
-3.000000
31
0.0
0
LINE
8
top
10
9.226904
20
-41.250000
30
0.0
11
9.562088
21
-41.235932
31
0.0
0
LINE
8
top
10
9.562088
20
-41.235932
30
0.0
11
9.894914
21
-41.193826
31
0.0
0
LINE
8
top
10
9.894914
20
-41.193826
30
0.0
11
10.223041
21
-41.123979
31
0.0
0
LINE
8
top
10
10.223041
20
-41.123979
30
0.0
11
10.544161
21
-41.026881
31
0.0
0
LINE
8
top
10
10.544161
20
-41.026881
30
0.0
11
10.856016
21
-40.903217
31
0.0
0
LINE
8
top
10
10.856016
20
-40.903217
30
0.0
11
11.156411
21
-40.753856
31
0.0
0
LINE
8
top
10
11.156411
20
-40.753856
30
0.0
11
11.443233
21
-40.579847
31
0.0
0
LINE
8
top
10
11.443233
20
-40.579847
30
0.0
11
11.714466
21
-40.382417
31
0.0
0
LINE
8
top
10
11.714466
20
-40.382417
30
0.0
11
11.968201
21
-40.162952
31
0.0
0
LINE
8
top
10
11.968201
20
-40.162952
30
0.0
11
12.202653
21
-39.922998
31
0.0
0
LINE
8
top
10
12.202653
20
-39.922998
30
0.0
11
12.416174
21
-39.664241
31
0.0
0
LINE
8
top
10
12.416174
20
-39.664241
30
0.0
11
12.607260
21
-39.388502
31
0.0
0
LINE
8
top
10
12.607260
20
-39.388502
30
0.0
11
12.774569
21
-39.097720
31
0.0
0
LINE
8
top
10
12.774569
20
-39.097720
30
0.0
11
12.916923
21
-38.793942
31
0.0
0
LINE
8
top
10
12.916923
20
-38.793942
30
0.0
11
13.033321
21
-38.479303
31
0.0
0
LINE
8
right
10
138.055202
20
-3.000000
30
0.0
11
138.041134
21
-3.000000
31
0.0
0
LINE
8
right
10
138.041134
20
-3.000000
30
0.0
11
137.999028
21
-3.000000
31
0.0
0
LINE
8
right
10
137.999028
20
-3.000000
30
0.0
11
137.929181
21
-3.000000
31
0.0
0
LINE
8
right
10
137.929181
20
-3.000000
30
0.0
11
137.832083
21
-3.000000
31
0.0
0
LINE
8
right
10
137.832083
20
-3.000000
30
0.0
11
137.708419
21
-3.000000
31
0.0
0
LINE
8
right
10
137.708419
20
-3.000000
30
0.0
11
137.559057
21
-3.000000
31
0.0
0
LINE
8
right
10
137.559057
20
-3.000000
30
0.0
11
137.385049
21
-3.000000
31
0.0
0
LINE
8
right
10
137.385049
20
-3.000000
30
0.0
11
137.187619
21
-3.000000
31
0.0
0
LINE
8
right
10
137.187619
20
-3.000000
30
0.0
11
136.968154
21
-3.000000
31
0.0
0
LINE
8
right
10
136.968154
20
-3.000000
30
0.0
11
136.728199
21
-3.000000
31
0.0
0
LINE
8
right
10
136.728199
20
-3.000000
30
0.0
11
136.469443
21
-3.000000
31
0.0
0
LINE
8
right
10
136.469443
20
-3.000000
30
0.0
11
136.193704
21
-3.000000
31
0.0
0
LINE
8
right
10
136.193704
20
-3.000000
30
0.0
11
135.902922
21
-3.000000
31
0.0
0
LINE
8
right
10
135.902922
20
-3.000000
30
0.0
11
135.599144
21
-3.000000
31
0.0
0
LINE
8
right
10
135.599144
20
-3.000000
30
0.0
11
135.284505
21
-3.000000
31
0.0
0
LINE
8
front
10
13.033321
20
0.175000
30
0.0
11
12.916923
21
0.175000
31
0.0
0
LINE
8
front
10
12.916923
20
0.175000
30
0.0
11
12.774569
21
0.175000
31
0.0
0
LINE
8
front
10
12.774569
20
0.175000
30
0.0
11
12.607260
21
0.175000
31
0.0
0
LINE
8
front
10
12.607260
20
0.175000
30
0.0
11
12.416174
21
0.175000
31
0.0
0
LINE
8
front
10
12.416174
20
0.175000
30
0.0
11
12.202653
21
0.175000
31
0.0
0
LINE
8
front
10
12.202653
20
0.175000
30
0.0
11
11.968201
21
0.175000
31
0.0
0
LINE
8
front
10
11.968201
20
0.175000
30
0.0
11
11.714466
21
0.175000
31
0.0
0
LINE
8
front
10
11.714466
20
0.175000
30
0.0
11
11.443233
21
0.175000
31
0.0
0
LINE
8
front
10
11.443233
20
0.175000
30
0.0
11
11.156411
21
0.175000
31
0.0
0
LINE
8
front
10
11.156411
20
0.175000
30
0.0
11
10.856016
21
0.175000
31
0.0
0
LINE
8
front
10
10.856016
20
0.175000
30
0.0
11
10.544161
21
0.175000
31
0.0
0
LINE
8
front
10
10.544161
20
0.175000
30
0.0
11
10.223041
21
0.175000
31
0.0
0
LINE
8
front
10
10.223041
20
0.175000
30
0.0
11
9.894914
21
0.175000
31
0.0
0
LINE
8
front
10
9.894914
20
0.175000
30
0.0
11
9.562088
21
0.175000
31
0.0
0
LINE
8
front
10
9.562088
20
0.175000
30
0.0
11
9.226904
21
0.175000
31
0.0
0
LINE
8
top
10
13.033321
20
-38.479303
30
0.0
11
12.916923
21
-38.793942
31
0.0
0
LINE
8
top
10
12.916923
20
-38.793942
30
0.0
11
12.774569
21
-39.097720
31
0.0
0
LINE
8
top
10
12.774569
20
-39.097720
30
0.0
11
12.607260
21
-39.388502
31
0.0
0
LINE
8
top
10
12.607260
20
-39.388502
30
0.0
11
12.416174
21
-39.664241
31
0.0
0
LINE
8
top
10
12.416174
20
-39.664241
30
0.0
11
12.202653
21
-39.922998
31
0.0
0
LINE
8
top
10
12.202653
20
-39.922998
30
0.0
11
11.968201
21
-40.162952
31
0.0
0
LINE
8
top
10
11.968201
20
-40.162952
30
0.0
11
11.714466
21
-40.382417
31
0.0
0
LINE
8
top
10
11.714466
20
-40.382417
30
0.0
11
11.443233
21
-40.579847
31
0.0
0
LINE
8
top
10
11.443233
20
-40.579847
30
0.0
11
11.156411
21
-40.753856
31
0.0
0
LINE
8
top
10
11.156411
20
-40.753856
30
0.0
11
10.856016
21
-40.903217
31
0.0
0
LINE
8
top
10
10.856016
20
-40.903217
30
0.0
11
10.544161
21
-41.026881
31
0.0
0
LINE
8
top
10
10.544161
20
-41.026881
30
0.0
11
10.223041
21
-41.123979
31
0.0
0
LINE
8
top
10
10.223041
20
-41.123979
30
0.0
11
9.894914
21
-41.193826
31
0.0
0
LINE
8
top
10
9.894914
20
-41.193826
30
0.0
11
9.562088
21
-41.235932
31
0.0
0
LINE
8
top
10
9.562088
20
-41.235932
30
0.0
11
9.226904
21
-41.250000
31
0.0
0
LINE
8
right
10
135.284505
20
0.175000
30
0.0
11
135.599144
21
0.175000
31
0.0
0
LINE
8
right
10
135.599144
20
0.175000
30
0.0
11
135.902922
21
0.175000
31
0.0
0
LINE
8
right
10
135.902922
20
0.175000
30
0.0
11
136.193704
21
0.175000
31
0.0
0
LINE
8
right
10
136.193704
20
0.175000
30
0.0
11
136.469443
21
0.175000
31
0.0
0
LINE
8
right
10
136.469443
20
0.175000
30
0.0
11
136.728199
21
0.175000
31
0.0
0
LINE
8
right
10
136.728199
20
0.175000
30
0.0
11
136.968154
21
0.175000
31
0.0
0
LINE
8
right
10
136.968154
20
0.175000
30
0.0
11
137.187619
21
0.175000
31
0.0
0
LINE
8
right
10
137.187619
20
0.175000
30
0.0
11
137.385049
21
0.175000
31
0.0
0
LINE
8
right
10
137.385049
20
0.175000
30
0.0
11
137.559057
21
0.175000
31
0.0
0
LINE
8
right
10
137.559057
20
0.175000
30
0.0
11
137.708419
21
0.175000
31
0.0
0
LINE
8
right
10
137.708419
20
0.175000
30
0.0
11
137.832083
21
0.175000
31
0.0
0
LINE
8
right
10
137.832083
20
0.175000
30
0.0
11
137.929181
21
0.175000
31
0.0
0
LINE
8
right
10
137.929181
20
0.175000
30
0.0
11
137.999028
21
0.175000
31
0.0
0
LINE
8
right
10
137.999028
20
0.175000
30
0.0
11
138.041134
21
0.175000
31
0.0
0
LINE
8
right
10
138.041134
20
0.175000
30
0.0
11
138.055202
21
0.175000
31
0.0
0
LINE
8
front
10
9.226904
20
0.175000
30
0.0
11
9.226904
21
-3.000000
31
0.0
0
LINE
8
top
10
9.226904
20
-41.250000
30
0.0
11
9.226904
21
-41.250000
31
0.0
0
LINE
8
right
10
138.055202
20
0.175000
30
0.0
11
138.055202
21
-3.000000
31
0.0
0
LINE
8
front
10
1.416408
20
-3.000000
30
0.0
11
9.226904
21
-3.000000
31
0.0
0
LINE
8
top
10
1.416408
20
-41.250000
30
0.0
11
9.226904
21
-41.250000
31
0.0
0
LINE
8
right
10
138.055202
20
-3.000000
30
0.0
11
138.055202
21
-3.000000
31
0.0
0
LINE
8
front
10
1.416408
20
0.175000
30
0.0
11
9.226904
21
0.175000
31
0.0
0
LINE
8
top
10
1.416408
20
-41.250000
30
0.0
11
9.226904
21
-41.250000
31
0.0
0
LINE
8
right
10
138.055202
20
0.175000
30
0.0
11
138.055202
21
0.175000
31
0.0
0
LINE
8
front
10
1.416408
20
-3.000000
30
0.0
11
1.416408
21
0.175000
31
0.0
0
LINE
8
top
10
1.416408
20
-41.250000
30
0.0
11
1.416408
21
-41.250000
31
0.0
0
LINE
8
right
10
138.055202
20
-3.000000
30
0.0
11
138.055202
21
0.175000
31
0.0
0
LINE
8
front
10
-2.416852
20
-3.000000
30
0.0
11
-2.305396
21
-3.000000
31
0.0
0
LINE
8
front
10
-2.305396
20
-3.000000
30
0.0
11
-2.166811
21
-3.000000
31
0.0
0
LINE
8
front
10
-2.166811
20
-3.000000
30
0.0
11
-2.002108
21
-3.000000
31
0.0
0
LINE
8
front
10
-2.002108
20
-3.000000
30
0.0
11
-1.812486
21
-3.000000
31
0.0
0
LINE
8
front
10
-1.812486
20
-3.000000
30
0.0
11
-1.599328
21
-3.000000
31
0.0
0
LINE
8
front
10
-1.599328
20
-3.000000
30
0.0
11
-1.364187
21
-3.000000
31
0.0
0
LINE
8
front
10
-1.364187
20
-3.000000
30
0.0
11
-1.108778
21
-3.000000
31
0.0
0
LINE
8
front
10
-1.108778
20
-3.000000
30
0.0
11
-0.834962
21
-3.000000
31
0.0
0
LINE
8
front
10
-0.834962
20
-3.000000
30
0.0
11
-0.544736
21
-3.000000
31
0.0
0
LINE
8
front
10
-0.544736
20
-3.000000
30
0.0
11
-0.240214
21
-3.000000
31
0.0
0
LINE
8
front
10
-0.240214
20
-3.000000
30
0.0
11
0.076383
21
-3.000000
31
0.0
0
LINE
8
front
10
0.076383
20
-3.000000
30
0.0
11
0.402748
21
-3.000000
31
0.0
0
LINE
8
front
10
0.402748
20
-3.000000
30
0.0
11
0.736501
21
-3.000000
31
0.0
0
LINE
8
front
10
0.736501
20
-3.000000
30
0.0
11
1.075211
21
-3.000000
31
0.0
0
LINE
8
front
10
1.075211
20
-3.000000
30
0.0
11
1.416408
21
-3.000000
31
0.0
0
LINE
8
top
10
-2.416852
20
-38.392857
30
0.0
11
-2.305396
21
-38.715666
31
0.0
0
LINE
8
top
10
-2.305396
20
-38.715666
30
0.0
11
-2.166811
21
-39.027791
31
0.0
0
LINE
8
top
10
-2.166811
20
-39.027791
30
0.0
11
-2.002108
21
-39.326957
31
0.0
0
LINE
8
top
10
-2.002108
20
-39.326957
30
0.0
11
-1.812486
21
-39.610984
31
0.0
0
LINE
8
top
10
-1.812486
20
-39.610984
30
0.0
11
-1.599328
21
-39.877801
31
0.0
0
LINE
8
top
10
-1.599328
20
-39.877801
30
0.0
11
-1.364187
21
-40.125464
31
0.0
0
LINE
8
top
10
-1.364187
20
-40.125464
30
0.0
11
-1.108778
21
-40.352166
31
0.0
0
LINE
8
top
10
-1.108778
20
-40.352166
30
0.0
11
-0.834962
21
-40.556256
31
0.0
0
LINE
8
top
10
-0.834962
20
-40.556256
30
0.0
11
-0.544736
21
-40.736246
31
0.0
0
LINE
8
top
10
-0.544736
20
-40.736246
30
0.0
11
-0.240214
21
-40.890824
31
0.0
0
LINE
8
top
10
-0.240214
20
-40.890824
30
0.0
11
0.076383
21
-41.018864
31
0.0
0
LINE
8
top
10
0.076383
20
-41.018864
30
0.0
11
0.402748
21
-41.119431
31
0.0
0
LINE
8
top
10
0.402748
20
-41.119431
30
0.0
11
0.736501
21
-41.191792
31
0.0
0
LINE
8
top
10
0.736501
20
-41.191792
30
0.0
11
1.075211
21
-41.235422
31
0.0
0
LINE
8
top
10
1.075211
20
-41.235422
30
0.0
11
1.416408
21
-41.250000
31
0.0
0
LINE
8
right
10
135.198059
20
-3.000000
30
0.0
11
135.520868
21
-3.000000
31
0.0
0
LINE
8
right
10
135.520868
20
-3.000000
30
0.0
11
135.832993
21
-3.000000
31
0.0
0
LINE
8
right
10
135.832993
20
-3.000000
30
0.0
11
136.132159
21
-3.000000
31
0.0
0
LINE
8
right
10
136.132159
20
-3.000000
30
0.0
11
136.416186
21
-3.000000
31
0.0
0
LINE
8
right
10
136.416186
20
-3.000000
30
0.0
11
136.683003
21
-3.000000
31
0.0
0
LINE
8
right
10
136.683003
20
-3.000000
30
0.0
11
136.930666
21
-3.000000
31
0.0
0
LINE
8
right
10
136.930666
20
-3.000000
30
0.0
11
137.157368
21
-3.000000
31
0.0
0
LINE
8
right
10
137.157368
20
-3.000000
30
0.0
11
137.361458
21
-3.000000
31
0.0
0
LINE
8
right
10
137.361458
20
-3.000000
30
0.0
11
137.541448
21
-3.000000
31
0.0
0
LINE
8
right
10
137.541448
20
-3.000000
30
0.0
11
137.696026
21
-3.000000
31
0.0
0
LINE
8
right
10
137.696026
20
-3.000000
30
0.0
11
137.824065
21
-3.000000
31
0.0
0
LINE
8
right
10
137.824065
20
-3.000000
30
0.0
11
137.924632
21
-3.000000
31
0.0
0
LINE
8
right
10
137.924632
20
-3.000000
30
0.0
11
137.996994
21
-3.000000
31
0.0
0
LINE
8
right
10
137.996994
20
-3.000000
30
0.0
11
138.040623
21
-3.000000
31
0.0
0
LINE
8
right
10
138.040623
20
-3.000000
30
0.0
11
138.055202
21
-3.000000
31
0.0
0
LINE
8
front
10
1.416408
20
0.175000
30
0.0
11
1.075211
21
0.175000
31
0.0
0
LINE
8
front
10
1.075211
20
0.175000
30
0.0
11
0.736501
21
0.175000
31
0.0
0
LINE
8
front
10
0.736501
20
0.175000
30
0.0
11
0.402748
21
0.175000
31
0.0
0
LINE
8
front
10
0.402748
20
0.175000
30
0.0
11
0.076383
21
0.175000
31
0.0
0
LINE
8
front
10
0.076383
20
0.175000
30
0.0
11
-0.240214
21
0.175000
31
0.0
0
LINE
8
front
10
-0.240214
20
0.175000
30
0.0
11
-0.544736
21
0.175000
31
0.0
0
LINE
8
front
10
-0.544736
20
0.175000
30
0.0
11
-0.834962
21
0.175000
31
0.0
0
LINE
8
front
10
-0.834962
20
0.175000
30
0.0
11
-1.108778
21
0.175000
31
0.0
0
LINE
8
front
10
-1.108778
20
0.175000
30
0.0
11
-1.364187
21
0.175000
31
0.0
0
LINE
8
front
10
-1.364187
20
0.175000
30
0.0
11
-1.599328
21
0.175000
31
0.0
0
LINE
8
front
10
-1.599328
20
0.175000
30
0.0
11
-1.812486
21
0.175000
31
0.0
0
LINE
8
front
10
-1.812486
20
0.175000
30
0.0
11
-2.002108
21
0.175000
31
0.0
0
LINE
8
front
10
-2.002108
20
0.175000
30
0.0
11
-2.166811
21
0.175000
31
0.0
0
LINE
8
front
10
-2.166811
20
0.175000
30
0.0
11
-2.305396
21
0.175000
31
0.0
0
LINE
8
front
10
-2.305396
20
0.175000
30
0.0
11
-2.416852
21
0.175000
31
0.0
0
LINE
8
top
10
1.416408
20
-41.250000
30
0.0
11
1.075211
21
-41.235422
31
0.0
0
LINE
8
top
10
1.075211
20
-41.235422
30
0.0
11
0.736501
21
-41.191792
31
0.0
0
LINE
8
top
10
0.736501
20
-41.191792
30
0.0
11
0.402748
21
-41.119431
31
0.0
0
LINE
8
top
10
0.402748
20
-41.119431
30
0.0
11
0.076383
21
-41.018864
31
0.0
0
LINE
8
top
10
0.076383
20
-41.018864
30
0.0
11
-0.240214
21
-40.890824
31
0.0
0
LINE
8
top
10
-0.240214
20
-40.890824
30
0.0
11
-0.544736
21
-40.736246
31
0.0
0
LINE
8
top
10
-0.544736
20
-40.736246
30
0.0
11
-0.834962
21
-40.556256
31
0.0
0
LINE
8
top
10
-0.834962
20
-40.556256
30
0.0
11
-1.108778
21
-40.352166
31
0.0
0
LINE
8
top
10
-1.108778
20
-40.352166
30
0.0
11
-1.364187
21
-40.125464
31
0.0
0
LINE
8
top
10
-1.364187
20
-40.125464
30
0.0
11
-1.599328
21
-39.877801
31
0.0
0
LINE
8
top
10
-1.599328
20
-39.877801
30
0.0
11
-1.812486
21
-39.610984
31
0.0
0
LINE
8
top
10
-1.812486
20
-39.610984
30
0.0
11
-2.002108
21
-39.326957
31
0.0
0
LINE
8
top
10
-2.002108
20
-39.326957
30
0.0
11
-2.166811
21
-39.027791
31
0.0
0
LINE
8
top
10
-2.166811
20
-39.027791
30
0.0
11
-2.305396
21
-38.715666
31
0.0
0
LINE
8
top
10
-2.305396
20
-38.715666
30
0.0
11
-2.416852
21
-38.392857
31
0.0
0
LINE
8
right
10
138.055202
20
0.175000
30
0.0
11
138.040623
21
0.175000
31
0.0
0
LINE
8
right
10
138.040623
20
0.175000
30
0.0
11
137.996994
21
0.175000
31
0.0
0
LINE
8
right
10
137.996994
20
0.175000
30
0.0
11
137.924632
21
0.175000
31
0.0
0
LINE
8
right
10
137.924632
20
0.175000
30
0.0
11
137.824065
21
0.175000
31
0.0
0
LINE
8
right
10
137.824065
20
0.175000
30
0.0
11
137.696026
21
0.175000
31
0.0
0
LINE
8
right
10
137.696026
20
0.175000
30
0.0
11
137.541448
21
0.175000
31
0.0
0
LINE
8
right
10
137.541448
20
0.175000
30
0.0
11
137.361458
21
0.175000
31
0.0
0
LINE
8
right
10
137.361458
20
0.175000
30
0.0
11
137.157368
21
0.175000
31
0.0
0
LINE
8
right
10
137.157368
20
0.175000
30
0.0
11
136.930666
21
0.175000
31
0.0
0
LINE
8
right
10
136.930666
20
0.175000
30
0.0
11
136.683003
21
0.175000
31
0.0
0
LINE
8
right
10
136.683003
20
0.175000
30
0.0
11
136.416186
21
0.175000
31
0.0
0
LINE
8
right
10
136.416186
20
0.175000
30
0.0
11
136.132159
21
0.175000
31
0.0
0
LINE
8
right
10
136.132159
20
0.175000
30
0.0
11
135.832993
21
0.175000
31
0.0
0
LINE
8
right
10
135.832993
20
0.175000
30
0.0
11
135.520868
21
0.175000
31
0.0
0
LINE
8
right
10
135.520868
20
0.175000
30
0.0
11
135.198059
21
0.175000
31
0.0
0
LINE
8
front
10
-4.118750
20
-3.000000
30
0.0
11
-4.103077
21
-3.000000
31
0.0
0
LINE
8
front
10
-4.103077
20
-3.000000
30
0.0
11
-4.056177
21
-3.000000
31
0.0
0
LINE
8
front
10
-4.056177
20
-3.000000
30
0.0
11
-3.978407
21
-3.000000
31
0.0
0
LINE
8
front
10
-3.978407
20
-3.000000
30
0.0
11
-3.870359
21
-3.000000
31
0.0
0
LINE
8
front
10
-3.870359
20
-3.000000
30
0.0
11
-3.732855
21
-3.000000
31
0.0
0
LINE
8
front
10
-3.732855
20
-3.000000
30
0.0
11
-3.566942
21
-3.000000
31
0.0
0
LINE
8
front
10
-3.566942
20
-3.000000
30
0.0
11
-3.373882
21
-3.000000
31
0.0
0
LINE
8
front
10
-3.373882
20
-3.000000
30
0.0
11
-3.155146
21
-3.000000
31
0.0
0
LINE
8
front
10
-3.155146
20
-3.000000
30
0.0
11
-2.912396
21
-3.000000
31
0.0
0
LINE
8
front
10
-2.912396
20
-3.000000
30
0.0
11
-2.647481
21
-3.000000
31
0.0
0
LINE
8
front
10
-2.647481
20
-3.000000
30
0.0
11
-2.362418
21
-3.000000
31
0.0
0
LINE
8
front
10
-2.362418
20
-3.000000
30
0.0
11
-2.059375
21
-3.000000
31
0.0
0
LINE
8
front
10
-2.059375
20
-3.000000
30
0.0
11
-1.740659
21
-3.000000
31
0.0
0
LINE
8
front
10
-1.740659
20
-3.000000
30
0.0
11
-1.408695
21
-3.000000
31
0.0
0
LINE
8
front
10
-1.408695
20
-3.000000
30
0.0
11
-1.066011
21
-3.000000
31
0.0
0
LINE
8
front
10
-1.066011
20
-3.000000
30
0.0
11
-0.715213
21
-3.000000
31
0.0
0
LINE
8
front
10
-0.715213
20
-3.000000
30
0.0
11
-0.358973
21
-3.000000
31
0.0
0
LINE
8
front
10
-0.358973
20
-3.000000
30
0.0
11
0.0
21
-3.000000
31
0.0
0
LINE
8
front
10
0.0
20
-3.000000
30
0.0
11
0.358973
21
-3.000000
31
0.0
0
LINE
8
front
10
0.358973
20
-3.000000
30
0.0
11
0.715213
21
-3.000000
31
0.0
0
LINE
8
front
10
0.715213
20
-3.000000
30
0.0
11
1.066011
21
-3.000000
31
0.0
0
LINE
8
front
10
1.066011
20
-3.000000
30
0.0
11
1.408695
21
-3.000000
31
0.0
0
LINE
8
front
10
1.408695
20
-3.000000
30
0.0
11
1.740659
21
-3.000000
31
0.0
0
LINE
8
front
10
1.740659
20
-3.000000
30
0.0
11
2.059375
21
-3.000000
31
0.0
0
LINE
8
front
10
2.059375
20
-3.000000
30
0.0
11
2.362418
21
-3.000000
31
0.0
0
LINE
8
front
10
2.362418
20
-3.000000
30
0.0
11
2.647481
21
-3.000000
31
0.0
0
LINE
8
front
10
2.647481
20
-3.000000
30
0.0
11
2.912396
21
-3.000000
31
0.0
0
LINE
8
front
10
2.912396
20
-3.000000
30
0.0
11
3.155146
21
-3.000000
31
0.0
0
LINE
8
front
10
3.155146
20
-3.000000
30
0.0
11
3.373882
21
-3.000000
31
0.0
0
LINE
8
front
10
3.373882
20
-3.000000
30
0.0
11
3.566942
21
-3.000000
31
0.0
0
LINE
8
front
10
3.566942
20
-3.000000
30
0.0
11
3.732855
21
-3.000000
31
0.0
0
LINE
8
front
10
3.732855
20
-3.000000
30
0.0
11
3.870359
21
-3.000000
31
0.0
0
LINE
8
front
10
3.870359
20
-3.000000
30
0.0
11
3.978407
21
-3.000000
31
0.0
0
LINE
8
front
10
3.978407
20
-3.000000
30
0.0
11
4.056177
21
-3.000000
31
0.0
0
LINE
8
front
10
4.056177
20
-3.000000
30
0.0
11
4.103077
21
-3.000000
31
0.0
0
LINE
8
front
10
4.103077
20
-3.000000
30
0.0
11
4.118750
21
-3.000000
31
0.0
0
LINE
8
front
10
4.118750
20
-3.000000
30
0.0
11
4.103077
21
-3.000000
31
0.0
0
LINE
8
front
10
4.103077
20
-3.000000
30
0.0
11
4.056177
21
-3.000000
31
0.0
0
LINE
8
front
10
4.056177
20
-3.000000
30
0.0
11
3.978407
21
-3.000000
31
0.0
0
LINE
8
front
10
3.978407
20
-3.000000
30
0.0
11
3.870359
21
-3.000000
31
0.0
0
LINE
8
front
10
3.870359
20
-3.000000
30
0.0
11
3.732855
21
-3.000000
31
0.0
0
LINE
8
front
10
3.732855
20
-3.000000
30
0.0
11
3.566942
21
-3.000000
31
0.0
0
LINE
8
front
10
3.566942
20
-3.000000
30
0.0
11
3.373882
21
-3.000000
31
0.0
0
LINE
8
front
10
3.373882
20
-3.000000
30
0.0
11
3.155146
21
-3.000000
31
0.0
0
LINE
8
front
10
3.155146
20
-3.000000
30
0.0
11
2.912396
21
-3.000000
31
0.0
0
LINE
8
front
10
2.912396
20
-3.000000
30
0.0
11
2.647481
21
-3.000000
31
0.0
0
LINE
8
front
10
2.647481
20
-3.000000
30
0.0
11
2.362418
21
-3.000000
31
0.0
0
LINE
8
front
10
2.362418
20
-3.000000
30
0.0
11
2.059375
21
-3.000000
31
0.0
0
LINE
8
front
10
2.059375
20
-3.000000
30
0.0
11
1.740659
21
-3.000000
31
0.0
0
LINE
8
front
10
1.740659
20
-3.000000
30
0.0
11
1.408695
21
-3.000000
31
0.0
0
LINE
8
front
10
1.408695
20
-3.000000
30
0.0
11
1.066011
21
-3.000000
31
0.0
0
LINE
8
front
10
1.066011
20
-3.000000
30
0.0
11
0.715213
21
-3.000000
31
0.0
0
LINE
8
front
10
0.715213
20
-3.000000
30
0.0
11
0.358973
21
-3.000000
31
0.0
0
LINE
8
front
10
0.358973
20
-3.000000
30
0.0
11
0.0
21
-3.000000
31
0.0
0
LINE
8
front
10
0.0
20
-3.000000
30
0.0
11
-0.358973
21
-3.000000
31
0.0
0
LINE
8
front
10
-0.358973
20
-3.000000
30
0.0
11
-0.715213
21
-3.000000
31
0.0
0
LINE
8
front
10
-0.715213
20
-3.000000
30
0.0
11
-1.066011
21
-3.000000
31
0.0
0
LINE
8
front
10
-1.066011
20
-3.000000
30
0.0
11
-1.408695
21
-3.000000
31
0.0
0
LINE
8
front
10
-1.408695
20
-3.000000
30
0.0
11
-1.740659
21
-3.000000
31
0.0
0
LINE
8
front
10
-1.740659
20
-3.000000
30
0.0
11
-2.059375
21
-3.000000
31
0.0
0
LINE
8
front
10
-2.059375
20
-3.000000
30
0.0
11
-2.362418
21
-3.000000
31
0.0
0
LINE
8
front
10
-2.362418
20
-3.000000
30
0.0
11
-2.647481
21
-3.000000
31
0.0
0
LINE
8
front
10
-2.647481
20
-3.000000
30
0.0
11
-2.912396
21
-3.000000
31
0.0
0
LINE
8
front
10
-2.912396
20
-3.000000
30
0.0
11
-3.155146
21
-3.000000
31
0.0
0
LINE
8
front
10
-3.155146
20
-3.000000
30
0.0
11
-3.373882
21
-3.000000
31
0.0
0
LINE
8
front
10
-3.373882
20
-3.000000
30
0.0
11
-3.566942
21
-3.000000
31
0.0
0
LINE
8
front
10
-3.566942
20
-3.000000
30
0.0
11
-3.732855
21
-3.000000
31
0.0
0
LINE
8
front
10
-3.732855
20
-3.000000
30
0.0
11
-3.870359
21
-3.000000
31
0.0
0
LINE
8
front
10
-3.870359
20
-3.000000
30
0.0
11
-3.978407
21
-3.000000
31
0.0
0
LINE
8
front
10
-3.978407
20
-3.000000
30
0.0
11
-4.056177
21
-3.000000
31
0.0
0
LINE
8
front
10
-4.056177
20
-3.000000
30
0.0
11
-4.103077
21
-3.000000
31
0.0
0
LINE
8
front
10
-4.103077
20
-3.000000
30
0.0
11
-4.118750
21
-3.000000
31
0.0
0
LINE
8
top
10
-4.118750
20
37.750000
30
0.0
11
-4.103077
21
38.108973
31
0.0
0
LINE
8
top
10
-4.103077
20
38.108973
30
0.0
11
-4.056177
21
38.465213
31
0.0
0
LINE
8
top
10
-4.056177
20
38.465213
30
0.0
11
-3.978407
21
38.816011
31
0.0
0
LINE
8
top
10
-3.978407
20
38.816011
30
0.0
11
-3.870359
21
39.158695
31
0.0
0
LINE
8
top
10
-3.870359
20
39.158695
30
0.0
11
-3.732855
21
39.490659
31
0.0
0
LINE
8
top
10
-3.732855
20
39.490659
30
0.0
11
-3.566942
21
39.809375
31
0.0
0
LINE
8
top
10
-3.566942
20
39.809375
30
0.0
11
-3.373882
21
40.112418
31
0.0
0
LINE
8
top
10
-3.373882
20
40.112418
30
0.0
11
-3.155146
21
40.397481
31
0.0
0
LINE
8
top
10
-3.155146
20
40.397481
30
0.0
11
-2.912396
21
40.662396
31
0.0
0
LINE
8
top
10
-2.912396
20
40.662396
30
0.0
11
-2.647481
21
40.905146
31
0.0
0
LINE
8
top
10
-2.647481
20
40.905146
30
0.0
11
-2.362418
21
41.123882
31
0.0
0
LINE
8
top
10
-2.362418
20
41.123882
30
0.0
11
-2.059375
21
41.316942
31
0.0
0
LINE
8
top
10
-2.059375
20
41.316942
30
0.0
11
-1.740659
21
41.482855
31
0.0
0
LINE
8
top
10
-1.740659
20
41.482855
30
0.0
11
-1.408695
21
41.620359
31
0.0
0
LINE
8
top
10
-1.408695
20
41.620359
30
0.0
11
-1.066011
21
41.728407
31
0.0
0
LINE
8
top
10
-1.066011
20
41.728407
30
0.0
11
-0.715213
21
41.806177
31
0.0
0
LINE
8
top
10
-0.715213
20
41.806177
30
0.0
11
-0.358973
21
41.853077
31
0.0
0
LINE
8
top
10
-0.358973
20
41.853077
30
0.0
11
0.0
21
41.868750
31
0.0
0
LINE
8
top
10
0.0
20
41.868750
30
0.0
11
0.358973
21
41.853077
31
0.0
0
LINE
8
top
10
0.358973
20
41.853077
30
0.0
11
0.715213
21
41.806177
31
0.0
0
LINE
8
top
10
0.715213
20
41.806177
30
0.0
11
1.066011
21
41.728407
31
0.0
0
LINE
8
top
10
1.066011
20
41.728407
30
0.0
11
1.408695
21
41.620359
31
0.0
0
LINE
8
top
10
1.408695
20
41.620359
30
0.0
11
1.740659
21
41.482855
31
0.0
0
LINE
8
top
10
1.740659
20
41.482855
30
0.0
11
2.059375
21
41.316942
31
0.0
0
LINE
8
top
10
2.059375
20
41.316942
30
0.0
11
2.362418
21
41.123882
31
0.0
0
LINE
8
top
10
2.362418
20
41.123882
30
0.0
11
2.647481
21
40.905146
31
0.0
0
LINE
8
top
10
2.647481
20
40.905146
30
0.0
11
2.912396
21
40.662396
31
0.0
0
LINE
8
top
10
2.912396
20
40.662396
30
0.0
11
3.155146
21
40.397481
31
0.0
0
LINE
8
top
10
3.155146
20
40.397481
30
0.0
11
3.373882
21
40.112418
31
0.0
0
LINE
8
top
10
3.373882
20
40.112418
30
0.0
11
3.566942
21
39.809375
31
0.0
0
LINE
8
top
10
3.566942
20
39.809375
30
0.0
11
3.732855
21
39.490659
31
0.0
0
LINE
8
top
10
3.732855
20
39.490659
30
0.0
11
3.870359
21
39.158695
31
0.0
0
LINE
8
top
10
3.870359
20
39.158695
30
0.0
11
3.978407
21
38.816011
31
0.0
0
LINE
8
top
10
3.978407
20
38.816011
30
0.0
11
4.056177
21
38.465213
31
0.0
0
LINE
8
top
10
4.056177
20
38.465213
30
0.0
11
4.103077
21
38.108973
31
0.0
0
LINE
8
top
10
4.103077
20
38.108973
30
0.0
11
4.118750
21
37.750000
31
0.0
0
LINE
8
top
10
4.118750
20
37.750000
30
0.0
11
4.103077
21
37.391027
31
0.0
0
LINE
8
top
10
4.103077
20
37.391027
30
0.0
11
4.056177
21
37.034787
31
0.0
0
LINE
8
top
10
4.056177
20
37.034787
30
0.0
11
3.978407
21
36.683989
31
0.0
0
LINE
8
top
10
3.978407
20
36.683989
30
0.0
11
3.870359
21
36.341305
31
0.0
0
LINE
8
top
10
3.870359
20
36.341305
30
0.0
11
3.732855
21
36.009341
31
0.0
0
LINE
8
top
10
3.732855
20
36.009341
30
0.0
11
3.566942
21
35.690625
31
0.0
0
LINE
8
top
10
3.566942
20
35.690625
30
0.0
11
3.373882
21
35.387582
31
0.0
0
LINE
8
top
10
3.373882
20
35.387582
30
0.0
11
3.155146
21
35.102519
31
0.0
0
LINE
8
top
10
3.155146
20
35.102519
30
0.0
11
2.912396
21
34.837604
31
0.0
0
LINE
8
top
10
2.912396
20
34.837604
30
0.0
11
2.647481
21
34.594854
31
0.0
0
LINE
8
top
10
2.647481
20
34.594854
30
0.0
11
2.362418
21
34.376118
31
0.0
0
LINE
8
top
10
2.362418
20
34.376118
30
0.0
11
2.059375
21
34.183058
31
0.0
0
LINE
8
top
10
2.059375
20
34.183058
30
0.0
11
1.740659
21
34.017145
31
0.0
0
LINE
8
top
10
1.740659
20
34.017145
30
0.0
11
1.408695
21
33.879641
31
0.0
0
LINE
8
top
10
1.408695
20
33.879641
30
0.0
11
1.066011
21
33.771593
31
0.0
0
LINE
8
top
10
1.066011
20
33.771593
30
0.0
11
0.715213
21
33.693823
31
0.0
0
LINE
8
top
10
0.715213
20
33.693823
30
0.0
11
0.358973
21
33.646923
31
0.0
0
LINE
8
top
10
0.358973
20
33.646923
30
0.0
11
0.0
21
33.631250
31
0.0
0
LINE
8
top
10
0.0
20
33.631250
30
0.0
11
-0.358973
21
33.646923
31
0.0
0
LINE
8
top
10
-0.358973
20
33.646923
30
0.0
11
-0.715213
21
33.693823
31
0.0
0
LINE
8
top
10
-0.715213
20
33.693823
30
0.0
11
-1.066011
21
33.771593
31
0.0
0
LINE
8
top
10
-1.066011
20
33.771593
30
0.0
11
-1.408695
21
33.879641
31
0.0
0
LINE
8
top
10
-1.408695
20
33.879641
30
0.0
11
-1.740659
21
34.017145
31
0.0
0
LINE
8
top
10
-1.740659
20
34.017145
30
0.0
11
-2.059375
21
34.183058
31
0.0
0
LINE
8
top
10
-2.059375
20
34.183058
30
0.0
11
-2.362418
21
34.376118
31
0.0
0
LINE
8
top
10
-2.362418
20
34.376118
30
0.0
11
-2.647481
21
34.594854
31
0.0
0
LINE
8
top
10
-2.647481
20
34.594854
30
0.0
11
-2.912396
21
34.837604
31
0.0
0
LINE
8
top
10
-2.912396
20
34.837604
30
0.0
11
-3.155146
21
35.102519
31
0.0
0
LINE
8
top
10
-3.155146
20
35.102519
30
0.0
11
-3.373882
21
35.387582
31
0.0
0
LINE
8
top
10
-3.373882
20
35.387582
30
0.0
11
-3.566942
21
35.690625
31
0.0
0
LINE
8
top
10
-3.566942
20
35.690625
30
0.0
11
-3.732855
21
36.009341
31
0.0
0
LINE
8
top
10
-3.732855
20
36.009341
30
0.0
11
-3.870359
21
36.341305
31
0.0
0
LINE
8
top
10
-3.870359
20
36.341305
30
0.0
11
-3.978407
21
36.683989
31
0.0
0
LINE
8
top
10
-3.978407
20
36.683989
30
0.0
11
-4.056177
21
37.034787
31
0.0
0
LINE
8
top
10
-4.056177
20
37.034787
30
0.0
11
-4.103077
21
37.391027
31
0.0
0
LINE
8
top
10
-4.103077
20
37.391027
30
0.0
11
-4.118750
21
37.750000
31
0.0
0
LINE
8
right
10
59.055202
20
-3.000000
30
0.0
11
58.696229
21
-3.000000
31
0.0
0
LINE
8
right
10
58.696229
20
-3.000000
30
0.0
11
58.339988
21
-3.000000
31
0.0
0
LINE
8
right
10
58.339988
20
-3.000000
30
0.0
11
57.989191
21
-3.000000
31
0.0
0
LINE
8
right
10
57.989191
20
-3.000000
30
0.0
11
57.646506
21
-3.000000
31
0.0
0
LINE
8
right
10
57.646506
20
-3.000000
30
0.0
11
57.314543
21
-3.000000
31
0.0
0
LINE
8
right
10
57.314543
20
-3.000000
30
0.0
11
56.995827
21
-3.000000
31
0.0
0
LINE
8
right
10
56.995827
20
-3.000000
30
0.0
11
56.692784
21
-3.000000
31
0.0
0
LINE
8
right
10
56.692784
20
-3.000000
30
0.0
11
56.407720
21
-3.000000
31
0.0
0
LINE
8
right
10
56.407720
20
-3.000000
30
0.0
11
56.142806
21
-3.000000
31
0.0
0
LINE
8
right
10
56.142806
20
-3.000000
30
0.0
11
55.900056
21
-3.000000
31
0.0
0
LINE
8
right
10
55.900056
20
-3.000000
30
0.0
11
55.681319
21
-3.000000
31
0.0
0
LINE
8
right
10
55.681319
20
-3.000000
30
0.0
11
55.488260
21
-3.000000
31
0.0
0
LINE
8
right
10
55.488260
20
-3.000000
30
0.0
11
55.322347
21
-3.000000
31
0.0
0
LINE
8
right
10
55.322347
20
-3.000000
30
0.0
11
55.184843
21
-3.000000
31
0.0
0
LINE
8
right
10
55.184843
20
-3.000000
30
0.0
11
55.076795
21
-3.000000
31
0.0
0
LINE
8
right
10
55.076795
20
-3.000000
30
0.0
11
54.999025
21
-3.000000
31
0.0
0
LINE
8
right
10
54.999025
20
-3.000000
30
0.0
11
54.952125
21
-3.000000
31
0.0
0
LINE
8
right
10
54.952125
20
-3.000000
30
0.0
11
54.936452
21
-3.000000
31
0.0
0
LINE
8
right
10
54.936452
20
-3.000000
30
0.0
11
54.952125
21
-3.000000
31
0.0
0
LINE
8
right
10
54.952125
20
-3.000000
30
0.0
11
54.999025
21
-3.000000
31
0.0
0
LINE
8
right
10
54.999025
20
-3.000000
30
0.0
11
55.076795
21
-3.000000
31
0.0
0
LINE
8
right
10
55.076795
20
-3.000000
30
0.0
11
55.184843
21
-3.000000
31
0.0
0
LINE
8
right
10
55.184843
20
-3.000000
30
0.0
11
55.322347
21
-3.000000
31
0.0
0
LINE
8
right
10
55.322347
20
-3.000000
30
0.0
11
55.488260
21
-3.000000
31
0.0
0
LINE
8
right
10
55.488260
20
-3.000000
30
0.0
11
55.681319
21
-3.000000
31
0.0
0
LINE
8
right
10
55.681319
20
-3.000000
30
0.0
11
55.900056
21
-3.000000
31
0.0
0
LINE
8
right
10
55.900056
20
-3.000000
30
0.0
11
56.142806
21
-3.000000
31
0.0
0
LINE
8
right
10
56.142806
20
-3.000000
30
0.0
11
56.407720
21
-3.000000
31
0.0
0
LINE
8
right
10
56.407720
20
-3.000000
30
0.0
11
56.692784
21
-3.000000
31
0.0
0
LINE
8
right
10
56.692784
20
-3.000000
30
0.0
11
56.995827
21
-3.000000
31
0.0
0
LINE
8
right
10
56.995827
20
-3.000000
30
0.0
11
57.314543
21
-3.000000
31
0.0
0
LINE
8
right
10
57.314543
20
-3.000000
30
0.0
11
57.646506
21
-3.000000
31
0.0
0
LINE
8
right
10
57.646506
20
-3.000000
30
0.0
11
57.989191
21
-3.000000
31
0.0
0
LINE
8
right
10
57.989191
20
-3.000000
30
0.0
11
58.339988
21
-3.000000
31
0.0
0
LINE
8
right
10
58.339988
20
-3.000000
30
0.0
11
58.696229
21
-3.000000
31
0.0
0
LINE
8
right
10
58.696229
20
-3.000000
30
0.0
11
59.055202
21
-3.000000
31
0.0
0
LINE
8
right
10
59.055202
20
-3.000000
30
0.0
11
59.414175
21
-3.000000
31
0.0
0
LINE
8
right
10
59.414175
20
-3.000000
30
0.0
11
59.770415
21
-3.000000
31
0.0
0
LINE
8
right
10
59.770415
20
-3.000000
30
0.0
11
60.121213
21
-3.000000
31
0.0
0
LINE
8
right
10
60.121213
20
-3.000000
30
0.0
11
60.463897
21
-3.000000
31
0.0
0
LINE
8
right
10
60.463897
20
-3.000000
30
0.0
11
60.795861
21
-3.000000
31
0.0
0
LINE
8
right
10
60.795861
20
-3.000000
30
0.0
11
61.114577
21
-3.000000
31
0.0
0
LINE
8
right
10
61.114577
20
-3.000000
30
0.0
11
61.417620
21
-3.000000
31
0.0
0
LINE
8
right
10
61.417620
20
-3.000000
30
0.0
11
61.702683
21
-3.000000
31
0.0
0
LINE
8
right
10
61.702683
20
-3.000000
30
0.0
11
61.967598
21
-3.000000
31
0.0
0
LINE
8
right
10
61.967598
20
-3.000000
30
0.0
11
62.210347
21
-3.000000
31
0.0
0
LINE
8
right
10
62.210347
20
-3.000000
30
0.0
11
62.429084
21
-3.000000
31
0.0
0
LINE
8
right
10
62.429084
20
-3.000000
30
0.0
11
62.622144
21
-3.000000
31
0.0
0
LINE
8
right
10
62.622144
20
-3.000000
30
0.0
11
62.788057
21
-3.000000
31
0.0
0
LINE
8
right
10
62.788057
20
-3.000000
30
0.0
11
62.925561
21
-3.000000
31
0.0
0
LINE
8
right
10
62.925561
20
-3.000000
30
0.0
11
63.033609
21
-3.000000
31
0.0
0
LINE
8
right
10
63.033609
20
-3.000000
30
0.0
11
63.111379
21
-3.000000
31
0.0
0
LINE
8
right
10
63.111379
20
-3.000000
30
0.0
11
63.158279
21
-3.000000
31
0.0
0
LINE
8
right
10
63.158279
20
-3.000000
30
0.0
11
63.173952
21
-3.000000
31
0.0
0
LINE
8
right
10
63.173952
20
-3.000000
30
0.0
11
63.158279
21
-3.000000
31
0.0
0
LINE
8
right
10
63.158279
20
-3.000000
30
0.0
11
63.111379
21
-3.000000
31
0.0
0
LINE
8
right
10
63.111379
20
-3.000000
30
0.0
11
63.033609
21
-3.000000
31
0.0
0
LINE
8
right
10
63.033609
20
-3.000000
30
0.0
11
62.925561
21
-3.000000
31
0.0
0
LINE
8
right
10
62.925561
20
-3.000000
30
0.0
11
62.788057
21
-3.000000
31
0.0
0
LINE
8
right
10
62.788057
20
-3.000000
30
0.0
11
62.622144
21
-3.000000
31
0.0
0
LINE
8
right
10
62.622144
20
-3.000000
30
0.0
11
62.429084
21
-3.000000
31
0.0
0
LINE
8
right
10
62.429084
20
-3.000000
30
0.0
11
62.210347
21
-3.000000
31
0.0
0
LINE
8
right
10
62.210347
20
-3.000000
30
0.0
11
61.967598
21
-3.000000
31
0.0
0
LINE
8
right
10
61.967598
20
-3.000000
30
0.0
11
61.702683
21
-3.000000
31
0.0
0
LINE
8
right
10
61.702683
20
-3.000000
30
0.0
11
61.417620
21
-3.000000
31
0.0
0
LINE
8
right
10
61.417620
20
-3.000000
30
0.0
11
61.114577
21
-3.000000
31
0.0
0
LINE
8
right
10
61.114577
20
-3.000000
30
0.0
11
60.795861
21
-3.000000
31
0.0
0
LINE
8
right
10
60.795861
20
-3.000000
30
0.0
11
60.463897
21
-3.000000
31
0.0
0
LINE
8
right
10
60.463897
20
-3.000000
30
0.0
11
60.121213
21
-3.000000
31
0.0
0
LINE
8
right
10
60.121213
20
-3.000000
30
0.0
11
59.770415
21
-3.000000
31
0.0
0
LINE
8
right
10
59.770415
20
-3.000000
30
0.0
11
59.414175
21
-3.000000
31
0.0
0
LINE
8
right
10
59.414175
20
-3.000000
30
0.0
11
59.055202
21
-3.000000
31
0.0
0
LINE
8
front
10
-4.118750
20
0.175000
30
0.0
11
-4.103077
21
0.175000
31
0.0
0
LINE
8
front
10
-4.103077
20
0.175000
30
0.0
11
-4.056177
21
0.175000
31
0.0
0
LINE
8
front
10
-4.056177
20
0.175000
30
0.0
11
-3.978407
21
0.175000
31
0.0
0
LINE
8
front
10
-3.978407
20
0.175000
30
0.0
11
-3.870359
21
0.175000
31
0.0
0
LINE
8
front
10
-3.870359
20
0.175000
30
0.0
11
-3.732855
21
0.175000
31
0.0
0
LINE
8
front
10
-3.732855
20
0.175000
30
0.0
11
-3.566942
21
0.175000
31
0.0
0
LINE
8
front
10
-3.566942
20
0.175000
30
0.0
11
-3.373882
21
0.175000
31
0.0
0
LINE
8
front
10
-3.373882
20
0.175000
30
0.0
11
-3.155146
21
0.175000
31
0.0
0
LINE
8
front
10
-3.155146
20
0.175000
30
0.0
11
-2.912396
21
0.175000
31
0.0
0
LINE
8
front
10
-2.912396
20
0.175000
30
0.0
11
-2.647481
21
0.175000
31
0.0
0
LINE
8
front
10
-2.647481
20
0.175000
30
0.0
11
-2.362418
21
0.175000
31
0.0
0
LINE
8
front
10
-2.362418
20
0.175000
30
0.0
11
-2.059375
21
0.175000
31
0.0
0
LINE
8
front
10
-2.059375
20
0.175000
30
0.0
11
-1.740659
21
0.175000
31
0.0
0
LINE
8
front
10
-1.740659
20
0.175000
30
0.0
11
-1.408695
21
0.175000
31
0.0
0
LINE
8
front
10
-1.408695
20
0.175000
30
0.0
11
-1.066011
21
0.175000
31
0.0
0
LINE
8
front
10
-1.066011
20
0.175000
30
0.0
11
-0.715213
21
0.175000
31
0.0
0
LINE
8
front
10
-0.715213
20
0.175000
30
0.0
11
-0.358973
21
0.175000
31
0.0
0
LINE
8
front
10
-0.358973
20
0.175000
30
0.0
11
0.0
21
0.175000
31
0.0
0
LINE
8
front
10
0.0
20
0.175000
30
0.0
11
0.358973
21
0.175000
31
0.0
0
LINE
8
front
10
0.358973
20
0.175000
30
0.0
11
0.715213
21
0.175000
31
0.0
0
LINE
8
front
10
0.715213
20
0.175000
30
0.0
11
1.066011
21
0.175000
31
0.0
0
LINE
8
front
10
1.066011
20
0.175000
30
0.0
11
1.408695
21
0.175000
31
0.0
0
LINE
8
front
10
1.408695
20
0.175000
30
0.0
11
1.740659
21
0.175000
31
0.0
0
LINE
8
front
10
1.740659
20
0.175000
30
0.0
11
2.059375
21
0.175000
31
0.0
0
LINE
8
front
10
2.059375
20
0.175000
30
0.0
11
2.362418
21
0.175000
31
0.0
0
LINE
8
front
10
2.362418
20
0.175000
30
0.0
11
2.647481
21
0.175000
31
0.0
0
LINE
8
front
10
2.647481
20
0.175000
30
0.0
11
2.912396
21
0.175000
31
0.0
0
LINE
8
front
10
2.912396
20
0.175000
30
0.0
11
3.155146
21
0.175000
31
0.0
0
LINE
8
front
10
3.155146
20
0.175000
30
0.0
11
3.373882
21
0.175000
31
0.0
0
LINE
8
front
10
3.373882
20
0.175000
30
0.0
11
3.566942
21
0.175000
31
0.0
0
LINE
8
front
10
3.566942
20
0.175000
30
0.0
11
3.732855
21
0.175000
31
0.0
0
LINE
8
front
10
3.732855
20
0.175000
30
0.0
11
3.870359
21
0.175000
31
0.0
0
LINE
8
front
10
3.870359
20
0.175000
30
0.0
11
3.978407
21
0.175000
31
0.0
0
LINE
8
front
10
3.978407
20
0.175000
30
0.0
11
4.056177
21
0.175000
31
0.0
0
LINE
8
front
10
4.056177
20
0.175000
30
0.0
11
4.103077
21
0.175000
31
0.0
0
LINE
8
front
10
4.103077
20
0.175000
30
0.0
11
4.118750
21
0.175000
31
0.0
0
LINE
8
front
10
4.118750
20
0.175000
30
0.0
11
4.103077
21
0.175000
31
0.0
0
LINE
8
front
10
4.103077
20
0.175000
30
0.0
11
4.056177
21
0.175000
31
0.0
0
LINE
8
front
10
4.056177
20
0.175000
30
0.0
11
3.978407
21
0.175000
31
0.0
0
LINE
8
front
10
3.978407
20
0.175000
30
0.0
11
3.870359
21
0.175000
31
0.0
0
LINE
8
front
10
3.870359
20
0.175000
30
0.0
11
3.732855
21
0.175000
31
0.0
0
LINE
8
front
10
3.732855
20
0.175000
30
0.0
11
3.566942
21
0.175000
31
0.0
0
LINE
8
front
10
3.566942
20
0.175000
30
0.0
11
3.373882
21
0.175000
31
0.0
0
LINE
8
front
10
3.373882
20
0.175000
30
0.0
11
3.155146
21
0.175000
31
0.0
0
LINE
8
front
10
3.155146
20
0.175000
30
0.0
11
2.912396
21
0.175000
31
0.0
0
LINE
8
front
10
2.912396
20
0.175000
30
0.0
11
2.647481
21
0.175000
31
0.0
0
LINE
8
front
10
2.647481
20
0.175000
30
0.0
11
2.362418
21
0.175000
31
0.0
0
LINE
8
front
10
2.362418
20
0.175000
30
0.0
11
2.059375
21
0.175000
31
0.0
0
LINE
8
front
10
2.059375
20
0.175000
30
0.0
11
1.740659
21
0.175000
31
0.0
0
LINE
8
front
10
1.740659
20
0.175000
30
0.0
11
1.408695
21
0.175000
31
0.0
0
LINE
8
front
10
1.408695
20
0.175000
30
0.0
11
1.066011
21
0.175000
31
0.0
0
LINE
8
front
10
1.066011
20
0.175000
30
0.0
11
0.715213
21
0.175000
31
0.0
0
LINE
8
front
10
0.715213
20
0.175000
30
0.0
11
0.358973
21
0.175000
31
0.0
0
LINE
8
front
10
0.358973
20
0.175000
30
0.0
11
0.0
21
0.175000
31
0.0
0
LINE
8
front
10
0.0
20
0.175000
30
0.0
11
-0.358973
21
0.175000
31
0.0
0
LINE
8
front
10
-0.358973
20
0.175000
30
0.0
11
-0.715213
21
0.175000
31
0.0
0
LINE
8
front
10
-0.715213
20
0.175000
30
0.0
11
-1.066011
21
0.175000
31
0.0
0
LINE
8
front
10
-1.066011
20
0.175000
30
0.0
11
-1.408695
21
0.175000
31
0.0
0
LINE
8
front
10
-1.408695
20
0.175000
30
0.0
11
-1.740659
21
0.175000
31
0.0
0
LINE
8
front
10
-1.740659
20
0.175000
30
0.0
11
-2.059375
21
0.175000
31
0.0
0
LINE
8
front
10
-2.059375
20
0.175000
30
0.0
11
-2.362418
21
0.175000
31
0.0
0
LINE
8
front
10
-2.362418
20
0.175000
30
0.0
11
-2.647481
21
0.175000
31
0.0
0
LINE
8
front
10
-2.647481
20
0.175000
30
0.0
11
-2.912396
21
0.175000
31
0.0
0
LINE
8
front
10
-2.912396
20
0.175000
30
0.0
11
-3.155146
21
0.175000
31
0.0
0
LINE
8
front
10
-3.155146
20
0.175000
30
0.0
11
-3.373882
21
0.175000
31
0.0
0
LINE
8
front
10
-3.373882
20
0.175000
30
0.0
11
-3.566942
21
0.175000
31
0.0
0
LINE
8
front
10
-3.566942
20
0.175000
30
0.0
11
-3.732855
21
0.175000
31
0.0
0
LINE
8
front
10
-3.732855
20
0.175000
30
0.0
11
-3.870359
21
0.175000
31
0.0
0
LINE
8
front
10
-3.870359
20
0.175000
30
0.0
11
-3.978407
21
0.175000
31
0.0
0
LINE
8
front
10
-3.978407
20
0.175000
30
0.0
11
-4.056177
21
0.175000
31
0.0
0
LINE
8
front
10
-4.056177
20
0.175000
30
0.0
11
-4.103077
21
0.175000
31
0.0
0
LINE
8
front
10
-4.103077
20
0.175000
30
0.0
11
-4.118750
21
0.175000
31
0.0
0
LINE
8
top
10
-4.118750
20
37.750000
30
0.0
11
-4.103077
21
37.391027
31
0.0
0
LINE
8
top
10
-4.103077
20
37.391027
30
0.0
11
-4.056177
21
37.034787
31
0.0
0
LINE
8
top
10
-4.056177
20
37.034787
30
0.0
11
-3.978407
21
36.683989
31
0.0
0
LINE
8
top
10
-3.978407
20
36.683989
30
0.0
11
-3.870359
21
36.341305
31
0.0
0
LINE
8
top
10
-3.870359
20
36.341305
30
0.0
11
-3.732855
21
36.009341
31
0.0
0
LINE
8
top
10
-3.732855
20
36.009341
30
0.0
11
-3.566942
21
35.690625
31
0.0
0
LINE
8
top
10
-3.566942
20
35.690625
30
0.0
11
-3.373882
21
35.387582
31
0.0
0
LINE
8
top
10
-3.373882
20
35.387582
30
0.0
11
-3.155146
21
35.102519
31
0.0
0
LINE
8
top
10
-3.155146
20
35.102519
30
0.0
11
-2.912396
21
34.837604
31
0.0
0
LINE
8
top
10
-2.912396
20
34.837604
30
0.0
11
-2.647481
21
34.594854
31
0.0
0
LINE
8
top
10
-2.647481
20
34.594854
30
0.0
11
-2.362418
21
34.376118
31
0.0
0
LINE
8
top
10
-2.362418
20
34.376118
30
0.0
11
-2.059375
21
34.183058
31
0.0
0
LINE
8
top
10
-2.059375
20
34.183058
30
0.0
11
-1.740659
21
34.017145
31
0.0
0
LINE
8
top
10
-1.740659
20
34.017145
30
0.0
11
-1.408695
21
33.879641
31
0.0
0
LINE
8
top
10
-1.408695
20
33.879641
30
0.0
11
-1.066011
21
33.771593
31
0.0
0
LINE
8
top
10
-1.066011
20
33.771593
30
0.0
11
-0.715213
21
33.693823
31
0.0
0
LINE
8
top
10
-0.715213
20
33.693823
30
0.0
11
-0.358973
21
33.646923
31
0.0
0
LINE
8
top
10
-0.358973
20
33.646923
30
0.0
11
0.0
21
33.631250
31
0.0
0
LINE
8
top
10
0.0
20
33.631250
30
0.0
11
0.358973
21
33.646923
31
0.0
0
LINE
8
top
10
0.358973
20
33.646923
30
0.0
11
0.715213
21
33.693823
31
0.0
0
LINE
8
top
10
0.715213
20
33.693823
30
0.0
11
1.066011
21
33.771593
31
0.0
0
LINE
8
top
10
1.066011
20
33.771593
30
0.0
11
1.408695
21
33.879641
31
0.0
0
LINE
8
top
10
1.408695
20
33.879641
30
0.0
11
1.740659
21
34.017145
31
0.0
0
LINE
8
top
10
1.740659
20
34.017145
30
0.0
11
2.059375
21
34.183058
31
0.0
0
LINE
8
top
10
2.059375
20
34.183058
30
0.0
11
2.362418
21
34.376118
31
0.0
0
LINE
8
top
10
2.362418
20
34.376118
30
0.0
11
2.647481
21
34.594854
31
0.0
0
LINE
8
top
10
2.647481
20
34.594854
30
0.0
11
2.912396
21
34.837604
31
0.0
0
LINE
8
top
10
2.912396
20
34.837604
30
0.0
11
3.155146
21
35.102519
31
0.0
0
LINE
8
top
10
3.155146
20
35.102519
30
0.0
11
3.373882
21
35.387582
31
0.0
0
LINE
8
top
10
3.373882
20
35.387582
30
0.0
11
3.566942
21
35.690625
31
0.0
0
LINE
8
top
10
3.566942
20
35.690625
30
0.0
11
3.732855
21
36.009341
31
0.0
0
LINE
8
top
10
3.732855
20
36.009341
30
0.0
11
3.870359
21
36.341305
31
0.0
0
LINE
8
top
10
3.870359
20
36.341305
30
0.0
11
3.978407
21
36.683989
31
0.0
0
LINE
8
top
10
3.978407
20
36.683989
30
0.0
11
4.056177
21
37.034787
31
0.0
0
LINE
8
top
10
4.056177
20
37.034787
30
0.0
11
4.103077
21
37.391027
31
0.0
0
LINE
8
top
10
4.103077
20
37.391027
30
0.0
11
4.118750
21
37.750000
31
0.0
0
LINE
8
top
10
4.118750
20
37.750000
30
0.0
11
4.103077
21
38.108973
31
0.0
0
LINE
8
top
10
4.103077
20
38.108973
30
0.0
11
4.056177
21
38.465213
31
0.0
0
LINE
8
top
10
4.056177
20
38.465213
30
0.0
11
3.978407
21
38.816011
31
0.0
0
LINE
8
top
10
3.978407
20
38.816011
30
0.0
11
3.870359
21
39.158695
31
0.0
0
LINE
8
top
10
3.870359
20
39.158695
30
0.0
11
3.732855
21
39.490659
31
0.0
0
LINE
8
top
10
3.732855
20
39.490659
30
0.0
11
3.566942
21
39.809375
31
0.0
0
LINE
8
top
10
3.566942
20
39.809375
30
0.0
11
3.373882
21
40.112418
31
0.0
0
LINE
8
top
10
3.373882
20
40.112418
30
0.0
11
3.155146
21
40.397481
31
0.0
0
LINE
8
top
10
3.155146
20
40.397481
30
0.0
11
2.912396
21
40.662396
31
0.0
0
LINE
8
top
10
2.912396
20
40.662396
30
0.0
11
2.647481
21
40.905146
31
0.0
0
LINE
8
top
10
2.647481
20
40.905146
30
0.0
11
2.362418
21
41.123882
31
0.0
0
LINE
8
top
10
2.362418
20
41.123882
30
0.0
11
2.059375
21
41.316942
31
0.0
0
LINE
8
top
10
2.059375
20
41.316942
30
0.0
11
1.740659
21
41.482855
31
0.0
0
LINE
8
top
10
1.740659
20
41.482855
30
0.0
11
1.408695
21
41.620359
31
0.0
0
LINE
8
top
10
1.408695
20
41.620359
30
0.0
11
1.066011
21
41.728407
31
0.0
0
LINE
8
top
10
1.066011
20
41.728407
30
0.0
11
0.715213
21
41.806177
31
0.0
0
LINE
8
top
10
0.715213
20
41.806177
30
0.0
11
0.358973
21
41.853077
31
0.0
0
LINE
8
top
10
0.358973
20
41.853077
30
0.0
11
0.0
21
41.868750
31
0.0
0
LINE
8
top
10
0.0
20
41.868750
30
0.0
11
-0.358973
21
41.853077
31
0.0
0
LINE
8
top
10
-0.358973
20
41.853077
30
0.0
11
-0.715213
21
41.806177
31
0.0
0
LINE
8
top
10
-0.715213
20
41.806177
30
0.0
11
-1.066011
21
41.728407
31
0.0
0
LINE
8
top
10
-1.066011
20
41.728407
30
0.0
11
-1.408695
21
41.620359
31
0.0
0
LINE
8
top
10
-1.408695
20
41.620359
30
0.0
11
-1.740659
21
41.482855
31
0.0
0
LINE
8
top
10
-1.740659
20
41.482855
30
0.0
11
-2.059375
21
41.316942
31
0.0
0
LINE
8
top
10
-2.059375
20
41.316942
30
0.0
11
-2.362418
21
41.123882
31
0.0
0
LINE
8
top
10
-2.362418
20
41.123882
30
0.0
11
-2.647481
21
40.905146
31
0.0
0
LINE
8
top
10
-2.647481
20
40.905146
30
0.0
11
-2.912396
21
40.662396
31
0.0
0
LINE
8
top
10
-2.912396
20
40.662396
30
0.0
11
-3.155146
21
40.397481
31
0.0
0
LINE
8
top
10
-3.155146
20
40.397481
30
0.0
11
-3.373882
21
40.112418
31
0.0
0
LINE
8
top
10
-3.373882
20
40.112418
30
0.0
11
-3.566942
21
39.809375
31
0.0
0
LINE
8
top
10
-3.566942
20
39.809375
30
0.0
11
-3.732855
21
39.490659
31
0.0
0
LINE
8
top
10
-3.732855
20
39.490659
30
0.0
11
-3.870359
21
39.158695
31
0.0
0
LINE
8
top
10
-3.870359
20
39.158695
30
0.0
11
-3.978407
21
38.816011
31
0.0
0
LINE
8
top
10
-3.978407
20
38.816011
30
0.0
11
-4.056177
21
38.465213
31
0.0
0
LINE
8
top
10
-4.056177
20
38.465213
30
0.0
11
-4.103077
21
38.108973
31
0.0
0
LINE
8
top
10
-4.103077
20
38.108973
30
0.0
11
-4.118750
21
37.750000
31
0.0
0
LINE
8
right
10
59.055202
20
0.175000
30
0.0
11
59.414175
21
0.175000
31
0.0
0
LINE
8
right
10
59.414175
20
0.175000
30
0.0
11
59.770415
21
0.175000
31
0.0
0
LINE
8
right
10
59.770415
20
0.175000
30
0.0
11
60.121213
21
0.175000
31
0.0
0
LINE
8
right
10
60.121213
20
0.175000
30
0.0
11
60.463897
21
0.175000
31
0.0
0
LINE
8
right
10
60.463897
20
0.175000
30
0.0
11
60.795861
21
0.175000
31
0.0
0
LINE
8
right
10
60.795861
20
0.175000
30
0.0
11
61.114577
21
0.175000
31
0.0
0
LINE
8
right
10
61.114577
20
0.175000
30
0.0
11
61.417620
21
0.175000
31
0.0
0
LINE
8
right
10
61.417620
20
0.175000
30
0.0
11
61.702683
21
0.175000
31
0.0
0
LINE
8
right
10
61.702683
20
0.175000
30
0.0
11
61.967598
21
0.175000
31
0.0
0
LINE
8
right
10
61.967598
20
0.175000
30
0.0
11
62.210347
21
0.175000
31
0.0
0
LINE
8
right
10
62.210347
20
0.175000
30
0.0
11
62.429084
21
0.175000
31
0.0
0
LINE
8
right
10
62.429084
20
0.175000
30
0.0
11
62.622144
21
0.175000
31
0.0
0
LINE
8
right
10
62.622144
20
0.175000
30
0.0
11
62.788057
21
0.175000
31
0.0
0
LINE
8
right
10
62.788057
20
0.175000
30
0.0
11
62.925561
21
0.175000
31
0.0
0
LINE
8
right
10
62.925561
20
0.175000
30
0.0
11
63.033609
21
0.175000
31
0.0
0
LINE
8
right
10
63.033609
20
0.175000
30
0.0
11
63.111379
21
0.175000
31
0.0
0
LINE
8
right
10
63.111379
20
0.175000
30
0.0
11
63.158279
21
0.175000
31
0.0
0
LINE
8
right
10
63.158279
20
0.175000
30
0.0
11
63.173952
21
0.175000
31
0.0
0
LINE
8
right
10
63.173952
20
0.175000
30
0.0
11
63.158279
21
0.175000
31
0.0
0
LINE
8
right
10
63.158279
20
0.175000
30
0.0
11
63.111379
21
0.175000
31
0.0
0
LINE
8
right
10
63.111379
20
0.175000
30
0.0
11
63.033609
21
0.175000
31
0.0
0
LINE
8
right
10
63.033609
20
0.175000
30
0.0
11
62.925561
21
0.175000
31
0.0
0
LINE
8
right
10
62.925561
20
0.175000
30
0.0
11
62.788057
21
0.175000
31
0.0
0
LINE
8
right
10
62.788057
20
0.175000
30
0.0
11
62.622144
21
0.175000
31
0.0
0
LINE
8
right
10
62.622144
20
0.175000
30
0.0
11
62.429084
21
0.175000
31
0.0
0
LINE
8
right
10
62.429084
20
0.175000
30
0.0
11
62.210347
21
0.175000
31
0.0
0
LINE
8
right
10
62.210347
20
0.175000
30
0.0
11
61.967598
21
0.175000
31
0.0
0
LINE
8
right
10
61.967598
20
0.175000
30
0.0
11
61.702683
21
0.175000
31
0.0
0
LINE
8
right
10
61.702683
20
0.175000
30
0.0
11
61.417620
21
0.175000
31
0.0
0
LINE
8
right
10
61.417620
20
0.175000
30
0.0
11
61.114577
21
0.175000
31
0.0
0
LINE
8
right
10
61.114577
20
0.175000
30
0.0
11
60.795861
21
0.175000
31
0.0
0
LINE
8
right
10
60.795861
20
0.175000
30
0.0
11
60.463897
21
0.175000
31
0.0
0
LINE
8
right
10
60.463897
20
0.175000
30
0.0
11
60.121213
21
0.175000
31
0.0
0
LINE
8
right
10
60.121213
20
0.175000
30
0.0
11
59.770415
21
0.175000
31
0.0
0
LINE
8
right
10
59.770415
20
0.175000
30
0.0
11
59.414175
21
0.175000
31
0.0
0
LINE
8
right
10
59.414175
20
0.175000
30
0.0
11
59.055202
21
0.175000
31
0.0
0
LINE
8
right
10
59.055202
20
0.175000
30
0.0
11
58.696229
21
0.175000
31
0.0
0
LINE
8
right
10
58.696229
20
0.175000
30
0.0
11
58.339988
21
0.175000
31
0.0
0
LINE
8
right
10
58.339988
20
0.175000
30
0.0
11
57.989191
21
0.175000
31
0.0
0
LINE
8
right
10
57.989191
20
0.175000
30
0.0
11
57.646506
21
0.175000
31
0.0
0
LINE
8
right
10
57.646506
20
0.175000
30
0.0
11
57.314543
21
0.175000
31
0.0
0
LINE
8
right
10
57.314543
20
0.175000
30
0.0
11
56.995827
21
0.175000
31
0.0
0
LINE
8
right
10
56.995827
20
0.175000
30
0.0
11
56.692784
21
0.175000
31
0.0
0
LINE
8
right
10
56.692784
20
0.175000
30
0.0
11
56.407720
21
0.175000
31
0.0
0
LINE
8
right
10
56.407720
20
0.175000
30
0.0
11
56.142806
21
0.175000
31
0.0
0
LINE
8
right
10
56.142806
20
0.175000
30
0.0
11
55.900056
21
0.175000
31
0.0
0
LINE
8
right
10
55.900056
20
0.175000
30
0.0
11
55.681319
21
0.175000
31
0.0
0
LINE
8
right
10
55.681319
20
0.175000
30
0.0
11
55.488260
21
0.175000
31
0.0
0
LINE
8
right
10
55.488260
20
0.175000
30
0.0
11
55.322347
21
0.175000
31
0.0
0
LINE
8
right
10
55.322347
20
0.175000
30
0.0
11
55.184843
21
0.175000
31
0.0
0
LINE
8
right
10
55.184843
20
0.175000
30
0.0
11
55.076795
21
0.175000
31
0.0
0
LINE
8
right
10
55.076795
20
0.175000
30
0.0
11
54.999025
21
0.175000
31
0.0
0
LINE
8
right
10
54.999025
20
0.175000
30
0.0
11
54.952125
21
0.175000
31
0.0
0
LINE
8
right
10
54.952125
20
0.175000
30
0.0
11
54.936452
21
0.175000
31
0.0
0
LINE
8
right
10
54.936452
20
0.175000
30
0.0
11
54.952125
21
0.175000
31
0.0
0
LINE
8
right
10
54.952125
20
0.175000
30
0.0
11
54.999025
21
0.175000
31
0.0
0
LINE
8
right
10
54.999025
20
0.175000
30
0.0
11
55.076795
21
0.175000
31
0.0
0
LINE
8
right
10
55.076795
20
0.175000
30
0.0
11
55.184843
21
0.175000
31
0.0
0
LINE
8
right
10
55.184843
20
0.175000
30
0.0
11
55.322347
21
0.175000
31
0.0
0
LINE
8
right
10
55.322347
20
0.175000
30
0.0
11
55.488260
21
0.175000
31
0.0
0
LINE
8
right
10
55.488260
20
0.175000
30
0.0
11
55.681319
21
0.175000
31
0.0
0
LINE
8
right
10
55.681319
20
0.175000
30
0.0
11
55.900056
21
0.175000
31
0.0
0
LINE
8
right
10
55.900056
20
0.175000
30
0.0
11
56.142806
21
0.175000
31
0.0
0
LINE
8
right
10
56.142806
20
0.175000
30
0.0
11
56.407720
21
0.175000
31
0.0
0
LINE
8
right
10
56.407720
20
0.175000
30
0.0
11
56.692784
21
0.175000
31
0.0
0
LINE
8
right
10
56.692784
20
0.175000
30
0.0
11
56.995827
21
0.175000
31
0.0
0
LINE
8
right
10
56.995827
20
0.175000
30
0.0
11
57.314543
21
0.175000
31
0.0
0
LINE
8
right
10
57.314543
20
0.175000
30
0.0
11
57.646506
21
0.175000
31
0.0
0
LINE
8
right
10
57.646506
20
0.175000
30
0.0
11
57.989191
21
0.175000
31
0.0
0
LINE
8
right
10
57.989191
20
0.175000
30
0.0
11
58.339988
21
0.175000
31
0.0
0
LINE
8
right
10
58.339988
20
0.175000
30
0.0
11
58.696229
21
0.175000
31
0.0
0
LINE
8
right
10
58.696229
20
0.175000
30
0.0
11
59.055202
21
0.175000
31
0.0
0
LINE
8
front
10
4.118750
20
0.175000
30
0.0
11
4.118750
21
-3.000000
31
0.0
0
LINE
8
top
10
4.118750
20
37.750000
30
0.0
11
4.118750
21
37.750000
31
0.0
0
LINE
8
right
10
59.055202
20
0.175000
30
0.0
11
59.055202
21
-3.000000
31
0.0
0
ENDSEC
0
EOF
